{
  "search_metadata": {
    "id": "",
    "status": "Success",
    "json_endpoint": "",
    "created_at": "2020-01-21 14:08:49 UTC",
    "processed_at": "2020-01-21 14:08:49 UTC",
    "google_url": "https://www.google.com/search?q=affiliate+program+amazon+canada&oq=affiliate+program+amazon+canada&sourceid=chrome&ie=UTF-8",
    "raw_html_file": "",
    "total_time_taken": 2.09
  },
  "search_parameters": {
    "engine": "google",
    "q": "affiliate program amazon canada",
    "google_domain": "google.com",
    "device": "desktop"
  },
  "search_information": {
    "organic_results_state": "Results for exact spelling",
    "total_results": 52500000,
    "time_taken_displayed": 0.62,
    "query_displayed": "affiliate program amazon canada"
  },
  "knowledge_graph": {},
  "related_questions": [
    {
      "question": "How do I become an affiliate market with Amazon?",
      "snippet": "Start by scrolling to the bottom of the Amazon home page. You are looking for the “Become an Affiliate Link.” That should lead you to the splash page with lots of information about the Amazon Affiliate program. Click the “Join Now” button to get started.Jul 5, 2018",
      "title": "How to Use Amazon Affiliate Marketing: A Step by Step Guide ...",
      "link": "https://smallbiztrends.com/2017/01/become-an-amazon-affiliate.html",
      "displayed_link": "smallbiztrends.com › 2017/01 › become-an-amazon-affiliate"
    },
    {
      "question": "How much does an Amazon affiliate make?",
      "snippet": "You can make anywhere from $0 to $25,000 per month. Will you make $25,000 per month if you're just starting out? You'll be lucky to make $5 in your first month or two. However as you learn, grow, create more sites, and write more content it's definitely possible to get to a high level of income from Amazon Affiliate.Feb 25, 2018",
      "title": "How much can you make with Amazon's affiliate program? - Quora",
      "link": "https://www.quora.com/How-much-can-you-make-with-Amazons-affiliate-program",
      "displayed_link": "www.quora.com › How-much-can-you-make-with-Amazons-affiliate-pr..."
    },
    {
      "question": "Does Amazon affiliate pay for clicks?",
      "snippet": "How Much Does Amazon Affiliate Pay Per Click? Amazon pays per action. You will be paid when someone buys a product through your link, not when they click. If you convert your audience well, you could be making several dollars per click.Aug 30, 2019",
      "title": "19 Creative Ways To Increase Amazon Affiliate Earnings In 2019",
      "link": "https://www.nichepursuits.com/increase-amazon-affiliate-earnings/",
      "displayed_link": "www.nichepursuits.com › increase-amazon-affiliate-earnings"
    },
    {
      "question": "Does Target have an affiliate program?",
      "snippet": "No, there is no charge to join the Target affiliate program. It is free to sign up, and free to add banners, widgets and links to your site.",
      "title": "FAQ - Target Affiliates : Join Today and Start Earning",
      "link": "http://affiliate.target.com/?q=faq",
      "displayed_link": "affiliate.target.com › ..."
    }
  ],
  "organic_results": [
    {
      "position": 1,
      "title": "Amazon.ca Associates: The web's most popular and ...",
      "link": "https://associates.amazon.ca/",
      "displayed_link": "associates.amazon.ca",
      "snippet": "Amazon.ca Associates: The web's most popular and successful Affiliate Program. Get up and running today. Just one approval to join — no third-party advertiser approvals.",
      "sitelinks": {
        "expanded": [
          {
            "title": "Frequently Asked Questions",
            "link": "https://associates.amazon.ca/welcome/faq",
            "snippet": "Frequently Asked Questions. 1. How do I get started? Read the ..."
          },
          {
            "title": "Amazon.ca Associates Central",
            "link": "https://associates.amazon.ca/help/operating/schedule",
            "snippet": "Table 1 - Fixed Standard Program Fee Rates for Specific Product ..."
          },
          {
            "title": "Get Started Tour",
            "link": "https://associates.amazon.ca/welcome/getstarted",
            "snippet": "Click the Continue button to keep exploring the Get Started Tour ..."
          },
          {
            "title": "Tools",
            "link": "https://associates.amazon.ca/welcome/topic/tools",
            "snippet": "The Amazon Associate Program has a variety of tools that helps ..."
          },
          {
            "title": "Associates Program Policies",
            "link": "https://associates.amazon.ca/help/operating/policies",
            "snippet": "These Associates Program policies (“Program Policies”) are ..."
          }
        ]
      },
      "cached_page_link": "https://webcache.googleusercontent.com/search?q=cache:37OCv-k0-4EJ:https://associates.amazon.ca/+&cd=1&hl=en&ct=clnk&gl=us",
      "related_pages_link": "https://www.google.com/search?q=related:https://associates.amazon.ca/+affiliate+program+amazon+canada&tbo=1&sa=X&ved=2ahUKEwjLkZ6U75TnAhUCKawKHSs-Du8QHzAAegQIBxAI"
    },
    {
      "position": 2,
      "title": "Amazon Affiliate Program - Amazon.com",
      "link": "https://affiliate-program.amazon.com/",
      "displayed_link": "affiliate-program.amazon.com",
      "snippet": "Join the Amazon.com Associates Program and start earning money today. The Amazon Associates Program is one of the largest and most successful online ...",
      "sitelinks": {
        "inline": [
          {
            "title": "Associates Program - Fee",
            "link": "https://affiliate-program.amazon.com/help/operating/policies"
          },
          {
            "title": "Learn More",
            "link": "https://affiliate-program.amazon.com/help/node/topic/GS3AUD9VVJ4V4TFV"
          },
          {
            "title": "Fee Schedule",
            "link": "https://affiliate-program.amazon.com/help/operating/schedule"
          },
          {
            "title": "Operating Agreement",
            "link": "https://affiliate-program.amazon.com/help/operating/agreement"
          }
        ]
      },
      "cached_page_link": "https://webcache.googleusercontent.com/search?q=cache:QWl122yV-aUJ:https://affiliate-program.amazon.com/+&cd=7&hl=en&ct=clnk&gl=us",
      "related_pages_link": "https://www.google.com/search?q=related:https://affiliate-program.amazon.com/+affiliate+program+amazon+canada&tbo=1&sa=X&ved=2ahUKEwjLkZ6U75TnAhUCKawKHSs-Du8QHzAGegQIBhAH"
    },
    {
      "position": 3,
      "title": "Everything You Need to Know About the Amazon Affiliate ...",
      "link": "https://blog.hubspot.com/sales/amazon-affiliate",
      "displayed_link": "blog.hubspot.com › sales › amazon-affiliate",
      "date": "Mar 8, 2019",
      "snippet": "The Amazon Affiliate program, or Amazon Associates, is an affiliate marketing program. It's free for website owners and bloggers to become Amazon Associates. They advertise products from Amazon.com on their sites by creating links. When customers click the links and buy products from Amazon, they earn referral fees.",
      "cached_page_link": "https://webcache.googleusercontent.com/search?q=cache:JPfWWDQp_rIJ:https://blog.hubspot.com/sales/amazon-affiliate+&cd=16&hl=en&ct=clnk&gl=us"
    },
    {
      "position": 4,
      "title": "How to do affiliate marketing with a Canada Amazon affiliate ...",
      "link": "https://www.quora.com/How-can-I-do-affiliate-marketing-with-a-Canada-Amazon-affiliate-account-in-the-US",
      "displayed_link": "www.quora.com › How-can-I-do-affiliate-marketing-with-a-Canada-Am...",
      "snippet": "If you are asking if you can earn a commision from Amazon.ca through your visitors who buy from Amazon US, the answer is no. However, you should be able to apply for an Amazon US affiliate account. There is no guarantee that you will get it but under normal circumstances, you should be able to.",
      "rich_snippet": {
        "top": {
          "detected_extensions": {
            "answers": 4
          },
          "extensions": [
            "4 answers"
          ]
        }
      }
    },
    {
      "position": 5,
      "title": "Can you send a customer to Amazon.com from an Amazon.ca affiliate ...",
      "link": "https://www.quora.com/Can-you-send-a-customer-to-Amazon-com-from-an-Amazon-ca-affiliate-link",
      "displayed_link": "www.quora.com › Can-you-send-a-customer-to-Amazon-com-from-an-...",
      "snippet": "Each Amazon marketpace's affiliate program requires a unique affiliate id in the URL. So if you have a link with your Amazon .com affiliate ID in it to Amazon .ca ...",
      "rich_snippet": {
        "top": {
          "detected_extensions": {
            "answers": 3
          },
          "extensions": [
            "3 answers"
          ]
        }
      }
    },
    {
      "position": 6,
      "title": "Amazon.ae Associates: The web's most popular and ...",
      "link": "https://affiliate-program.amazon.ae/",
      "displayed_link": "affiliate-program.amazon.ae",
      "snippet": "The Amazon Associates Program is one of the largest and most successful online affiliate programs, with over 900000 members joining worldwide. If you are a ...",
      "cached_page_link": "https://webcache.googleusercontent.com/search?q=cache:w7xoP472Xg4J:https://affiliate-program.amazon.ae/+&cd=19&hl=en&ct=clnk&gl=us"
    },
    {
      "position": 7,
      "title": "How to Join Amazon Associates – Canada - Fractions Visually",
      "link": "https://fractionsvisually.com/how-to-join-amazon-associates-canada/",
      "displayed_link": "fractionsvisually.com › how-to-join-amazon-associates-canada",
      "date": "Feb 14, 2019",
      "snippet": "Step-by-step guide tutorial guide on how to join the Amazon Associates affiliate program."
    }
  ],
  "related_searches": [
    {
      "query": "amazon affiliate store",
      "link": "https://www.google.com/search?q=amazon+affiliate+store&sa=X&ved=2ahUKEwjLkZ6U75TnAhUCKawKHSs-Du8Q1QIoAHoECAgQAQ"
    },
    {
      "query": "amazon affiliate program",
      "link": "https://www.google.com/search?q=amazon+affiliate+program&sa=X&ved=2ahUKEwjLkZ6U75TnAhUCKawKHSs-Du8Q1QIoAXoECAgQAg"
    },
    {
      "query": "amazon affiliate commission rate",
      "link": "https://www.google.com/search?q=amazon+affiliate+commission+rate&sa=X&ved=2ahUKEwjLkZ6U75TnAhUCKawKHSs-Du8Q1QIoAnoECAgQAw"
    },
    {
      "query": "amazon affiliate earnings",
      "link": "https://www.google.com/search?q=amazon+affiliate+earnings&sa=X&ved=2ahUKEwjLkZ6U75TnAhUCKawKHSs-Du8Q1QIoA3oECAgQBA"
    },
    {
      "query": "amazon affiliate requirements",
      "link": "https://www.google.com/search?q=amazon+affiliate+requirements&sa=X&ved=2ahUKEwjLkZ6U75TnAhUCKawKHSs-Du8Q1QIoBHoECAgQBQ"
    },
    {
      "query": "affiliate marketing",
      "link": "https://www.google.com/search?q=affiliate+marketing&sa=X&ved=2ahUKEwjLkZ6U75TnAhUCKawKHSs-Du8Q1QIoBXoECAgQBg"
    },
    {
      "query": "amazon affiliate colorado",
      "link": "https://www.google.com/search?q=amazon+affiliate+colorado&sa=X&ved=2ahUKEwjLkZ6U75TnAhUCKawKHSs-Du8Q1QIoBnoECAgQBw"
    },
    {
      "query": "amazon affiliate louisiana",
      "link": "https://www.google.com/search?q=amazon+affiliate+louisiana&sa=X&ved=2ahUKEwjLkZ6U75TnAhUCKawKHSs-Du8Q1QIoB3oECAgQCA"
    }
  ],
  "pagination": {
    "current": 1,
    "next": "https://www.google.com/search?q=affiliate+program+amazon+canada&ei=8wUnXovMAYLSsAWr_Lj4Dg&start=10&sa=N&ved=2ahUKEwjLkZ6U75TnAhUCKawKHSs-Du8Q8NMDegQIChBA",
    "other_pages": {
      "2": "https://www.google.com/search?q=affiliate+program+amazon+canada&ei=8wUnXovMAYLSsAWr_Lj4Dg&start=10&sa=N&ved=2ahUKEwjLkZ6U75TnAhUCKawKHSs-Du8Q8tMDegQIChAu",
      "3": "https://www.google.com/search?q=affiliate+program+amazon+canada&ei=8wUnXovMAYLSsAWr_Lj4Dg&start=20&sa=N&ved=2ahUKEwjLkZ6U75TnAhUCKawKHSs-Du8Q8tMDegQIChAw",
      "4": "https://www.google.com/search?q=affiliate+program+amazon+canada&ei=8wUnXovMAYLSsAWr_Lj4Dg&start=30&sa=N&ved=2ahUKEwjLkZ6U75TnAhUCKawKHSs-Du8Q8tMDegQIChAy",
      "5": "https://www.google.com/search?q=affiliate+program+amazon+canada&ei=8wUnXovMAYLSsAWr_Lj4Dg&start=40&sa=N&ved=2ahUKEwjLkZ6U75TnAhUCKawKHSs-Du8Q8tMDegQIChA0",
      "6": "https://www.google.com/search?q=affiliate+program+amazon+canada&ei=8wUnXovMAYLSsAWr_Lj4Dg&start=50&sa=N&ved=2ahUKEwjLkZ6U75TnAhUCKawKHSs-Du8Q8tMDegQIChA2",
      "7": "https://www.google.com/search?q=affiliate+program+amazon+canada&ei=8wUnXovMAYLSsAWr_Lj4Dg&start=60&sa=N&ved=2ahUKEwjLkZ6U75TnAhUCKawKHSs-Du8Q8tMDegQIChA4",
      "8": "https://www.google.com/search?q=affiliate+program+amazon+canada&ei=8wUnXovMAYLSsAWr_Lj4Dg&start=70&sa=N&ved=2ahUKEwjLkZ6U75TnAhUCKawKHSs-Du8Q8tMDegQIChA6",
      "9": "https://www.google.com/search?q=affiliate+program+amazon+canada&ei=8wUnXovMAYLSsAWr_Lj4Dg&start=80&sa=N&ved=2ahUKEwjLkZ6U75TnAhUCKawKHSs-Du8Q8tMDegQIChA8",
      "10": "https://www.google.com/search?q=affiliate+program+amazon+canada&ei=8wUnXovMAYLSsAWr_Lj4Dg&start=90&sa=N&ved=2ahUKEwjLkZ6U75TnAhUCKawKHSs-Du8Q8tMDegQIChA-"
    }
  },
  "serpapi_pagination": {
    "current": 1,
    "next_link": "https://serpapi.com/search.json?device=desktop&engine=google&google_domain=google.com&q=affiliate+program+amazon+canada&start=10&token=34c549c7aeac3621",
    "next": "https://serpapi.com/search.json?device=desktop&engine=google&google_domain=google.com&q=affiliate+program+amazon+canada&start=10&token=34c549c7aeac3621",
    "other_pages": {
      "2": "https://serpapi.com/search.json?device=desktop&engine=google&google_domain=google.com&q=affiliate+program+amazon+canada&start=10&token=34c549c7aeac3621",
      "3": "https://serpapi.com/search.json?device=desktop&engine=google&google_domain=google.com&q=affiliate+program+amazon+canada&start=20&token=14c3102714a96deb",
      "4": "https://serpapi.com/search.json?device=desktop&engine=google&google_domain=google.com&q=affiliate+program+amazon+canada&start=30&token=78054e1f65f515dd",
      "5": "https://serpapi.com/search.json?device=desktop&engine=google&google_domain=google.com&q=affiliate+program+amazon+canada&start=40&token=0c3dd0b6a6107e4b",
      "6": "https://serpapi.com/search.json?device=desktop&engine=google&google_domain=google.com&q=affiliate+program+amazon+canada&start=50&token=76245a99c0710ff4",
      "7": "https://serpapi.com/search.json?device=desktop&engine=google&google_domain=google.com&q=affiliate+program+amazon+canada&start=60&token=6089601756b3306f",
      "8": "https://serpapi.com/search.json?device=desktop&engine=google&google_domain=google.com&q=affiliate+program+amazon+canada&start=70&token=14612b7e18fde2e6",
      "9": "https://serpapi.com/search.json?device=desktop&engine=google&google_domain=google.com&q=affiliate+program+amazon+canada&start=80&token=7e0f6c9dd6d0cb5f",
      "10": "https://serpapi.com/search.json?device=desktop&engine=google&google_domain=google.com&q=affiliate+program+amazon+canada&start=90&token=29a8f082ce2d4bce"
    }
  }
}