{
  "search_metadata": {
    "id": "",
    "status": "Success",
    "json_endpoint": "",
    "created_at": "2020-01-21 14:12:53 UTC",
    "processed_at": "2020-01-21 14:12:53 UTC",
    "google_url": "https://www.google.com/search?q=affiliate+income&oq=affiliate+income&sourceid=chrome&ie=UTF-8",
    "raw_html_file": "",
    "total_time_taken": 2.3
  },
  "search_parameters": {
    "engine": "google",
    "q": "affiliate income",
    "google_domain": "google.com",
    "device": "desktop"
  },
  "search_information": {
    "organic_results_state": "Results for exact spelling",
    "total_results": 149000000,
    "time_taken_displayed": 0.57,
    "query_displayed": "affiliate income"
  },
  "knowledge_graph": {
    "see_more_about": [
      {
        "title": null
      },
      {
        "title": null
      },
      {
        "title": null
      },
      {
        "title": null
      }
    ]
  },
  "related_questions": [
    {
      "question": "How do you make money as an affiliate?",
      "snippet": "How To Make Money In Affiliate MarketingBe Patient. There are many affiliate marketing works. ... Choose More Attractive Products. ... Use Several Traffic Sources. ... Attract Targeted Traffic. ... Test, Measure, and Track. ... Research Product Demand. ... Follow New Methods and Techniques. ... Select The Right Advertiser.More items...•Feb 22, 2018",
      "title": "How To Make Money Through Affiliate Marketing - App Samurai",
      "link": "https://appsamurai.com/how-to-make-money-through-affiliate-marketing/",
      "displayed_link": "appsamurai.com › how-to-make-money-through-affiliate-marketing"
    },
    {
      "question": "How do affiliate marketers make money for beginners?",
      "snippet": "Here's a quick recap of what you need to do:Choose your niche.Research different affiliate programs and products.Build a site.Produce excellent content.Build an audience.Promote your affiliate product(s).Repeat steps #4–7 on a continual basis!Oct 17, 2018",
      "title": "Affiliate Marketing for Beginners: How to Make Your First Affiliate ...",
      "link": "https://www.affilorama.com/blog/first-affiliate-marketing-sale",
      "displayed_link": "www.affilorama.com › blog › first-affiliate-marketing-sale"
    },
    {
      "question": "What does it mean to be an affiliate?",
      "snippet": "Definition: A way for a company to sell its products by signing up individuals or companies (\"affiliates\") who market the company's products for a commission. There are two ways to approach affiliate marketing: You can offer an affiliate program to others or you can sign up to be another business's affiliate.",
      "title": "Affiliate Marketing Definition - Entrepreneur Small Business ...",
      "link": "https://www.entrepreneur.com/encyclopedia/affiliate-marketing",
      "displayed_link": "www.entrepreneur.com › encyclopedia › affiliate-marketing"
    },
    {
      "question": "How does an affiliate program work?",
      "snippet": "Simply put, affiliate programs, also called associate programs, are arrangements in which an online merchant Web site pays affiliate Web sites a commission to send them traffic. These affiliate Web sites post links to the merchant site and are paid according to a particular agreement.",
      "title": "What Are Affiliate Programs? - How Affiliate Programs Work ...",
      "link": "https://money.howstuffworks.com/affiliate-program1.htm",
      "displayed_link": "money.howstuffworks.com › affiliate-program1"
    }
  ],
  "answer_box": {
    "type": "organic_result",
    "title": "Affiliate Marketing Made Simple: A Step-by-Step Guide",
    "link": "https://neilpatel.com/what-is-affiliate-marketing/",
    "snippet": "Affiliate marketing is the process of earning a commission by promoting other people's (or company's) products. You find a product you like, promote it to others and earn a piece of the profit for each sale that you make."
  },
  "organic_results": [
    {
      "position": 1,
      "title": "Affiliate Marketing Made Simple: A Step-by-Step Guide",
      "link": "https://neilpatel.com/what-is-affiliate-marketing/",
      "displayed_link": "neilpatel.com › what-is-affiliate-marketing",
      "snippet": "Affiliate marketing is the process of earning a commission by promoting other people's (or company's) products. You find a product you like, promote it to others and earn a piece of the profit for each sale that you make.",
      "rich_snippet": {
        "bottom": {
          "questions": [
            "What is affiliate marketing?",
            "How much money can you make as an affiliate marketer?",
            "What are some of the most popular affilaite networks?",
            "Is affiliate marketing a pyramid scheme?"
          ]
        }
      }
    },
    {
      "position": 2,
      "title": "How to Start Affiliate Marketing: The Ultimate Guide (2020)",
      "link": "https://www.blogtyrant.com/affiliate-income/",
      "displayed_link": "www.blogtyrant.com › affiliate-income",
      "date": "Jan 2, 2020",
      "snippet": "There's a huge potential for you to make a big income with affiliate marketing if and only if you follow the right strategy. Here are the exact steps ...",
      "cached_page_link": "https://webcache.googleusercontent.com/search?q=cache:3vlIX1OXZiIJ:https://www.blogtyrant.com/affiliate-income/+&cd=13&hl=en&ct=clnk&gl=us"
    },
    {
      "position": 3,
      "title": "How to Make Money with Affiliate Marketing in 2020 ($150k/yr)",
      "link": "https://onlinemediamasters.com/how-to-make-money-with-affiliate-marketing/",
      "displayed_link": "onlinemediamasters.com › how-to-make-money-with-affiliate-marketing",
      "date": "Dec 31, 2019",
      "snippet": "90% of my affiliate income comes from referring people to SiteGround, a hosting company who awarded me affiliate of the month in July, 2017.",
      "rich_snippet": {
        "bottom": {
          "questions": [
            "How much money can I make with affiliate marketing?",
            "How long does it take to make consistent income?",
            "How do affiliates get paid?",
            "What are the most profitable affiliate programs?",
            "Is affiliate marketing passive income?",
            "How do I create an affiliate link?"
          ]
        }
      }
    },
    {
      "position": 4,
      "title": "Affiliate Marketing in 2020: FREE Guide for Beginners",
      "link": "https://smartblogger.com/affiliate-marketing/",
      "displayed_link": "smartblogger.com › affiliate-marketing",
      "date": "Nov 8, 2019",
      "snippet": "If you'd like to make passive income with affiliate marketing, this post is going to become your new Bible. Not only am I going to teach you the ...",
      "cached_page_link": "https://webcache.googleusercontent.com/search?q=cache:qi3DXERNuQYJ:https://smartblogger.com/affiliate-marketing/+&cd=16&hl=en&ct=clnk&gl=us",
      "related_pages_link": "https://www.google.com/search?q=related:https://smartblogger.com/affiliate-marketing/+affiliate+income&tbo=1&sa=X&ved=2ahUKEwixvNWI8JTnAhUDJTQIHdZEBzgQHzAPegQIARAJ"
    },
    {
      "position": 5,
      "title": "How to Make Money While You Sleep With Affiliate Marketing",
      "link": "https://optinmonster.com/get-started-with-affiliate-marketing/",
      "displayed_link": "optinmonster.com › get-started-with-affiliate-marketing",
      "date": "Jan 3, 2020",
      "snippet": "In this post, we're going to teach you how to generate passive income with successful affiliate marketing. If you're brand new to it, this post will ...",
      "cached_page_link": "https://webcache.googleusercontent.com/search?q=cache:tfZ0n3ZEtykJ:https://optinmonster.com/get-started-with-affiliate-marketing/+&cd=17&hl=en&ct=clnk&gl=us"
    },
    {
      "position": 6,
      "title": "Affiliate Marketing - How to Increase Your Income by ...",
      "link": "https://www.smartpassiveincome.com/guide/affiliate-marketing-strategies/",
      "displayed_link": "www.smartpassiveincome.com › guide › affiliate-marketing-strategies",
      "date": "Dec 21, 2019",
      "snippet": "Great affiliate marketing means asking the question \"how can I be serving my audience?\" Increase your income by recommending key products ...",
      "cached_page_link": "https://webcache.googleusercontent.com/search?q=cache:--QO0HR2JXQJ:https://www.smartpassiveincome.com/guide/affiliate-marketing-strategies/+&cd=18&hl=en&ct=clnk&gl=us"
    },
    {
      "position": 7,
      "title": "3 Types of Affiliate Marketing Explained—and The One I Profit ...",
      "link": "https://www.smartpassiveincome.com/3-types-of-affiliate-marketing-explained-and-the-one-i-profit-from/",
      "displayed_link": "www.smartpassiveincome.com › 3-types-of-affiliate-marketing-explai...",
      "date": "Oct 8, 2018",
      "snippet": "Affiliate marketing is a large part of the Smart Passive Income business. I'm here to share the three types of affiliate marketing that have worked ...",
      "cached_page_link": "https://webcache.googleusercontent.com/search?q=cache:FcpF8Cs747EJ:https://www.smartpassiveincome.com/3-types-of-affiliate-marketing-explained-and-the-one-i-profit-from/+&cd=19&hl=en&ct=clnk&gl=us",
      "related_pages_link": "https://www.google.com/search?q=related:https://www.smartpassiveincome.com/3-types-of-affiliate-marketing-explained-and-the-one-i-profit-from/+affiliate+income&tbo=1&sa=X&ved=2ahUKEwixvNWI8JTnAhUDJTQIHdZEBzgQHzASegQICRAJ"
    },
    {
      "position": 8,
      "title": "Can You Really Make Money with Affiliate Marketing?",
      "link": "https://www.thebalancesmb.com/can-you-really-make-money-with-affiliate-marketing-1794168",
      "displayed_link": "www.thebalancesmb.com › ... › Home Business Ideas › Ideas",
      "snippet": "Affiliate marketing is a logical and flexible sales model that creates multiple income streams.3﻿ However, it is not an easy, get-rich-quick model of income.",
      "cached_page_link": "https://webcache.googleusercontent.com/search?q=cache:aCOscJyPEbkJ:https://www.thebalancesmb.com/can-you-really-make-money-with-affiliate-marketing-1794168+&cd=20&hl=en&ct=clnk&gl=us"
    }
  ],
  "related_search_boxes": [
    {
      "position": 1,
      "query": "Tools for affiliate marketingView 3+ moreView 3+",
      "results": []
    },
    {
      "position": 2,
      "query": "Top affiliate marketing platforms",
      "results": []
    }
  ],
  "related_searches": [
    {
      "query": "amazon affiliate income",
      "link": "https://www.google.com/search?q=amazon+affiliate+income&sa=X&ved=2ahUKEwixvNWI8JTnAhUDJTQIHdZEBzgQ1QIoAHoECBYQAQ"
    },
    {
      "query": "how to start affiliate marketing",
      "link": "https://www.google.com/search?q=how+to+start+affiliate+marketing&sa=X&ved=2ahUKEwixvNWI8JTnAhUDJTQIHdZEBzgQ1QIoAXoECBYQAg"
    },
    {
      "query": "affiliate marketing for beginners",
      "link": "https://www.google.com/search?q=affiliate+marketing+for+beginners&sa=X&ved=2ahUKEwixvNWI8JTnAhUDJTQIHdZEBzgQ1QIoAnoECBYQAw"
    },
    {
      "query": "affiliate marketing companies",
      "link": "https://www.google.com/search?q=affiliate+marketing+companies&sa=X&ved=2ahUKEwixvNWI8JTnAhUDJTQIHdZEBzgQ1QIoA3oECBYQBA"
    },
    {
      "query": "affiliate marketing amazon",
      "link": "https://www.google.com/search?q=affiliate+marketing+amazon&sa=X&ved=2ahUKEwixvNWI8JTnAhUDJTQIHdZEBzgQ1QIoBHoECBYQBQ"
    },
    {
      "query": "affiliate marketing examples",
      "link": "https://www.google.com/search?q=affiliate+marketing+examples&sa=X&ved=2ahUKEwixvNWI8JTnAhUDJTQIHdZEBzgQ1QIoBXoECBYQBg"
    },
    {
      "query": "what is affiliate marketing",
      "link": "https://www.google.com/search?q=what+is+affiliate+marketing&sa=X&ved=2ahUKEwixvNWI8JTnAhUDJTQIHdZEBzgQ1QIoBnoECBYQBw"
    },
    {
      "query": "affiliate programs",
      "link": "https://www.google.com/search?q=affiliate+programs&sa=X&ved=2ahUKEwixvNWI8JTnAhUDJTQIHdZEBzgQ1QIoB3oECBYQCA"
    }
  ],
  "pagination": {
    "current": 1,
    "next": "https://www.google.com/search?q=affiliate+income&ei=5wYnXvGsDIPK0PEP1omdwAM&start=10&sa=N&ved=2ahUKEwixvNWI8JTnAhUDJTQIHdZEBzgQ8NMDegQIFRBA",
    "other_pages": {
      "2": "https://www.google.com/search?q=affiliate+income&ei=5wYnXvGsDIPK0PEP1omdwAM&start=10&sa=N&ved=2ahUKEwixvNWI8JTnAhUDJTQIHdZEBzgQ8tMDegQIFRAu",
      "3": "https://www.google.com/search?q=affiliate+income&ei=5wYnXvGsDIPK0PEP1omdwAM&start=20&sa=N&ved=2ahUKEwixvNWI8JTnAhUDJTQIHdZEBzgQ8tMDegQIFRAw",
      "4": "https://www.google.com/search?q=affiliate+income&ei=5wYnXvGsDIPK0PEP1omdwAM&start=30&sa=N&ved=2ahUKEwixvNWI8JTnAhUDJTQIHdZEBzgQ8tMDegQIFRAy",
      "5": "https://www.google.com/search?q=affiliate+income&ei=5wYnXvGsDIPK0PEP1omdwAM&start=40&sa=N&ved=2ahUKEwixvNWI8JTnAhUDJTQIHdZEBzgQ8tMDegQIFRA0",
      "6": "https://www.google.com/search?q=affiliate+income&ei=5wYnXvGsDIPK0PEP1omdwAM&start=50&sa=N&ved=2ahUKEwixvNWI8JTnAhUDJTQIHdZEBzgQ8tMDegQIFRA2",
      "7": "https://www.google.com/search?q=affiliate+income&ei=5wYnXvGsDIPK0PEP1omdwAM&start=60&sa=N&ved=2ahUKEwixvNWI8JTnAhUDJTQIHdZEBzgQ8tMDegQIFRA4",
      "8": "https://www.google.com/search?q=affiliate+income&ei=5wYnXvGsDIPK0PEP1omdwAM&start=70&sa=N&ved=2ahUKEwixvNWI8JTnAhUDJTQIHdZEBzgQ8tMDegQIFRA6",
      "9": "https://www.google.com/search?q=affiliate+income&ei=5wYnXvGsDIPK0PEP1omdwAM&start=80&sa=N&ved=2ahUKEwixvNWI8JTnAhUDJTQIHdZEBzgQ8tMDegQIFRA8",
      "10": "https://www.google.com/search?q=affiliate+income&ei=5wYnXvGsDIPK0PEP1omdwAM&start=90&sa=N&ved=2ahUKEwixvNWI8JTnAhUDJTQIHdZEBzgQ8tMDegQIFRA-"
    }
  },
  "serpapi_pagination": {
    "current": 1,
    "next_link": "https://serpapi.com/search.json?device=desktop&engine=google&google_domain=google.com&q=affiliate+income&start=10&token=ed33e1b0e16f0bbf",
    "next": "https://serpapi.com/search.json?device=desktop&engine=google&google_domain=google.com&q=affiliate+income&start=10&token=ed33e1b0e16f0bbf",
    "other_pages": {
      "2": "https://serpapi.com/search.json?device=desktop&engine=google&google_domain=google.com&q=affiliate+income&start=10&token=ed33e1b0e16f0bbf",
      "3": "https://serpapi.com/search.json?device=desktop&engine=google&google_domain=google.com&q=affiliate+income&start=20&token=481a2c0e726b0b73",
      "4": "https://serpapi.com/search.json?device=desktop&engine=google&google_domain=google.com&q=affiliate+income&start=30&token=703ba3207fb41e01",
      "5": "https://serpapi.com/search.json?device=desktop&engine=google&google_domain=google.com&q=affiliate+income&start=40&token=f61932ba3e88b151",
      "6": "https://serpapi.com/search.json?device=desktop&engine=google&google_domain=google.com&q=affiliate+income&start=50&token=bc9654f04b010da4",
      "7": "https://serpapi.com/search.json?device=desktop&engine=google&google_domain=google.com&q=affiliate+income&start=60&token=e1214a981c34c00b",
      "8": "https://serpapi.com/search.json?device=desktop&engine=google&google_domain=google.com&q=affiliate+income&start=70&token=888187a50d51567c",
      "9": "https://serpapi.com/search.json?device=desktop&engine=google&google_domain=google.com&q=affiliate+income&start=80&token=e248859c552d304a",
      "10": "https://serpapi.com/search.json?device=desktop&engine=google&google_domain=google.com&q=affiliate+income&start=90&token=ab1ce9c505e31307"
    }
  }
}