{
  "search_metadata": {
    "id": "",
    "status": "Success",
    "json_endpoint": "",
    "created_at": "2020-01-21 14:07:23 UTC",
    "processed_at": "2020-01-21 14:07:23 UTC",
    "google_url": "https://www.google.com/search?q=affiliate+thesaurus&oq=affiliate+thesaurus&sourceid=chrome&ie=UTF-8",
    "raw_html_file": "",
    "total_time_taken": 1.68
  },
  "search_parameters": {
    "engine": "google",
    "q": "affiliate thesaurus",
    "google_domain": "google.com",
    "device": "desktop"
  },
  "search_information": {
    "organic_results_state": "Results for exact spelling",
    "total_results": 919000,
    "time_taken_displayed": 0.47,
    "query_displayed": "affiliate thesaurus"
  },
  "knowledge_graph": {},
  "related_questions": [
    {
      "question": "What is the synonym of associate?",
      "snippet": "cohort, companion, compatriot, compeer, comrade, crony, fellow, hobnobber, mate, running mate. Words Related to associate. colleague, coworker, equal, peer, workmate. accomplice, affiliate, ally, collaborator, confederate, half, partner. buddy, chum, confidant, familiar, friend, hearty, intimate, pal.",
      "title": "Synonyms and Antonyms of associate - Merriam-Webster",
      "link": "https://www.merriam-webster.com/thesaurus/associate",
      "displayed_link": "www.merriam-webster.com › thesaurus › associate"
    },
    {
      "question": "What is the synonym of compelled?",
      "snippet": "blackjack, coerce, constrain, dragoon, drive, force, impel, impress, make, muscle, obligate, oblige, press, pressure, sandbag. Words Related to compel. browbeat, bulldoze, bully, cow, hector, intimidate.",
      "title": "Compel Synonyms, Compel Antonyms | Merriam-Webster Thesaurus",
      "link": "https://www.merriam-webster.com/thesaurus/compel",
      "displayed_link": "www.merriam-webster.com › thesaurus › compel"
    },
    {
      "question": "What is the synonym of amiable?",
      "snippet": "affable, agreeable, genial, good-natured, good-tempered, gracious, mellow, nice, pleasant, sweet, well-disposed. Words Related to amiable. amicable, clever [dialect], cordial, friendly, neighborly.",
      "title": "Amiable Synonyms, Amiable Antonyms | Merriam-Webster Thesaurus",
      "link": "https://www.merriam-webster.com/thesaurus/amiable",
      "displayed_link": "www.merriam-webster.com › thesaurus › amiable"
    },
    {
      "question": "What is an antonym for aghast?",
      "snippet": "Antonyms for (adjective) aghast Main entry: aghast, appalled, shocked, dismayed Definition: struck with fear, dread, or consternation. Antonyms: unafraid, fearless Definition: oblivious of dangers or perils or calmly resolute in facing them.",
      "title": "Antonyms for aghast | English Thesaurus",
      "link": "http://englishthesaurus.net/antonym/aghast",
      "displayed_link": "englishthesaurus.net › antonym › aghast"
    }
  ],
  "organic_results": [
    {
      "position": 1,
      "title": "Affiliate Synonyms, Affiliate Antonyms | Thesaurus.com",
      "link": "https://www.thesaurus.com/browse/affiliate",
      "displayed_link": "www.thesaurus.com › browse › affiliate",
      "snippet": "Affiliate Synonyms, Affiliate Antonyms | Thesaurus.com.",
      "cached_page_link": "https://webcache.googleusercontent.com/search?q=cache:_VFA7cou6ccJ:https://www.thesaurus.com/browse/affiliate+&cd=1&hl=en&ct=clnk&gl=us"
    },
    {
      "position": 2,
      "title": "Affiliates Synonyms, Affiliates Antonyms | Thesaurus.com",
      "link": "https://www.thesaurus.com/browse/affiliates",
      "displayed_link": "www.thesaurus.com › browse › affiliates",
      "snippet": "[ verb uh-fil-ee-eyt; noun uh-fil-ee-it, -eyt ]SEE DEFINITION OF affiliates. ... He affiliates as readily with the Mexican and the Indian as he does with the whites. ... The novice can hardly expect to learn unless he affiliates himself with such groups and attends their meetings.",
      "cached_page_link": "https://webcache.googleusercontent.com/search?q=cache:RKqx97wz_QcJ:https://www.thesaurus.com/browse/affiliates+&cd=2&hl=en&ct=clnk&gl=us"
    },
    {
      "position": 3,
      "title": "Affiliation Synonyms, Affiliation Antonyms | Thesaurus.com",
      "link": "https://www.thesaurus.com/browse/affiliation",
      "displayed_link": "www.thesaurus.com › browse › affiliation",
      "snippet": "Synonyms for affiliation at Thesaurus.com with free online thesaurus, antonyms, and definitions. Find descriptive alternatives for affiliation.",
      "cached_page_link": "https://webcache.googleusercontent.com/search?q=cache:XH1nR7bKfoQJ:https://www.thesaurus.com/browse/affiliation+&cd=3&hl=en&ct=clnk&gl=us"
    },
    {
      "position": 4,
      "title": "Affiliate Synonyms | Merriam-Webster Thesaurus",
      "link": "https://www.merriam-webster.com/thesaurus/affiliate",
      "displayed_link": "www.merriam-webster.com › thesaurus › affiliate",
      "snippet": "5 synonyms of affiliate from the Merriam-Webster Thesaurus, plus 7 related words, definitions, and antonyms. Find another word for affiliate.",
      "cached_page_link": "https://webcache.googleusercontent.com/search?q=cache:6gNSOZekCGYJ:https://www.merriam-webster.com/thesaurus/affiliate+&cd=4&hl=en&ct=clnk&gl=us",
      "related_pages_link": "https://www.google.com/search?q=related:https://www.merriam-webster.com/thesaurus/affiliate+affiliate+thesaurus&tbo=1&sa=X&ved=2ahUKEwiwh-Hq7pTnAhWUyYsBHVsEDzAQHzADegQIChAJ"
    },
    {
      "position": 5,
      "title": "Affiliates Synonyms | Merriam-Webster Thesaurus",
      "link": "https://www.merriam-webster.com/thesaurus/affiliates",
      "displayed_link": "www.merriam-webster.com › thesaurus › affiliates",
      "snippet": "5 synonyms of affiliates from the Merriam-Webster Thesaurus, plus 7 related words, definitions, and antonyms. Find another word for affiliates.",
      "cached_page_link": "https://webcache.googleusercontent.com/search?q=cache:PJShGZe4h5AJ:https://www.merriam-webster.com/thesaurus/affiliates+&cd=5&hl=en&ct=clnk&gl=us"
    },
    {
      "position": 6,
      "title": "What is another word for affiliate? | Affiliate Synonyms ...",
      "link": "https://www.wordhippo.com/what-is/another-word-for/affiliate.html",
      "displayed_link": "www.wordhippo.com › Synonyms",
      "snippet": "Find 770 synonyms for affiliate and other similar words that you can use instead based on 11 separate contexts from our thesaurus.",
      "cached_page_link": "https://webcache.googleusercontent.com/search?q=cache:I5kMACcORtYJ:https://www.wordhippo.com/what-is/another-word-for/affiliate.html+&cd=6&hl=en&ct=clnk&gl=us"
    },
    {
      "position": 7,
      "title": "Affiliate - Power Thesaurus",
      "link": "https://www.powerthesaurus.org/affiliate",
      "displayed_link": "www.powerthesaurus.org › affiliate",
      "snippet": "Affiliate synonyms and Affiliate antonyms. Top synonym for affiliate (another word for affiliate) is associate.",
      "cached_page_link": "https://webcache.googleusercontent.com/search?q=cache:U8gJZAm2-ckJ:https://www.powerthesaurus.org/affiliate+&cd=15&hl=en&ct=clnk&gl=us",
      "related_pages_link": "https://www.google.com/search?q=related:https://www.powerthesaurus.org/affiliate+affiliate+thesaurus&tbo=1&sa=X&ved=2ahUKEwiwh-Hq7pTnAhWUyYsBHVsEDzAQHzAOegQIBRAJ"
    },
    {
      "position": 8,
      "title": "Synonyms for affiliate | Another Word for affiliate - Thesaurus",
      "link": "https://thesaurus.yourdictionary.com/affiliate",
      "displayed_link": "thesaurus.yourdictionary.com › affiliate",
      "snippet": "Synonyms for affiliate at YourDictionary.com with free online thesaurus, related words, and antonyms. Find another word for affiliate with YourDictionary's ...",
      "cached_page_link": "https://webcache.googleusercontent.com/search?q=cache:ZDCR3A7memwJ:https://thesaurus.yourdictionary.com/affiliate+&cd=16&hl=en&ct=clnk&gl=us"
    },
    {
      "position": 9,
      "title": "Affiliate Synonyms | Collins English Thesaurus",
      "link": "https://www.collinsdictionary.com/us/dictionary/english-thesaurus/affiliate",
      "displayed_link": "www.collinsdictionary.com › dictionary › english-thesaurus › affiliate",
      "snippet": "Another word for affiliate: associate, unite, join, link, ally | Collins English Thesaurus.",
      "cached_page_link": "https://webcache.googleusercontent.com/search?q=cache:Sr-QFsFWWiMJ:https://www.collinsdictionary.com/us/dictionary/english-thesaurus/affiliate+&cd=17&hl=en&ct=clnk&gl=us"
    },
    {
      "position": 10,
      "title": "Definition for Affiliate - Thesaurus.net",
      "link": "https://www.thesaurus.net/affiliate",
      "displayed_link": "www.thesaurus.net › affiliate",
      "snippet": "Synonyms for affiliate: corp, knowledge industry, blue-chip, social enterprise, niche market, market leader, big business, business, Private Enterprise, franchisee, ...",
      "rich_snippet": {
        "top": {
          "detected_extensions": {
            "answer": 1
          },
          "extensions": [
            "1 answer"
          ]
        }
      },
      "cached_page_link": "https://webcache.googleusercontent.com/search?q=cache:WGN7xemKYKoJ:https://www.thesaurus.net/affiliate+&cd=18&hl=en&ct=clnk&gl=us"
    }
  ],
  "related_searches": [
    {
      "query": "affiliated",
      "link": "https://www.google.com/search?q=affiliated&sa=X&ved=2ahUKEwiwh-Hq7pTnAhWUyYsBHVsEDzAQ1QIoAHoECAsQAQ"
    },
    {
      "query": "affiliate synonym words",
      "link": "https://www.google.com/search?q=affiliate+synonym+words&sa=X&ved=2ahUKEwiwh-Hq7pTnAhWUyYsBHVsEDzAQ1QIoAXoECAsQAg"
    },
    {
      "query": "associate synonym",
      "link": "https://www.google.com/search?q=associate+synonym&sa=X&ved=2ahUKEwiwh-Hq7pTnAhWUyYsBHVsEDzAQ1QIoAnoECAsQAw"
    },
    {
      "query": "thesaurus meaning",
      "link": "https://www.google.com/search?q=thesaurus+meaning&sa=X&ved=2ahUKEwiwh-Hq7pTnAhWUyYsBHVsEDzAQ1QIoA3oECAsQBA"
    },
    {
      "query": "affiliate noun antonym",
      "link": "https://www.google.com/search?q=affiliate+noun+antonym&sa=X&ved=2ahUKEwiwh-Hq7pTnAhWUyYsBHVsEDzAQ1QIoBHoECAsQBQ"
    },
    {
      "query": "partner synonym",
      "link": "https://www.google.com/search?q=partner+synonym&sa=X&ved=2ahUKEwiwh-Hq7pTnAhWUyYsBHVsEDzAQ1QIoBXoECAsQBg"
    },
    {
      "query": "associated synonym",
      "link": "https://www.google.com/search?q=associated+synonym&sa=X&ved=2ahUKEwiwh-Hq7pTnAhWUyYsBHVsEDzAQ1QIoBnoECAsQBw"
    },
    {
      "query": "online thesaurus for kids",
      "link": "https://www.google.com/search?q=online+thesaurus+for+kids&sa=X&ved=2ahUKEwiwh-Hq7pTnAhWUyYsBHVsEDzAQ1QIoB3oECAsQCA"
    }
  ],
  "pagination": {
    "current": 1,
    "next": "https://www.google.com/search?q=affiliate+thesaurus&ei=nAUnXrDJApSTr7wP24i8gAM&start=10&sa=N&ved=2ahUKEwiwh-Hq7pTnAhWUyYsBHVsEDzAQ8NMDegQIDRBA",
    "other_pages": {
      "2": "https://www.google.com/search?q=affiliate+thesaurus&ei=nAUnXrDJApSTr7wP24i8gAM&start=10&sa=N&ved=2ahUKEwiwh-Hq7pTnAhWUyYsBHVsEDzAQ8tMDegQIDRAu",
      "3": "https://www.google.com/search?q=affiliate+thesaurus&ei=nAUnXrDJApSTr7wP24i8gAM&start=20&sa=N&ved=2ahUKEwiwh-Hq7pTnAhWUyYsBHVsEDzAQ8tMDegQIDRAw",
      "4": "https://www.google.com/search?q=affiliate+thesaurus&ei=nAUnXrDJApSTr7wP24i8gAM&start=30&sa=N&ved=2ahUKEwiwh-Hq7pTnAhWUyYsBHVsEDzAQ8tMDegQIDRAy",
      "5": "https://www.google.com/search?q=affiliate+thesaurus&ei=nAUnXrDJApSTr7wP24i8gAM&start=40&sa=N&ved=2ahUKEwiwh-Hq7pTnAhWUyYsBHVsEDzAQ8tMDegQIDRA0",
      "6": "https://www.google.com/search?q=affiliate+thesaurus&ei=nAUnXrDJApSTr7wP24i8gAM&start=50&sa=N&ved=2ahUKEwiwh-Hq7pTnAhWUyYsBHVsEDzAQ8tMDegQIDRA2",
      "7": "https://www.google.com/search?q=affiliate+thesaurus&ei=nAUnXrDJApSTr7wP24i8gAM&start=60&sa=N&ved=2ahUKEwiwh-Hq7pTnAhWUyYsBHVsEDzAQ8tMDegQIDRA4",
      "8": "https://www.google.com/search?q=affiliate+thesaurus&ei=nAUnXrDJApSTr7wP24i8gAM&start=70&sa=N&ved=2ahUKEwiwh-Hq7pTnAhWUyYsBHVsEDzAQ8tMDegQIDRA6",
      "9": "https://www.google.com/search?q=affiliate+thesaurus&ei=nAUnXrDJApSTr7wP24i8gAM&start=80&sa=N&ved=2ahUKEwiwh-Hq7pTnAhWUyYsBHVsEDzAQ8tMDegQIDRA8",
      "10": "https://www.google.com/search?q=affiliate+thesaurus&ei=nAUnXrDJApSTr7wP24i8gAM&start=90&sa=N&ved=2ahUKEwiwh-Hq7pTnAhWUyYsBHVsEDzAQ8tMDegQIDRA-"
    }
  },
  "serpapi_pagination": {
    "current": 1,
    "next_link": "https://serpapi.com/search.json?device=desktop&engine=google&google_domain=google.com&q=affiliate+thesaurus&start=10&token=159d963078a4c89e",
    "next": "https://serpapi.com/search.json?device=desktop&engine=google&google_domain=google.com&q=affiliate+thesaurus&start=10&token=159d963078a4c89e",
    "other_pages": {
      "2": "https://serpapi.com/search.json?device=desktop&engine=google&google_domain=google.com&q=affiliate+thesaurus&start=10&token=159d963078a4c89e",
      "3": "https://serpapi.com/search.json?device=desktop&engine=google&google_domain=google.com&q=affiliate+thesaurus&start=20&token=821078ca4baa4c47",
      "4": "https://serpapi.com/search.json?device=desktop&engine=google&google_domain=google.com&q=affiliate+thesaurus&start=30&token=6aea81604838cc13",
      "5": "https://serpapi.com/search.json?device=desktop&engine=google&google_domain=google.com&q=affiliate+thesaurus&start=40&token=29b9fb8e48b7889c",
      "6": "https://serpapi.com/search.json?device=desktop&engine=google&google_domain=google.com&q=affiliate+thesaurus&start=50&token=61dafe374c2d0742",
      "7": "https://serpapi.com/search.json?device=desktop&engine=google&google_domain=google.com&q=affiliate+thesaurus&start=60&token=0c95c241dcc211ae",
      "8": "https://serpapi.com/search.json?device=desktop&engine=google&google_domain=google.com&q=affiliate+thesaurus&start=70&token=63d93c5703cd5618",
      "9": "https://serpapi.com/search.json?device=desktop&engine=google&google_domain=google.com&q=affiliate+thesaurus&start=80&token=6f3672f661ae779c",
      "10": "https://serpapi.com/search.json?device=desktop&engine=google&google_domain=google.com&q=affiliate+thesaurus&start=90&token=f3d0cb43459364da"
    }
  }
}