{
  "search_metadata": {
    "id": "",
    "status": "Success",
    "json_endpoint": "",
    "created_at": "2020-01-21 14:27:10 UTC",
    "processed_at": "2020-01-21 14:27:10 UTC",
    "google_url": "https://www.google.com/search?q=affiliate+ecommerce+store&oq=affiliate+ecommerce+store&sourceid=chrome&ie=UTF-8",
    "raw_html_file": "",
    "total_time_taken": 2.57
  },
  "search_parameters": {
    "engine": "google",
    "q": "affiliate ecommerce store",
    "google_domain": "google.com",
    "device": "desktop"
  },
  "search_information": {
    "organic_results_state": "Results for exact spelling",
    "total_results": 20300000,
    "time_taken_displayed": 0.51,
    "query_displayed": "affiliate ecommerce store"
  },
  "knowledge_graph": {},
  "related_questions": [
    {
      "question": "How do I set up an Amazon affiliate store?",
      "snippet": "Fill out an affiliate application on the Amazon Associates website at affiliate-program.amazon.com. Provide your mailing address. Supply a profile of your website by entering the name and URL of your website, along with a brief description of the site's content.",
      "title": "How to Open an Amazon Affiliate Store | It Still Works",
      "link": "https://itstillworks.com/open-amazon-store-7738768.html",
      "displayed_link": "itstillworks.com › open-amazon-store-7738768"
    },
    {
      "question": "What is ecommerce affiliate?",
      "snippet": "Affiliate marketing is a promotional model that connects merchants with independent marketers who are willing to invest time and money to sell a merchant's products. ... In the ecommerce context, this action is typically an online purchase, which makes affiliate marketing very cost effective.Feb 21, 2018",
      "title": "A Brief Introduction to Affiliate Marketing for Ecommerce | Practical ...",
      "link": "https://www.practicalecommerce.com/brief-introduction-affiliate-marketing-ecommerce",
      "displayed_link": "www.practicalecommerce.com › brief-introduction-affiliate-marketing-e..."
    },
    {
      "question": "Can you do affiliate marketing on Shopify?",
      "snippet": "If you don't want to use an affiliate network, you can build your own tracking system. For example Shopify shops have plugins and modules that you can install to start your own affiliate marketing program. It's just up to you to advertise your program well enough to get affiliate marketers to join.",
      "title": "How To Use Affiliate Marketing as a Sales Channel for ... - Shopify",
      "link": "https://www.shopify.com/guides/make-your-first-ecommerce-sale/affiliate-marketing?ref=hazel-hoyle",
      "displayed_link": "www.shopify.com › guides › make-your-first-ecommerce-sale › affiliate..."
    },
    {
      "question": "What is an Amazon affiliate store?",
      "snippet": "An Amazon affiliate store is an online store that promotes products listed for sale on Amazon.com. As a store owner, you send traffic to Amazon by adding your affiliate links to the products. Users are redirected to Amazon to complete the purchase, and you earn an affiliate commission on each sale.Feb 14, 2019",
      "title": "How to Build an Amazon Affiliate Store in WordPress (The EASY Way)",
      "link": "https://www.wpbeginner.com/wp-tutorials/how-to-build-an-amazon-affiliate-store-using-wordpress/",
      "displayed_link": "www.wpbeginner.com › wp-tutorials › how-to-build-an-amazon-affiliat..."
    }
  ],
  "organic_results": [
    {
      "position": 1,
      "title": "The Beginner's Guide To Creating An Affiliate Ecommerce Store",
      "link": "https://www.abetterlemonadestand.com/ecommerce-affiliate-store/",
      "displayed_link": "www.abetterlemonadestand.com › ecommerce-affiliate-store",
      "date": "May 10, 2019",
      "snippet": "What is an Affiliate Store? In the case of an affiliate store, the publisher's content is product listings in a store that looks just like a real ecommerce store. Instead of listing your own products for sale, you list other retailer's products and redirect visitors to their sites using your affiliate links.",
      "cached_page_link": "https://webcache.googleusercontent.com/search?q=cache:N7J40kpheDYJ:https://www.abetterlemonadestand.com/ecommerce-affiliate-store/+&cd=1&hl=en&ct=clnk&gl=us",
      "related_pages_link": "https://www.google.com/search?q=related:https://www.abetterlemonadestand.com/ecommerce-affiliate-store/+affiliate+ecommerce+store&tbo=1&sa=X&ved=2ahUKEwi2noqh85TnAhU9x4sBHaNZA7MQHzAAegQIAhAJ"
    },
    {
      "position": 2,
      "title": "Amazon Affiliate Store - Ecommerce CEO",
      "link": "https://www.ecommerceceo.com/amazon-affiliate-store/",
      "displayed_link": "www.ecommerceceo.com › amazon-affiliate-store",
      "snippet": "Creating an affiliate ecommerce store is one of the easiest ways to for you to cash in on Amazon's huge success. Amazon is the undisputed leader in ...",
      "cached_page_link": "https://webcache.googleusercontent.com/search?q=cache:WwGXgXQFUi0J:https://www.ecommerceceo.com/amazon-affiliate-store/+&cd=2&hl=en&ct=clnk&gl=us"
    },
    {
      "position": 3,
      "title": "How to Get Started With eCommerce Affiliate Marketing - Oberlo",
      "link": "https://www.oberlo.com/blog/get-started-ecommerce-affiliate-marketing",
      "displayed_link": "www.oberlo.com › Blog",
      "date": "Sep 4, 2017",
      "snippet": "Affiliate marketing can be a great channel for first time ecommerce entrepreneurs ... store like ShoeBuy.com to see if they'd like to be an affiliate.",
      "cached_page_link": "https://webcache.googleusercontent.com/search?q=cache:E6-K3F4XAUwJ:https://www.oberlo.com/blog/get-started-ecommerce-affiliate-marketing+&cd=11&hl=en&ct=clnk&gl=us"
    },
    {
      "position": 4,
      "title": "How to Create an Affiliate Store Like Canopy - Ecommerce ...",
      "link": "https://ecommerce-platforms.com/articles/how-to-create-an-affiliate-ecommerce-business-like-canopy",
      "displayed_link": "ecommerce-platforms.com › Articles",
      "date": "Dec 18, 2018",
      "snippet": "Here are some insights on how Canopy became a success and how you can create your own successful ecommerce affiliate store.",
      "cached_page_link": "https://webcache.googleusercontent.com/search?q=cache:Bt7BRS0KYZYJ:https://ecommerce-platforms.com/articles/how-to-create-an-affiliate-ecommerce-business-like-canopy+&cd=12&hl=en&ct=clnk&gl=us"
    },
    {
      "position": 5,
      "title": "Affiliate Programs: Step-by-Step Guide For Ecommerce Sites ...",
      "link": "https://www.bigcommerce.com/blog/affiliate-programs/",
      "displayed_link": "www.bigcommerce.com › blog › affiliate-programs",
      "snippet": "Affiliate programs can be a great way to drive additional revue for your online store. Read are step-by-step guide for starting and running an ecommerce affiliate ...",
      "cached_page_link": "https://webcache.googleusercontent.com/search?q=cache:BJ2hjZg_yDoJ:https://www.bigcommerce.com/blog/affiliate-programs/+&cd=13&hl=en&ct=clnk&gl=us"
    },
    {
      "position": 6,
      "title": "How to Build an Amazon Affiliate Store in WordPress (The ...",
      "link": "https://www.wpbeginner.com/wp-tutorials/how-to-build-an-amazon-affiliate-store-using-wordpress/",
      "displayed_link": "www.wpbeginner.com › Blog › Tutorials",
      "date": "Feb 14, 2019",
      "snippet": "You can start an Amazon affiliate store with just about any WordPress eCommerce plugin, but we recommend using WooCommerce because ...",
      "cached_page_link": "https://webcache.googleusercontent.com/search?q=cache:FDhqu8vsQCMJ:https://www.wpbeginner.com/wp-tutorials/how-to-build-an-amazon-affiliate-store-using-wordpress/+&cd=14&hl=en&ct=clnk&gl=us"
    },
    {
      "position": 7,
      "title": "How To Set Up An Affiliate Marketing System For eCommerce ...",
      "link": "https://serpstat.com/blog/how-to-set-up-an-affiliate-marketing-system-for-ecommerce-store/",
      "displayed_link": "serpstat.com › Blog › Marketing",
      "date": "Dec 21, 2017",
      "snippet": "Affiliate marketing may not be the first thing you will do starting to master ... How To Set Up An Affiliate Marketing System For eCommerce Store.",
      "cached_page_link": "https://webcache.googleusercontent.com/search?q=cache:ALr0HQgzmbMJ:https://serpstat.com/blog/how-to-set-up-an-affiliate-marketing-system-for-ecommerce-store/+&cd=15&hl=en&ct=clnk&gl=us"
    },
    {
      "position": 8,
      "title": "Affiliate ecommerce Store How to Get Started 2019/2020",
      "link": "https://johnbestmarketingtools.com/affiliate-ecommerce-store/",
      "displayed_link": "johnbestmarketingtools.com › affiliate-ecommerce-store",
      "snippet": "How to build affiliate store automatically 2019 is Easy Right now,you can make money with eCommerce new wordpress affiliate store plugin Make your life easy.",
      "cached_page_link": "https://webcache.googleusercontent.com/search?q=cache:AIQzi_gr8Y4J:https://johnbestmarketingtools.com/affiliate-ecommerce-store/+&cd=16&hl=en&ct=clnk&gl=us"
    },
    {
      "position": 9,
      "title": "E-commerce Affiliates",
      "link": "https://e-commerceaffiliates.com/",
      "displayed_link": "e-commerceaffiliates.com",
      "snippet": "E-CommerceAffiliates.com is the place to find unique e-commerce products to promote on your website and social media channels. ... More than 1800 affiliate programs, across 21 product categories. Free to join, with ... Want to list your store?",
      "cached_page_link": "https://webcache.googleusercontent.com/search?q=cache:cdBbMH0eaJQJ:https://e-commerceaffiliates.com/+&cd=17&hl=en&ct=clnk&gl=us",
      "related_pages_link": "https://www.google.com/search?q=related:https://e-commerceaffiliates.com/+affiliate+ecommerce+store&tbo=1&sa=X&ved=2ahUKEwi2noqh85TnAhU9x4sBHaNZA7MQHzAQegQIBRAH"
    },
    {
      "position": 10,
      "title": "Amazon Affiliate Store Vs Blogging Vs Ecommerce - A ...",
      "link": "https://mywifequitherjob.com/blog-vs-niche-affiliate-site-vs-online-store/",
      "displayed_link": "mywifequitherjob.com › blog-vs-niche-affiliate-site-vs-online-store",
      "snippet": "For example last year, my blog made over a million dollars from advertising, affiliate marketing and digital product sales. My ecommerce store also had a record ...",
      "cached_page_link": "https://webcache.googleusercontent.com/search?q=cache:RDV8Vtqo6PEJ:https://mywifequitherjob.com/blog-vs-niche-affiliate-site-vs-online-store/+&cd=18&hl=en&ct=clnk&gl=us"
    }
  ],
  "related_search_boxes": [
    {
      "position": 1,
      "query": "Affiliate network list",
      "results": []
    }
  ],
  "related_searches": [
    {
      "query": "affiliate ecommerce store examples",
      "link": "https://www.google.com/search?q=affiliate+ecommerce+store+examples&sa=X&ved=2ahUKEwi2noqh85TnAhU9x4sBHaNZA7MQ1QIoAHoECAwQAQ"
    },
    {
      "query": "amazon affiliate store builder",
      "link": "https://www.google.com/search?q=amazon+affiliate+store+builder&sa=X&ved=2ahUKEwi2noqh85TnAhU9x4sBHaNZA7MQ1QIoAXoECAwQAg"
    },
    {
      "query": "best ecommerce affiliate program",
      "link": "https://www.google.com/search?q=best+ecommerce+affiliate+program&sa=X&ved=2ahUKEwi2noqh85TnAhU9x4sBHaNZA7MQ1QIoAnoECAwQAw"
    },
    {
      "query": "amazon affiliate store shopify",
      "link": "https://www.google.com/search?q=amazon+affiliate+store+shopify&sa=X&ved=2ahUKEwi2noqh85TnAhU9x4sBHaNZA7MQ1QIoA3oECAwQBA"
    },
    {
      "query": "amazon affiliate store wordpress",
      "link": "https://www.google.com/search?q=amazon+affiliate+store+wordpress&sa=X&ved=2ahUKEwi2noqh85TnAhU9x4sBHaNZA7MQ1QIoBHoECAwQBQ"
    },
    {
      "query": "amazon affiliate store examples",
      "link": "https://www.google.com/search?q=amazon+affiliate+store+examples&sa=X&ved=2ahUKEwi2noqh85TnAhU9x4sBHaNZA7MQ1QIoBXoECAwQBg"
    },
    {
      "query": "ecommerce affiliate programs",
      "link": "https://www.google.com/search?q=ecommerce+affiliate+programs&sa=X&ved=2ahUKEwi2noqh85TnAhU9x4sBHaNZA7MQ1QIoBnoECAwQBw"
    },
    {
      "query": "affiliate marketing",
      "link": "https://www.google.com/search?q=affiliate+marketing&sa=X&ved=2ahUKEwi2noqh85TnAhU9x4sBHaNZA7MQ1QIoB3oECAwQCA"
    }
  ],
  "pagination": {
    "current": 1,
    "next": "https://www.google.com/search?q=affiliate+ecommerce+store&ei=PwonXvaCK72Or7wPo7ONmAs&start=10&sa=N&ved=2ahUKEwi2noqh85TnAhU9x4sBHaNZA7MQ8NMDegQIDxBA",
    "other_pages": {
      "2": "https://www.google.com/search?q=affiliate+ecommerce+store&ei=PwonXvaCK72Or7wPo7ONmAs&start=10&sa=N&ved=2ahUKEwi2noqh85TnAhU9x4sBHaNZA7MQ8tMDegQIDxAu",
      "3": "https://www.google.com/search?q=affiliate+ecommerce+store&ei=PwonXvaCK72Or7wPo7ONmAs&start=20&sa=N&ved=2ahUKEwi2noqh85TnAhU9x4sBHaNZA7MQ8tMDegQIDxAw",
      "4": "https://www.google.com/search?q=affiliate+ecommerce+store&ei=PwonXvaCK72Or7wPo7ONmAs&start=30&sa=N&ved=2ahUKEwi2noqh85TnAhU9x4sBHaNZA7MQ8tMDegQIDxAy",
      "5": "https://www.google.com/search?q=affiliate+ecommerce+store&ei=PwonXvaCK72Or7wPo7ONmAs&start=40&sa=N&ved=2ahUKEwi2noqh85TnAhU9x4sBHaNZA7MQ8tMDegQIDxA0",
      "6": "https://www.google.com/search?q=affiliate+ecommerce+store&ei=PwonXvaCK72Or7wPo7ONmAs&start=50&sa=N&ved=2ahUKEwi2noqh85TnAhU9x4sBHaNZA7MQ8tMDegQIDxA2",
      "7": "https://www.google.com/search?q=affiliate+ecommerce+store&ei=PwonXvaCK72Or7wPo7ONmAs&start=60&sa=N&ved=2ahUKEwi2noqh85TnAhU9x4sBHaNZA7MQ8tMDegQIDxA4",
      "8": "https://www.google.com/search?q=affiliate+ecommerce+store&ei=PwonXvaCK72Or7wPo7ONmAs&start=70&sa=N&ved=2ahUKEwi2noqh85TnAhU9x4sBHaNZA7MQ8tMDegQIDxA6",
      "9": "https://www.google.com/search?q=affiliate+ecommerce+store&ei=PwonXvaCK72Or7wPo7ONmAs&start=80&sa=N&ved=2ahUKEwi2noqh85TnAhU9x4sBHaNZA7MQ8tMDegQIDxA8",
      "10": "https://www.google.com/search?q=affiliate+ecommerce+store&ei=PwonXvaCK72Or7wPo7ONmAs&start=90&sa=N&ved=2ahUKEwi2noqh85TnAhU9x4sBHaNZA7MQ8tMDegQIDxA-"
    }
  },
  "serpapi_pagination": {
    "current": 1,
    "next_link": "https://serpapi.com/search.json?device=desktop&engine=google&google_domain=google.com&q=affiliate+ecommerce+store&start=10&token=d562085a3f33b982",
    "next": "https://serpapi.com/search.json?device=desktop&engine=google&google_domain=google.com&q=affiliate+ecommerce+store&start=10&token=d562085a3f33b982",
    "other_pages": {
      "2": "https://serpapi.com/search.json?device=desktop&engine=google&google_domain=google.com&q=affiliate+ecommerce+store&start=10&token=d562085a3f33b982",
      "3": "https://serpapi.com/search.json?device=desktop&engine=google&google_domain=google.com&q=affiliate+ecommerce+store&start=20&token=2f699e2b5b5ece06",
      "4": "https://serpapi.com/search.json?device=desktop&engine=google&google_domain=google.com&q=affiliate+ecommerce+store&start=30&token=924d676465630dd5",
      "5": "https://serpapi.com/search.json?device=desktop&engine=google&google_domain=google.com&q=affiliate+ecommerce+store&start=40&token=6a472f61814610d7",
      "6": "https://serpapi.com/search.json?device=desktop&engine=google&google_domain=google.com&q=affiliate+ecommerce+store&start=50&token=47ee5fb47aa100d8",
      "7": "https://serpapi.com/search.json?device=desktop&engine=google&google_domain=google.com&q=affiliate+ecommerce+store&start=60&token=6d2e8edcb627a3ed",
      "8": "https://serpapi.com/search.json?device=desktop&engine=google&google_domain=google.com&q=affiliate+ecommerce+store&start=70&token=5ea3baa17cfea292",
      "9": "https://serpapi.com/search.json?device=desktop&engine=google&google_domain=google.com&q=affiliate+ecommerce+store&start=80&token=459b0ea073cd3b59",
      "10": "https://serpapi.com/search.json?device=desktop&engine=google&google_domain=google.com&q=affiliate+ecommerce+store&start=90&token=5ba73a1328145ba9"
    }
  }
}