{
  "search_metadata": {
    "id": "",
    "status": "Success",
    "json_endpoint": "",
    "created_at": "2020-01-21 13:53:33 UTC",
    "processed_at": "2020-01-21 13:53:33 UTC",
    "google_url": "https://www.google.com/search?q=affiliate+marketing+scams&oq=affiliate+marketing+scams&sourceid=chrome&ie=UTF-8",
    "raw_html_file": "",
    "total_time_taken": 1.47
  },
  "search_parameters": {
    "engine": "google",
    "q": "affiliate marketing scams",
    "google_domain": "google.com",
    "device": "desktop"
  },
  "search_information": {
    "organic_results_state": "Results for exact spelling",
    "total_results": 2820000,
    "time_taken_displayed": 0.44,
    "query_displayed": "affiliate marketing scams"
  },
  "ads": [
    {
      "position": 1,
      "block_position": "bottom",
      "title": "Affiliate Marketing Fraud 2019 | Trends. Statistics. Solutions‎",
      "link": "https://affise.com/en/affiliate-marketing-fraud/",
      "displayed_link": "www.affise.com/E-book/Antifraud",
      "tracking_link": "https://www.google.com/aclk?sa=l&ai=DChcSEwjhr4zf65TnAhULvsAKHSEWB9YYABAAGgJpbQ&sig=AOD64_32UuXb7hbHyNTXSBwJ0ClRxmk2dw&q=&ved=2ahUKEwj5oIXf65TnAhUG-6wKHVtDA2UQ0Qx6BAgOEAE&adurl=",
      "description": "How disruptive fraud can be for performance marketing? Ad fraud costing $42 billion globally. Learn more now. AI. Real-time data. Impression Tracking. Feature-Rich API. Pro Network Management. CPAPI. Fast And Easy Set Up. Smartlinks. SaaS. High-load native.",
      "sitelinks": [
        {
          "title": "Smart Targeting",
          "link": "https://affise.com/cn/announcing-new-targeting-capabilities-at-affise/"
        },
        {
          "title": "Marketplace",
          "link": "https://affise.com/marketplace/"
        },
        {
          "title": "Anti-Fraud",
          "link": "https://affise.com/en/affise-releases-click-level-fraud-prevention-tool/"
        },
        {
          "title": "Customization",
          "link": "https://affise.com/en/customization/"
        },
        {
          "title": "Get a Demo",
          "link": "https://affise.com/en/#signups"
        },
        {
          "title": "Affiliate Platform",
          "link": "https://affise.com/#about"
        }
      ]
    },
    {
      "position": 2,
      "block_position": "bottom",
      "title": "Shopify | Internet Affiliate Marketing | Fulfillment Integration‎",
      "link": "https://www.shopify.com/sell",
      "displayed_link": "www.shopify.com/",
      "tracking_link": "https://www.google.com/aclk?sa=l&ai=DChcSEwjhr4zf65TnAhULvsAKHSEWB9YYABAKGgJpbQ&sig=AOD64_2HxP2DRwyhwgixvarrxCixtXi7Dg&q=&ved=2ahUKEwj5oIXf65TnAhUG-6wKHVtDA2UQ0Qx6BAgPEAE&adurl=",
      "description": "Use One Tool To Manage All Your Products, Inventory, And Customers. DropShipping Integration. Secure Shopping Cart. Full Blogging Platform. 99.99% Average Uptime. Fully Hosted. 100+ Professional Themes. Unlimited 24/7 Support. Fulfillment Integration."
    }
  ],
  "knowledge_graph": {
    "see_more_about": []
  },
  "related_questions": [
    {
      "question": "Is affiliate marketing easy?",
      "snippet": "For 99% of people, affiliate marketing is how they get started. The idea behind it is that you promote other people's products, often through an affiliate network, earning a commission if people actually end up buying thanks to your marketing. It's based on revenue sharing.",
      "title": "Affiliate Marketing Made Simple: A Step-by-Step Guide - Neil Patel",
      "link": "https://neilpatel.com/what-is-affiliate-marketing/",
      "displayed_link": "neilpatel.com › what-is-affiliate-marketing"
    },
    {
      "question": "What are affiliates in digital marketing?",
      "snippet": "Affiliate marketing is an advertising model in which a company compensates third-party publishers to generate traffic or leads to the company's products and services. The third-party publishers are affiliates, and the commission fee incentivizes them to find ways to promote the company.Aug 21, 2019",
      "title": "Understanding Affiliate Marketing - Investopedia",
      "link": "https://www.investopedia.com/terms/a/affiliate-marketing.asp",
      "displayed_link": "www.investopedia.com › terms › affiliate-marketing"
    },
    {
      "question": "What are affiliate marketing companies?",
      "snippet": "Definition: A way for a company to sell its products by signing up individuals or companies (\"affiliates\") who market the company's products for a commission. There are two ways to approach affiliate marketing: You can offer an affiliate program to others or you can sign up to be another business's affiliate.",
      "title": "Affiliate Marketing Definition - Entrepreneur Small Business ...",
      "link": "https://www.entrepreneur.com/encyclopedia/affiliate-marketing",
      "displayed_link": "www.entrepreneur.com › encyclopedia › affiliate-marketing"
    },
    {
      "question": "What does an affiliate manager do?",
      "snippet": "An affiliate manager is someone who manages the affiliate publishers on behalf of an advertiser. They will recruit new affiliates, manage the onboarding process, and ensure that their audiences are aligned with your target market.Aug 1, 2018",
      "title": "What do Affiliate Managers Do All Day? - Advertise Purple",
      "link": "https://www.advertisepurple.com/what-do-affiliate-managers-do-all-day/",
      "displayed_link": "www.advertisepurple.com › what-do-affiliate-managers-do-all-day"
    }
  ],
  "answer_box": {
    "type": "organic_result",
    "title": "What is Affiliate Marketing? The Myth vs. Reality - Shopify",
    "date": "Aug 6, 2019",
    "link": "https://www.shopify.com/partners/blog/what-is-affiliate-marketing",
    "snippet": "The myth that affiliate marketing is a scam or offers a low value source of traffic and sales is simply not true. The reality is that affiliate programs can be as high value as those running the affiliate program make it. Myth: Affiliate marketing is mostly fraud and offers low value traffic."
  },
  "organic_results": [
    {
      "position": 1,
      "title": "4 Toxic Affiliate Marketing Scams You Have to Avoid - Mobidea",
      "link": "https://www.mobidea.com/academy/affiliate-marketing-scams/",
      "displayed_link": "www.mobidea.com › academy › affiliate-marketing-scams",
      "date": "May 7, 2018",
      "snippet": "Affiliate marketing scams are a poison that corrupts the industry so you should definitely be able to avoid getting your money stolen!",
      "sitelinks": {
        "inline": [
          {
            "title": "Affiliate Marketing Scams ...",
            "link": "https://www.mobidea.com/academy/affiliate-marketing-scams/#Affiliate-Marketing-Scams-Introduction"
          },
          {
            "title": "Phony Marketing",
            "link": "https://www.mobidea.com/academy/affiliate-marketing-scams/#1-Phony-Marketing"
          },
          {
            "title": "Fake Product or Service",
            "link": "https://www.mobidea.com/academy/affiliate-marketing-scams/#3-Fake-Product-or-Service"
          }
        ]
      },
      "cached_page_link": "https://webcache.googleusercontent.com/search?q=cache:OeL2t11sb8EJ:https://www.mobidea.com/academy/affiliate-marketing-scams/+&cd=3&hl=en&ct=clnk&gl=us"
    },
    {
      "position": 2,
      "title": "5 Common Affiliate Marketing Scams To Watch Out For ...",
      "link": "https://www.affilorama.com/blog/affiliate-marketing-scams",
      "displayed_link": "www.affilorama.com › Affiliate Marketing Blog",
      "date": "Jan 12, 2019",
      "snippet": "Is affiliate marketing legit? Newbie affiliate marketers might be susceptible to certain scams. Read this to make sure you don't become a victim.",
      "cached_page_link": "https://webcache.googleusercontent.com/search?q=cache:-1xcHWUb9HQJ:https://www.affilorama.com/blog/affiliate-marketing-scams+&cd=4&hl=en&ct=clnk&gl=us",
      "related_pages_link": "https://www.google.com/search?q=related:https://www.affilorama.com/blog/affiliate-marketing-scams+affiliate+marketing+scams&tbo=1&sa=X&ved=2ahUKEwj5oIXf65TnAhUG-6wKHVtDA2UQHzADegQICRAL"
    },
    {
      "position": 3,
      "title": "Is Affiliate Marketing a Scam? - Authority Hacker",
      "link": "https://www.authorityhacker.com/affiliate-marketing-scam/",
      "displayed_link": "www.authorityhacker.com › affiliate-marketing-scam",
      "snippet": "Most of the scams in the affiliate marketing space happen with affiliate marketing courses. While there are plenty of great affiliate marketing training courses and ...",
      "cached_page_link": "https://webcache.googleusercontent.com/search?q=cache:N_a3QvROz38J:https://www.authorityhacker.com/affiliate-marketing-scam/+&cd=5&hl=en&ct=clnk&gl=us",
      "related_pages_link": "https://www.google.com/search?q=related:https://www.authorityhacker.com/affiliate-marketing-scam/+affiliate+marketing+scams&tbo=1&sa=X&ved=2ahUKEwj5oIXf65TnAhUG-6wKHVtDA2UQHzAEegQIBBAJ"
    },
    {
      "position": 4,
      "title": "3 Common Affiliate Marketing Scams to Look Out For | Affiliate ...",
      "link": "https://affiliateroyale.com/2019/06/affiliate-marketing-scams/",
      "displayed_link": "affiliateroyale.com › 2019/06 › affiliate-marketing-scams",
      "date": "Jun 11, 2019",
      "snippet": "Although affiliate marketing is a worthy venture, it's not exempt from scammers. In this post, we'll explain how to avoid some common affiliate ...",
      "cached_page_link": "https://webcache.googleusercontent.com/search?q=cache:wqV56NsS240J:https://affiliateroyale.com/2019/06/affiliate-marketing-scams/+&cd=14&hl=en&ct=clnk&gl=us"
    },
    {
      "position": 5,
      "title": "The big, ugly affiliate marketing scam | VentureBeat",
      "link": "https://venturebeat.com/2013/08/12/the-big-ugly-affiliate-marketing-scam/",
      "displayed_link": "venturebeat.com › 2013/08/12 › the-big-ugly-affiliate-marketing-scam",
      "date": "Aug 12, 2013",
      "snippet": "Guest Affiliate marketing was driving $200000 per week in new sales for this website. At least, that's what the commission bill said.",
      "cached_page_link": "https://webcache.googleusercontent.com/search?q=cache:A0y6nEvRKIsJ:https://venturebeat.com/2013/08/12/the-big-ugly-affiliate-marketing-scam/+&cd=15&hl=en&ct=clnk&gl=us"
    },
    {
      "position": 6,
      "title": "What is Affiliate Marketing? The Myth vs. Reality - Shopify",
      "link": "https://www.shopify.com/partners/blog/what-is-affiliate-marketing",
      "displayed_link": "www.shopify.com › partners › blog › what-is-affiliate-marketing",
      "date": "Aug 6, 2019",
      "snippet": "The myth that affiliate marketing is a scam or offers a low value source of traffic and sales is simply not true. The reality is that affiliate programs can be as high value as those running the affiliate program make it. Myth: Affiliate marketing is mostly fraud and offers low value traffic.",
      "cached_page_link": "https://webcache.googleusercontent.com/search?q=cache:t-3lpG7uHu8J:https://www.shopify.com/partners/blog/what-is-affiliate-marketing+&cd=16&hl=en&ct=clnk&gl=us"
    },
    {
      "position": 7,
      "title": "No, Affiliate Marketing Is Not a Scam at WhoIsHostingThis.com",
      "link": "https://www.whoishostingthis.com/blog/2016/09/12/affiliate-marketing-scam/",
      "displayed_link": "www.whoishostingthis.com › blog › 2016/09/12 › affiliate-marketing...",
      "date": "Apr 30, 2019",
      "snippet": "Affiliate marketing is a great way to earn money, if you have the right mindset. It's not a scam, and our infographic proves it.",
      "cached_page_link": "https://webcache.googleusercontent.com/search?q=cache:Vkg732cXxw4J:https://www.whoishostingthis.com/blog/2016/09/12/affiliate-marketing-scam/+&cd=17&hl=en&ct=clnk&gl=us"
    },
    {
      "position": 8,
      "title": "What's affiliate marketing? Should I care? - Consumer.ftc.gov",
      "link": "https://www.consumer.ftc.gov/blog/2017/09/whats-affiliate-marketing-should-i-care",
      "displayed_link": "www.consumer.ftc.gov › blog › 2017/09 › whats-affiliate-marketing-...",
      "date": "Sep 20, 2017",
      "snippet": "Affiliate marketing is a good way to promote a product or service as ... Take, for example, a low-cost trial scam that the FTC stopped recently.",
      "cached_page_link": "https://webcache.googleusercontent.com/search?q=cache:ROYsqMhflDsJ:https://www.consumer.ftc.gov/blog/2017/09/whats-affiliate-marketing-should-i-care+&cd=18&hl=en&ct=clnk&gl=us"
    },
    {
      "position": 9,
      "title": "Affiliate Marketing Scam WARNING! The Wrong Way To Do ...",
      "link": "https://www.youtube.com/watch?v=aHY3teLOShY",
      "displayed_link": "www.youtube.com › watch",
      "date": "Jul 7, 2018",
      "snippet": "As an affiliate, you need to understand the biggest TRAP in affiliate marketing, or you may get scammed by affiliate marketing fake gurus!",
      "cached_page_link": "https://webcache.googleusercontent.com/search?q=cache:0uHYjZzAkvYJ:https://www.youtube.com/watch%3Fv%3DaHY3teLOShY+&cd=19&hl=en&ct=clnk&gl=us"
    },
    {
      "position": 10,
      "title": "How to fall for an affiliate marketing scam- Beware! Don't do ...",
      "link": "https://www.youtube.com/watch?v=EMycpFZ6xvw",
      "displayed_link": "www.youtube.com › watch",
      "date": "Apr 12, 2018",
      "snippet": "Get started with my FREE duplicatable system https://rachelslee.com/affiliatefreedomfunnel Get my free Cheat Sheet Top 7 Favorite Affiliate ...",
      "cached_page_link": "https://webcache.googleusercontent.com/search?q=cache:VfoaqjEHhAsJ:https://www.youtube.com/watch%3Fv%3DEMycpFZ6xvw+&cd=20&hl=en&ct=clnk&gl=us"
    }
  ],
  "related_searches": [
    {
      "query": "affiliate marketing pyramid scheme",
      "link": "https://www.google.com/search?q=affiliate+marketing+pyramid+scheme&sa=X&ved=2ahUKEwj5oIXf65TnAhUG-6wKHVtDA2UQ1QIoAHoECBAQAQ"
    },
    {
      "query": "is affiliate marketing worth it",
      "link": "https://www.google.com/search?q=is+affiliate+marketing+worth+it&sa=X&ved=2ahUKEwj5oIXf65TnAhUG-6wKHVtDA2UQ1QIoAXoECBAQAg"
    },
    {
      "query": "what is affiliate marketing",
      "link": "https://www.google.com/search?q=what+is+affiliate+marketing&sa=X&ved=2ahUKEwj5oIXf65TnAhUG-6wKHVtDA2UQ1QIoAnoECBAQAw"
    },
    {
      "query": "is affiliate marketing legit reddit",
      "link": "https://www.google.com/search?q=is+affiliate+marketing+legit+reddit&sa=X&ved=2ahUKEwj5oIXf65TnAhUG-6wKHVtDA2UQ1QIoA3oECBAQBA"
    },
    {
      "query": "is affiliate marketing legal",
      "link": "https://www.google.com/search?q=is+affiliate+marketing+legal&sa=X&ved=2ahUKEwj5oIXf65TnAhUG-6wKHVtDA2UQ1QIoBHoECBAQBQ"
    },
    {
      "query": "affiliate marketing revenue",
      "link": "https://www.google.com/search?q=affiliate+marketing+revenue&sa=X&ved=2ahUKEwj5oIXf65TnAhUG-6wKHVtDA2UQ1QIoBXoECBAQBg"
    },
    {
      "query": "freelance affiliate marketing",
      "link": "https://www.google.com/search?q=freelance+affiliate+marketing&sa=X&ved=2ahUKEwj5oIXf65TnAhUG-6wKHVtDA2UQ1QIoBnoECBAQBw"
    },
    {
      "query": "affiliate marketing lies",
      "link": "https://www.google.com/search?q=affiliate+marketing+lies&sa=X&ved=2ahUKEwj5oIXf65TnAhUG-6wKHVtDA2UQ1QIoB3oECBAQCA"
    }
  ],
  "pagination": {
    "current": 1,
    "next": "https://www.google.com/search?q=affiliate+marketing+scams&ei=XgInXvn5CYb2swXbho2oBg&start=10&sa=N&ved=2ahUKEwj5oIXf65TnAhUG-6wKHVtDA2UQ8NMDegQIDRBB",
    "other_pages": {
      "2": "https://www.google.com/search?q=affiliate+marketing+scams&ei=XgInXvn5CYb2swXbho2oBg&start=10&sa=N&ved=2ahUKEwj5oIXf65TnAhUG-6wKHVtDA2UQ8tMDegQIDRAv",
      "3": "https://www.google.com/search?q=affiliate+marketing+scams&ei=XgInXvn5CYb2swXbho2oBg&start=20&sa=N&ved=2ahUKEwj5oIXf65TnAhUG-6wKHVtDA2UQ8tMDegQIDRAx",
      "4": "https://www.google.com/search?q=affiliate+marketing+scams&ei=XgInXvn5CYb2swXbho2oBg&start=30&sa=N&ved=2ahUKEwj5oIXf65TnAhUG-6wKHVtDA2UQ8tMDegQIDRAz",
      "5": "https://www.google.com/search?q=affiliate+marketing+scams&ei=XgInXvn5CYb2swXbho2oBg&start=40&sa=N&ved=2ahUKEwj5oIXf65TnAhUG-6wKHVtDA2UQ8tMDegQIDRA1",
      "6": "https://www.google.com/search?q=affiliate+marketing+scams&ei=XgInXvn5CYb2swXbho2oBg&start=50&sa=N&ved=2ahUKEwj5oIXf65TnAhUG-6wKHVtDA2UQ8tMDegQIDRA3",
      "7": "https://www.google.com/search?q=affiliate+marketing+scams&ei=XgInXvn5CYb2swXbho2oBg&start=60&sa=N&ved=2ahUKEwj5oIXf65TnAhUG-6wKHVtDA2UQ8tMDegQIDRA5",
      "8": "https://www.google.com/search?q=affiliate+marketing+scams&ei=XgInXvn5CYb2swXbho2oBg&start=70&sa=N&ved=2ahUKEwj5oIXf65TnAhUG-6wKHVtDA2UQ8tMDegQIDRA7",
      "9": "https://www.google.com/search?q=affiliate+marketing+scams&ei=XgInXvn5CYb2swXbho2oBg&start=80&sa=N&ved=2ahUKEwj5oIXf65TnAhUG-6wKHVtDA2UQ8tMDegQIDRA9",
      "10": "https://www.google.com/search?q=affiliate+marketing+scams&ei=XgInXvn5CYb2swXbho2oBg&start=90&sa=N&ved=2ahUKEwj5oIXf65TnAhUG-6wKHVtDA2UQ8tMDegQIDRA_"
    }
  },
  "serpapi_pagination": {
    "current": 1,
    "next_link": "https://serpapi.com/search.json?device=desktop&engine=google&google_domain=google.com&q=affiliate+marketing+scams&start=10&token=47c587e55213c5a0",
    "next": "https://serpapi.com/search.json?device=desktop&engine=google&google_domain=google.com&q=affiliate+marketing+scams&start=10&token=47c587e55213c5a0",
    "other_pages": {
      "2": "https://serpapi.com/search.json?device=desktop&engine=google&google_domain=google.com&q=affiliate+marketing+scams&start=10&token=47c587e55213c5a0",
      "3": "https://serpapi.com/search.json?device=desktop&engine=google&google_domain=google.com&q=affiliate+marketing+scams&start=20&token=703558ef9de78605",
      "4": "https://serpapi.com/search.json?device=desktop&engine=google&google_domain=google.com&q=affiliate+marketing+scams&start=30&token=86a4687a93716b63",
      "5": "https://serpapi.com/search.json?device=desktop&engine=google&google_domain=google.com&q=affiliate+marketing+scams&start=40&token=d0bf6070d97dadd7",
      "6": "https://serpapi.com/search.json?device=desktop&engine=google&google_domain=google.com&q=affiliate+marketing+scams&start=50&token=f9d827634c8ba630",
      "7": "https://serpapi.com/search.json?device=desktop&engine=google&google_domain=google.com&q=affiliate+marketing+scams&start=60&token=a1029cd6a7727b77",
      "8": "https://serpapi.com/search.json?device=desktop&engine=google&google_domain=google.com&q=affiliate+marketing+scams&start=70&token=897d9feb1bc554dc",
      "9": "https://serpapi.com/search.json?device=desktop&engine=google&google_domain=google.com&q=affiliate+marketing+scams&start=80&token=2369ce0a57524958",
      "10": "https://serpapi.com/search.json?device=desktop&engine=google&google_domain=google.com&q=affiliate+marketing+scams&start=90&token=eaad69465858b3cf"
    }
  }
}