{
  "search_metadata": {
    "id": "",
    "status": "Success",
    "json_endpoint": "",
    "created_at": "2020-01-21 15:22:10 UTC",
    "processed_at": "2020-01-21 15:22:10 UTC",
    "google_url": "https://www.google.com/search?q=affiliate2day+review&oq=affiliate2day+review&sourceid=chrome&ie=UTF-8",
    "raw_html_file": "",
    "total_time_taken": 2.02
  },
  "search_parameters": {
    "engine": "google",
    "q": "affiliate2day review",
    "google_domain": "google.com",
    "device": "desktop"
  },
  "search_information": {
    "organic_results_state": "Results for exact spelling",
    "total_results": 3930,
    "time_taken_displayed": 0.32,
    "query_displayed": "affiliate2day review"
  },
  "ads": [
    {
      "position": 1,
      "block_position": "top",
      "title": "#1 Dating Affiliate Program | 500+ High Converting Offers‎",
      "link": "https://www.whalecash.com/",
      "displayed_link": "www.whalecash.com/",
      "tracking_link": "https://www.google.com/aclk?sa=l&ai=DChcSEwjOodfG_5TnAhUgHq0GHeM_AvoYABAAGgJwdg&sig=AOD64_0CDBLcSLKHdiRINyG62JU4XRlLJQ&q=&ved=2ahUKEwiKtdDG_5TnAhUrFjQIHUX-A4QQ0Qx6BAgMEAE&adurl=",
      "description": "Promote The Top Dating Affiliate Program. We Have Exclusive PPL and PPS Offers! 700+ Offers. Highest Payouts Possible. #1 Gaming Offers. Pay Per Lead & CPA. Learn From Industry Vets. Weekly Payouts. Best Dating Offers. Highest EPC Available. Free Ad Tools.",
      "sitelinks": [
        {
          "title": "Signup Now & Make Money",
          "link": "https://www.whalecash.com/join/join.php?action=join_default"
        },
        {
          "title": "PPL & CPA Payouts",
          "link": "https://www.whalecash.com/whalecash/site/programs.php"
        }
      ]
    }
  ],
  "knowledge_graph": {},
  "organic_results": [
    {
      "position": 1,
      "title": "Affiliate2day - Dating Affiliate Program Reviews - Affpaying",
      "link": "https://www.affpaying.com/affiliate2day",
      "displayed_link": "www.affpaying.com › affiliate2day",
      "snippet": "with the possibility to monetize their dating traffic. Affiliate2Day offers three high-profitable programs,… ... Earning on dating traffic is quite easy with Affiliate2Day! Affiliate Commissions: Pay per Lead: from $2.5 to $8 Pay per Sale: 25% of sales amount + $25 registration bonus Pay per First Order: from $150 to $300.",
      "rich_snippet": {
        "top": {
          "detected_extensions": {
            "rating": 4.9,
            "votes": 9
          },
          "extensions": [
            "Rating: 4.9",
            "9 votes"
          ]
        }
      },
      "cached_page_link": "https://webcache.googleusercontent.com/search?q=cache:ozfF4RP7O4MJ:https://www.affpaying.com/affiliate2day+&cd=1&hl=en&ct=clnk&gl=us"
    },
    {
      "position": 2,
      "title": "Affiliate2Day Review - Dating Affiliate Network | ADSWikia",
      "link": "https://adswikia.com/affiliate2day-cps-cpl/",
      "displayed_link": "adswikia.com › affiliate2day-cps-cpl",
      "snippet": "Affiliate2Day provides an affiliate partnership program for two leading and popular international dating sites – asiansingles2day and behappy2day. ... With Affiliate2Day’s pay per lead affiliate programs you can earn unlimited monthly commissions by simply bringing targeted traffic ...",
      "cached_page_link": "https://webcache.googleusercontent.com/search?q=cache:qXECfd1w3JwJ:https://adswikia.com/affiliate2day-cps-cpl/+&cd=2&hl=en&ct=clnk&gl=us"
    },
    {
      "position": 3,
      "title": "Affiliate2Day Review : High Paying Dating Affiliate Program",
      "link": "https://www.way2earning.com/2018/06/affiliate2day-review/",
      "displayed_link": "www.way2earning.com › Affiliate Marketing",
      "snippet": "Affiliate2Day Review : High Paying Dating Affiliate Program. Be Happy International group of sites is offering lucrative affiliate program, Affiliate2Day. This group is quite successful in matchmaking, dating and marriage niches.",
      "cached_page_link": "https://webcache.googleusercontent.com/search?q=cache:tyOjW5I2tCkJ:https://www.way2earning.com/2018/06/affiliate2day-review/+&cd=3&hl=en&ct=clnk&gl=us"
    },
    {
      "position": 4,
      "title": "How to Make $5000 Every Month With Affiliate2day - BeginDot",
      "link": "https://www.begindot.com/affiliate2day-review/",
      "displayed_link": "www.begindot.com › affiliate2day-review",
      "date": "Jul 11, 2018",
      "snippet": "If you can drive good quality traffic then you will make a lot more than with any other top affiliate networks. Affiliate2day is considered one of the top affiliate networks that offer you a number of different program types to make a good amount of money.",
      "rich_snippet": {
        "top": {
          "detected_extensions": {
            "rating": 5,
            "vote": 1
          },
          "extensions": [
            "Rating: 5",
            "1 vote"
          ]
        }
      },
      "cached_page_link": "https://webcache.googleusercontent.com/search?q=cache:vbamSi5JK4oJ:https://www.begindot.com/affiliate2day-review/+&cd=4&hl=en&ct=clnk&gl=us"
    },
    {
      "position": 5,
      "title": "Has anybody tried Affiliate2Day? - Digital Point Forums ...",
      "link": "https://forums.digitalpoint.com/threads/has-anybody-tried-affiliate2day.2382901/",
      "displayed_link": "forums.digitalpoint.com › ... › Affiliate Programs",
      "snippet": "I wonder if anyone of you tried working with affiliate2day.com? I came across ... So the review of affiliate2day.com is it's completely a scam site.",
      "rich_snippet": {
        "top": {
          "detected_extensions": {
            "jan_posts": 23,
            "authors": 8
          },
          "extensions": [
            "Jan 23, 2012 - 8 posts",
            "8 authors"
          ]
        }
      },
      "cached_page_link": "https://webcache.googleusercontent.com/search?q=cache:m8bUxQ2_JqAJ:https://forums.digitalpoint.com/threads/has-anybody-tried-affiliate2day.2382901/+&cd=5&hl=en&ct=clnk&gl=us",
      "related_pages_link": "https://www.google.com/search?q=related:https://forums.digitalpoint.com/threads/has-anybody-tried-affiliate2day.2382901/+affiliate2day+review&tbo=1&sa=X&ved=2ahUKEwiKtdDG_5TnAhUrFjQIHUX-A4QQHzAEegQIARAL"
    },
    {
      "position": 6,
      "title": "CPA Networks » Affiliate2day Review (2019)",
      "link": "http://www.affworks.com/affiliate2day-review/",
      "displayed_link": "www.affworks.com › affiliate2day-review",
      "snippet": "Affiliate2Day, a leading provider of affiliate marketing. We are one of the most trusted networks of high paying affiliate programs because we are able to offer ...",
      "cached_page_link": "http://webcache.googleusercontent.com/search?q=cache:DpzmyqPEnPoJ:www.affworks.com/affiliate2day-review/+&cd=6&hl=en&ct=clnk&gl=us"
    },
    {
      "position": 7,
      "title": "NEW - Affiliate2Day Reviews | BeerMoneyForum.com - We Help Each ...",
      "link": "https://www.beermoneyforum.com/threads/affiliate2day-reviews.14258/",
      "displayed_link": "www.beermoneyforum.com › ... › Affiliate Programs Reviews",
      "snippet": "Affiliate2Day is a leading dating affiliate network that provides independent publishers and affiliates with the possibility to earn on the dating ...",
      "rich_snippet": {
        "top": {
          "detected_extensions": {
            "apr_posts": 2,
            "authors": 2
          },
          "extensions": [
            "Apr 2, 2018 - 5 posts",
            "2 authors"
          ]
        }
      },
      "cached_page_link": "https://webcache.googleusercontent.com/search?q=cache:wzY6l-pC6XAJ:https://www.beermoneyforum.com/threads/affiliate2day-reviews.14258/+&cd=7&hl=en&ct=clnk&gl=us"
    },
    {
      "position": 8,
      "title": "affiliate2day Review - AffiliScore",
      "link": "https://affiliscore.com/affiliate2day/",
      "displayed_link": "affiliscore.com › CPA NETWORK",
      "date": "Jun 9, 2014",
      "snippet": "Affiliate2day presents an affiliate partnership program for two major dating websites: behappy2day.com and asiansingles2day.com.",
      "cached_page_link": "https://webcache.googleusercontent.com/search?q=cache:G7tlpiTNcuYJ:https://affiliscore.com/affiliate2day/+&cd=8&hl=en&ct=clnk&gl=us"
    },
    {
      "position": 9,
      "title": "Affiliate2Day",
      "link": "https://www.affiliate2day.com/",
      "displayed_link": "www.affiliate2day.com",
      "snippet": "Affiliate2Day is the top high paying dating site affiliate program in the dating niche with pay per lead, pay per sale, & pay per first order offers.",
      "cached_page_link": "https://webcache.googleusercontent.com/search?q=cache:H1-ft1qBmeEJ:https://www.affiliate2day.com/+&cd=9&hl=en&ct=clnk&gl=us",
      "related_pages_link": "https://www.google.com/search?q=related:https://www.affiliate2day.com/+affiliate2day+review&tbo=1&sa=X&ved=2ahUKEwiKtdDG_5TnAhUrFjQIHUX-A4QQHzAIegQICBAH"
    },
    {
      "position": 10,
      "title": "Affiliate2day Legit? | BlackHatWorld",
      "link": "https://www.blackhatworld.com/seo/affiliate2day-legit.782784/",
      "displayed_link": "www.blackhatworld.com › Forums › Making Money › CPA",
      "date": "Aug 17, 2015",
      "snippet": "Has anyone got paid affiliate2day? I've been promoting them for few days now. Couldn't find any genuine looking review about them anywhere ...",
      "cached_page_link": "https://webcache.googleusercontent.com/search?q=cache:eL-UtjEGoisJ:https://www.blackhatworld.com/seo/affiliate2day-legit.782784/+&cd=10&hl=en&ct=clnk&gl=us"
    }
  ],
  "pagination": {
    "current": 1,
    "next": "https://www.google.com/search?q=affiliate2day+review&ei=IxcnXsqXKaus0PEPxfyPoAg&start=10&sa=N&ved=2ahUKEwiKtdDG_5TnAhUrFjQIHUX-A4QQ8NMDegQICxBA",
    "other_pages": {
      "2": "https://www.google.com/search?q=affiliate2day+review&ei=IxcnXsqXKaus0PEPxfyPoAg&start=10&sa=N&ved=2ahUKEwiKtdDG_5TnAhUrFjQIHUX-A4QQ8tMDegQICxAu",
      "3": "https://www.google.com/search?q=affiliate2day+review&ei=IxcnXsqXKaus0PEPxfyPoAg&start=20&sa=N&ved=2ahUKEwiKtdDG_5TnAhUrFjQIHUX-A4QQ8tMDegQICxAw",
      "4": "https://www.google.com/search?q=affiliate2day+review&ei=IxcnXsqXKaus0PEPxfyPoAg&start=30&sa=N&ved=2ahUKEwiKtdDG_5TnAhUrFjQIHUX-A4QQ8tMDegQICxAy",
      "5": "https://www.google.com/search?q=affiliate2day+review&ei=IxcnXsqXKaus0PEPxfyPoAg&start=40&sa=N&ved=2ahUKEwiKtdDG_5TnAhUrFjQIHUX-A4QQ8tMDegQICxA0",
      "6": "https://www.google.com/search?q=affiliate2day+review&ei=IxcnXsqXKaus0PEPxfyPoAg&start=50&sa=N&ved=2ahUKEwiKtdDG_5TnAhUrFjQIHUX-A4QQ8tMDegQICxA2",
      "7": "https://www.google.com/search?q=affiliate2day+review&ei=IxcnXsqXKaus0PEPxfyPoAg&start=60&sa=N&ved=2ahUKEwiKtdDG_5TnAhUrFjQIHUX-A4QQ8tMDegQICxA4",
      "8": "https://www.google.com/search?q=affiliate2day+review&ei=IxcnXsqXKaus0PEPxfyPoAg&start=70&sa=N&ved=2ahUKEwiKtdDG_5TnAhUrFjQIHUX-A4QQ8tMDegQICxA6",
      "9": "https://www.google.com/search?q=affiliate2day+review&ei=IxcnXsqXKaus0PEPxfyPoAg&start=80&sa=N&ved=2ahUKEwiKtdDG_5TnAhUrFjQIHUX-A4QQ8tMDegQICxA8",
      "10": "https://www.google.com/search?q=affiliate2day+review&ei=IxcnXsqXKaus0PEPxfyPoAg&start=90&sa=N&ved=2ahUKEwiKtdDG_5TnAhUrFjQIHUX-A4QQ8tMDegQICxA-"
    }
  },
  "serpapi_pagination": {
    "current": 1,
    "next_link": "https://serpapi.com/search.json?device=desktop&engine=google&google_domain=google.com&q=affiliate2day+review&start=10&token=af07039172e5d655",
    "next": "https://serpapi.com/search.json?device=desktop&engine=google&google_domain=google.com&q=affiliate2day+review&start=10&token=af07039172e5d655",
    "other_pages": {
      "2": "https://serpapi.com/search.json?device=desktop&engine=google&google_domain=google.com&q=affiliate2day+review&start=10&token=af07039172e5d655",
      "3": "https://serpapi.com/search.json?device=desktop&engine=google&google_domain=google.com&q=affiliate2day+review&start=20&token=24a6229e56e27f03",
      "4": "https://serpapi.com/search.json?device=desktop&engine=google&google_domain=google.com&q=affiliate2day+review&start=30&token=9ac111c810a1fc6f",
      "5": "https://serpapi.com/search.json?device=desktop&engine=google&google_domain=google.com&q=affiliate2day+review&start=40&token=dc883b2f7c501659",
      "6": "https://serpapi.com/search.json?device=desktop&engine=google&google_domain=google.com&q=affiliate2day+review&start=50&token=1d10c19ace6a1279",
      "7": "https://serpapi.com/search.json?device=desktop&engine=google&google_domain=google.com&q=affiliate2day+review&start=60&token=5d8fa028341b26d8",
      "8": "https://serpapi.com/search.json?device=desktop&engine=google&google_domain=google.com&q=affiliate2day+review&start=70&token=b49f20842e402e97",
      "9": "https://serpapi.com/search.json?device=desktop&engine=google&google_domain=google.com&q=affiliate2day+review&start=80&token=2e9d57da7a27d486",
      "10": "https://serpapi.com/search.json?device=desktop&engine=google&google_domain=google.com&q=affiliate2day+review&start=90&token=8be2e8c2f6485857"
    }
  }
}