{
  "search_metadata": {
    "id": "",
    "status": "Success",
    "json_endpoint": "",
    "created_at": "2020-01-21 14:07:49 UTC",
    "processed_at": "2020-01-21 14:07:49 UTC",
    "google_url": "https://www.google.com/search?q=affiliate+id&oq=affiliate+id&sourceid=chrome&ie=UTF-8",
    "raw_html_file": "",
    "total_time_taken": 1.6
  },
  "search_parameters": {
    "engine": "google",
    "q": "affiliate id",
    "google_domain": "google.com",
    "device": "desktop"
  },
  "search_information": {
    "organic_results_state": "Results for exact spelling",
    "total_results": 592000000,
    "time_taken_displayed": 0.51,
    "query_displayed": "affiliate id"
  },
  "knowledge_graph": {},
  "related_questions": [
    {
      "question": "Where do I find my ClickBank affiliate ID?",
      "snippet": "When you log in to your ClickBank account, in the Dashboard section you can see your ClickBank Affiliate ID.Dec 12, 2018",
      "title": "How to find ClickBank affiliate ID in my ClickBank account? - RSS ...",
      "link": "https://help.rssground.com/article/118-how-to-find-clickbank-affiliate-id-in-my-account",
      "displayed_link": "help.rssground.com › article › 118-how-to-find-clickbank-affiliate-id-in..."
    },
    {
      "question": "How do I find my Amazon affiliate ID?",
      "snippet": "Access your Amazon affiliate ID at any time.Visit the Amazon Affiliate website provided in the Sources section of this article and sign in with your email address and password.Look to the left side of the Amazon Associates website to obtain your affiliate ID, also indicated as your tracking ID.",
      "title": "How to Get an Amazon Affiliate ID: 9 Steps (with Pictures)",
      "link": "https://www.wikihow.com/Get-an-Amazon-Affiliate-ID",
      "displayed_link": "www.wikihow.com › Get-an-Amazon-Affiliate-ID"
    },
    {
      "question": "How do I become an affiliate?",
      "snippet": "Here's a quick recap of what you need to do:Choose your niche.Research different affiliate programs and products.Build a site.Produce excellent content.Build an audience.Promote your affiliate product(s).Repeat steps #4–7 on a continual basis!Oct 17, 2018",
      "title": "Affiliate Marketing for Beginners: How to Make Your First Affiliate ...",
      "link": "https://www.affilorama.com/blog/first-affiliate-marketing-sale",
      "displayed_link": "www.affilorama.com › blog › first-affiliate-marketing-sale"
    },
    {
      "question": "How do I become an affiliate with Amazon?",
      "snippet": "Create Amazon Affiliate links.Create a website or blog. To become an Amazon Associate, you must have an active website, blog, app, or YouTube channel. ... Visit the Amazon Associates homepage. Now it's time to create your Amazon Associates account. ... Create Amazon Affiliate links.Mar 8, 2019",
      "title": "Everything You Need to Know About the Amazon Affiliate Program",
      "link": "https://blog.hubspot.com/sales/amazon-affiliate",
      "displayed_link": "blog.hubspot.com › sales › amazon-affiliate"
    }
  ],
  "organic_results": [
    {
      "position": 1,
      "title": "What is my Affiliate ID? – ClickBank Knowledge Base",
      "link": "https://support.clickbank.com/hc/en-us/articles/115010826808-What-is-my-Affiliate-ID-",
      "displayed_link": "support.clickbank.com › 115010826808-What-is-my-Affiliate-ID-",
      "date": "Oct 8, 2019",
      "snippet": "\"Affiliate ID\" is an alternate term for your Account Nickname. Some vendors use this term when explaining how to configure HopLinks.",
      "cached_page_link": "https://webcache.googleusercontent.com/search?q=cache:rMV7fYKMiIcJ:https://support.clickbank.com/hc/en-us/articles/115010826808-What-is-my-Affiliate-ID-+&cd=1&hl=en&ct=clnk&gl=us"
    },
    {
      "position": 2,
      "title": "How to Put an Affiliate ID on a Website | Chron.com",
      "link": "https://smallbusiness.chron.com/put-affiliate-id-website-51719.html",
      "displayed_link": "smallbusiness.chron.com › Accounting & Bookkeeping › Accounting",
      "snippet": "Affiliate marketing is one of the easiest ways to earn money online because you don't need your own product to sell. As an affiliate, you become a merchant's ...",
      "cached_page_link": "https://webcache.googleusercontent.com/search?q=cache:AfI82qAEJzAJ:https://smallbusiness.chron.com/put-affiliate-id-website-51719.html+&cd=2&hl=en&ct=clnk&gl=us"
    },
    {
      "position": 3,
      "title": "How to find your affiliate ID - Affiliates - Namecheap.com",
      "link": "https://www.namecheap.com/support/knowledgebase/article.aspx/10010/55/how-to-find-your-affiliate-id",
      "displayed_link": "www.namecheap.com › support › knowledgebase › article.aspx › ho...",
      "snippet": "So you have signed up for one of the Namecheap affiliate platforms and now need to find your affiliate ID. You can use the information below to find them for ...",
      "cached_page_link": "https://webcache.googleusercontent.com/search?q=cache:uQCxhjfAY8EJ:https://www.namecheap.com/support/knowledgebase/article.aspx/10010/55/how-to-find-your-affiliate-id+&cd=11&hl=en&ct=clnk&gl=us"
    },
    {
      "position": 4,
      "title": "Starting Affiliate ID - AffiliateWP",
      "link": "https://affiliatewp.com/add-ons/official-free/starting-affiliate-id/",
      "displayed_link": "affiliatewp.com › add-ons › official-free › starting-affiliate-id",
      "date": "Jul 11, 2019",
      "snippet": "The Starting Affiliate ID add-on allows you to: Set the ID of the first affiliate who registers for your new affiliate program, or; Set the ID for the next ...",
      "cached_page_link": "https://webcache.googleusercontent.com/search?q=cache:hs2mrZ8tSFwJ:https://affiliatewp.com/add-ons/official-free/starting-affiliate-id/+&cd=12&hl=en&ct=clnk&gl=us"
    },
    {
      "position": 5,
      "title": "How to Get an Amazon Affiliate ID: 9 Steps (with Pictures)",
      "link": "https://www.wikihow.com/Get-an-Amazon-Affiliate-ID",
      "displayed_link": "www.wikihow.com › ... › Shopping › Shopping Online › Amazon",
      "snippet": "To receive an Amazon affiliate ID, you must sign up for Amazon Associates; a free program that allows you to receive a commission, or referral amount, ...",
      "cached_page_link": "https://webcache.googleusercontent.com/search?q=cache:mvfSNiBez10J:https://www.wikihow.com/Get-an-Amazon-Affiliate-ID+&cd=13&hl=en&ct=clnk&gl=us"
    },
    {
      "position": 6,
      "title": "How to find ClickBank affiliate ID in my ClickBank account ...",
      "link": "https://help.rssground.com/article/118-how-to-find-clickbank-affiliate-id-in-my-account",
      "displayed_link": "help.rssground.com › Content Discovery",
      "date": "Dec 12, 2018",
      "snippet": "When you log in to your ClickBank account, in the Dashboard section you can see your ClickBank Affiliate ID. This ClickBank affiliate ID you ...",
      "cached_page_link": "https://webcache.googleusercontent.com/search?q=cache:FY7eJB8xQiUJ:https://help.rssground.com/article/118-how-to-find-clickbank-affiliate-id-in-my-account+&cd=14&hl=en&ct=clnk&gl=us"
    },
    {
      "position": 7,
      "title": "What is my advocate ID? – AWeber Knowledge Base",
      "link": "https://help.aweber.com/hc/en-us/articles/204029476-What-is-my-advocate-ID-",
      "displayed_link": "help.aweber.com › en-us › articles › 204029476-What-is-my-advocat...",
      "date": "Jun 24, 2019",
      "snippet": "Your advocate ID is a unique number assigned to you when you set up your advocate account - note that this is separate from your customer...",
      "cached_page_link": "https://webcache.googleusercontent.com/search?q=cache:BepHnPO9yWYJ:https://help.aweber.com/hc/en-us/articles/204029476-What-is-my-advocate-ID-+&cd=15&hl=en&ct=clnk&gl=us"
    },
    {
      "position": 8,
      "title": "How to find your ClickBank affiliate ID? - Datafeedr ...",
      "link": "https://datafeedrapi.helpscoutdocs.com/article/130-how-to-find-your-clickbank-affiliate-id",
      "displayed_link": "datafeedrapi.helpscoutdocs.com › General",
      "snippet": "Here's how to find your ClickBank affiliate ID: Login into your ClickBank control panel. Click on Account Settings. Your Account Nickname is your Clickbank affi.",
      "cached_page_link": "https://webcache.googleusercontent.com/search?q=cache:HadjLOEK8HkJ:https://datafeedrapi.helpscoutdocs.com/article/130-how-to-find-your-clickbank-affiliate-id+&cd=16&hl=en&ct=clnk&gl=us"
    },
    {
      "position": 9,
      "title": "Amazon Affiliate Program - Amazon.com",
      "link": "https://affiliate-program.amazon.com/",
      "displayed_link": "affiliate-program.amazon.com",
      "snippet": "Join the Amazon.com Associates Program and start earning money today. The Amazon Associates Program is one of the largest and most successful online ...",
      "cached_page_link": "https://webcache.googleusercontent.com/search?q=cache:QWl122yV-aUJ:https://affiliate-program.amazon.com/+&cd=17&hl=en&ct=clnk&gl=us",
      "related_pages_link": "https://www.google.com/search?q=related:https://affiliate-program.amazon.com/+affiliate+id&tbo=1&sa=X&ved=2ahUKEwiro6T37pTnAhWEQc0KHfSFAa8QHzAQegQIBhAH"
    },
    {
      "position": 10,
      "title": "How to find my Amazon affiliate ID - LinkDeli",
      "link": "https://linkdeli.com/page/how-to-find-my-amazon-affiliate-id",
      "displayed_link": "linkdeli.com › page › how-to-find-my-amazon-affiliate-id",
      "date": "Oct 31, 2017",
      "snippet": "amazon id. and put your amazon id on the LinkDeli input box, including the dash and the 20 at the end. amazon affiliate id. You only need to do ...",
      "cached_page_link": "https://webcache.googleusercontent.com/search?q=cache:WcxTSb3rHzIJ:https://linkdeli.com/page/how-to-find-my-amazon-affiliate-id+&cd=18&hl=en&ct=clnk&gl=us"
    }
  ],
  "related_search_boxes": [
    {
      "position": 1,
      "query": "Top affiliate marketing platforms",
      "results": []
    }
  ],
  "related_searches": [
    {
      "query": "how to get affiliate id",
      "link": "https://www.google.com/search?q=how+to+get+affiliate+id&sa=X&ved=2ahUKEwiro6T37pTnAhWEQc0KHfSFAa8Q1QIoAHoECA0QAQ"
    },
    {
      "query": "affiliate id clickbank",
      "link": "https://www.google.com/search?q=affiliate+id+clickbank&sa=X&ved=2ahUKEwiro6T37pTnAhWEQc0KHfSFAa8Q1QIoAXoECA0QAg"
    },
    {
      "query": "affiliate id examples",
      "link": "https://www.google.com/search?q=affiliate+id+examples&sa=X&ved=2ahUKEwiro6T37pTnAhWEQc0KHfSFAa8Q1QIoAnoECA0QAw"
    },
    {
      "query": "affiliate id asu",
      "link": "https://www.google.com/search?q=affiliate+id+asu&sa=X&ved=2ahUKEwiro6T37pTnAhWEQc0KHfSFAa8Q1QIoA3oECA0QBA"
    },
    {
      "query": "affiliate id upay",
      "link": "https://www.google.com/search?q=affiliate+id+upay&sa=X&ved=2ahUKEwiro6T37pTnAhWEQc0KHfSFAa8Q1QIoBHoECA0QBQ"
    },
    {
      "query": "12bet affiliate id",
      "link": "https://www.google.com/search?q=12bet+affiliate+id&sa=X&ved=2ahUKEwiro6T37pTnAhWEQc0KHfSFAa8Q1QIoBXoECA0QBg"
    },
    {
      "query": "amazon affiliate",
      "link": "https://www.google.com/search?q=amazon+affiliate&sa=X&ved=2ahUKEwiro6T37pTnAhWEQc0KHfSFAa8Q1QIoBnoECA0QBw"
    },
    {
      "query": "clickbank tracking id",
      "link": "https://www.google.com/search?q=clickbank+tracking+id&sa=X&ved=2ahUKEwiro6T37pTnAhWEQc0KHfSFAa8Q1QIoB3oECA0QCA"
    }
  ],
  "pagination": {
    "current": 1,
    "next": "https://www.google.com/search?q=affiliate+id&ei=tgUnXqvwEoSDtQb0i4b4Cg&start=10&sa=N&ved=2ahUKEwiro6T37pTnAhWEQc0KHfSFAa8Q8NMDegQIDxBA",
    "other_pages": {
      "2": "https://www.google.com/search?q=affiliate+id&ei=tgUnXqvwEoSDtQb0i4b4Cg&start=10&sa=N&ved=2ahUKEwiro6T37pTnAhWEQc0KHfSFAa8Q8tMDegQIDxAu",
      "3": "https://www.google.com/search?q=affiliate+id&ei=tgUnXqvwEoSDtQb0i4b4Cg&start=20&sa=N&ved=2ahUKEwiro6T37pTnAhWEQc0KHfSFAa8Q8tMDegQIDxAw",
      "4": "https://www.google.com/search?q=affiliate+id&ei=tgUnXqvwEoSDtQb0i4b4Cg&start=30&sa=N&ved=2ahUKEwiro6T37pTnAhWEQc0KHfSFAa8Q8tMDegQIDxAy",
      "5": "https://www.google.com/search?q=affiliate+id&ei=tgUnXqvwEoSDtQb0i4b4Cg&start=40&sa=N&ved=2ahUKEwiro6T37pTnAhWEQc0KHfSFAa8Q8tMDegQIDxA0",
      "6": "https://www.google.com/search?q=affiliate+id&ei=tgUnXqvwEoSDtQb0i4b4Cg&start=50&sa=N&ved=2ahUKEwiro6T37pTnAhWEQc0KHfSFAa8Q8tMDegQIDxA2",
      "7": "https://www.google.com/search?q=affiliate+id&ei=tgUnXqvwEoSDtQb0i4b4Cg&start=60&sa=N&ved=2ahUKEwiro6T37pTnAhWEQc0KHfSFAa8Q8tMDegQIDxA4",
      "8": "https://www.google.com/search?q=affiliate+id&ei=tgUnXqvwEoSDtQb0i4b4Cg&start=70&sa=N&ved=2ahUKEwiro6T37pTnAhWEQc0KHfSFAa8Q8tMDegQIDxA6",
      "9": "https://www.google.com/search?q=affiliate+id&ei=tgUnXqvwEoSDtQb0i4b4Cg&start=80&sa=N&ved=2ahUKEwiro6T37pTnAhWEQc0KHfSFAa8Q8tMDegQIDxA8",
      "10": "https://www.google.com/search?q=affiliate+id&ei=tgUnXqvwEoSDtQb0i4b4Cg&start=90&sa=N&ved=2ahUKEwiro6T37pTnAhWEQc0KHfSFAa8Q8tMDegQIDxA-"
    }
  },
  "serpapi_pagination": {
    "current": 1,
    "next_link": "https://serpapi.com/search.json?device=desktop&engine=google&google_domain=google.com&q=affiliate+id&start=10&token=556cf2edf5db5cc2",
    "next": "https://serpapi.com/search.json?device=desktop&engine=google&google_domain=google.com&q=affiliate+id&start=10&token=556cf2edf5db5cc2",
    "other_pages": {
      "2": "https://serpapi.com/search.json?device=desktop&engine=google&google_domain=google.com&q=affiliate+id&start=10&token=556cf2edf5db5cc2",
      "3": "https://serpapi.com/search.json?device=desktop&engine=google&google_domain=google.com&q=affiliate+id&start=20&token=71338b0db0dc4860",
      "4": "https://serpapi.com/search.json?device=desktop&engine=google&google_domain=google.com&q=affiliate+id&start=30&token=84b50a664f7ee6be",
      "5": "https://serpapi.com/search.json?device=desktop&engine=google&google_domain=google.com&q=affiliate+id&start=40&token=fecd904ad6ea5a79",
      "6": "https://serpapi.com/search.json?device=desktop&engine=google&google_domain=google.com&q=affiliate+id&start=50&token=e8a23e4a72ad6a88",
      "7": "https://serpapi.com/search.json?device=desktop&engine=google&google_domain=google.com&q=affiliate+id&start=60&token=5b50a20977f99b3d",
      "8": "https://serpapi.com/search.json?device=desktop&engine=google&google_domain=google.com&q=affiliate+id&start=70&token=d2b814a10491586d",
      "9": "https://serpapi.com/search.json?device=desktop&engine=google&google_domain=google.com&q=affiliate+id&start=80&token=d396a7f9f35b9e01",
      "10": "https://serpapi.com/search.json?device=desktop&engine=google&google_domain=google.com&q=affiliate+id&start=90&token=96b360d39e5d2b79"
    }
  }
}