{
  "search_metadata": {
    "id": "",
    "status": "Success",
    "json_endpoint": "",
    "created_at": "2020-01-21 14:19:55 UTC",
    "processed_at": "2020-01-21 14:19:55 UTC",
    "google_url": "https://www.google.com/search?q=affiliate+relations&oq=affiliate+relations&sourceid=chrome&ie=UTF-8",
    "raw_html_file": "",
    "total_time_taken": 0.92
  },
  "search_parameters": {
    "engine": "google",
    "q": "affiliate relations",
    "google_domain": "google.com",
    "device": "desktop"
  },
  "search_information": {
    "organic_results_state": "Results for exact spelling",
    "total_results": 540000000,
    "time_taken_displayed": 0.4,
    "query_displayed": "affiliate relations"
  },
  "knowledge_graph": {},
  "related_questions": [
    {
      "question": "What is an affiliate relationship?",
      "snippet": "The term affiliate is used to describe the relationship between two entities wherein one owns less than a majority stake in the other's stock. ... An affiliate is determined by the degree of ownership a parent company holds in another company. Ownership is generally less than 50% of the company's stock.May 12, 2019",
      "title": "Affiliate Definition - Investopedia",
      "link": "https://www.investopedia.com/terms/a/affiliate.asp",
      "displayed_link": "www.investopedia.com › terms › affiliate"
    },
    {
      "question": "What does it mean to be an affiliate?",
      "snippet": "Definition: A way for a company to sell its products by signing up individuals or companies (\"affiliates\") who market the company's products for a commission. There are two ways to approach affiliate marketing: You can offer an affiliate program to others or you can sign up to be another business's affiliate.",
      "title": "Affiliate Marketing Definition - Entrepreneur Small Business ...",
      "link": "https://www.entrepreneur.com/encyclopedia/affiliate-marketing",
      "displayed_link": "www.entrepreneur.com › encyclopedia › affiliate-marketing"
    },
    {
      "question": "What does an affiliate network do?",
      "snippet": "An affiliate network is a group of associated (or affiliated) companies that sometimes offer compatible or complementary products and will often pass leads to each other. ... They may offer cross-promotional deals, encouraging clients who have utilized their services to look into the services offered by an affiliate.Aug 23, 2019",
      "title": "Affiliate Network Definition - Investopedia",
      "link": "https://www.investopedia.com/terms/a/affiliate-network.asp",
      "displayed_link": "www.investopedia.com › terms › affiliate-network"
    },
    {
      "question": "How do I become an affiliate marketer?",
      "snippet": "Here's How to Start Affiliate Marketing on Your Blog in 8 Steps:Step 1: Create a Website or A Blog.Step 2: Choose an Industry, and then Niche Down.Step 3: Research Products in Your Niche that You Can Review.Step 4: Sign Up for the Amazon Affiliate Program.More items...•Jan 25, 2019",
      "title": "How to Start Affiliate Marketing for Beginners (A Step by Step Guide)",
      "link": "https://www.locationrebel.com/how-to-start-affiliate-marketing/",
      "displayed_link": "www.locationrebel.com › how-to-start-affiliate-marketing"
    }
  ],
  "organic_results": [
    {
      "position": 1,
      "title": "Affiliate relations Jobs | Glassdoor",
      "link": "https://www.glassdoor.com/Job/affiliate-relations-jobs-SRCH_KO0,19.htm",
      "displayed_link": "www.glassdoor.com › Job › affiliate-relations-jobs-SRCH_KO0,19",
      "snippet": "Minimum five years of Employee & Labor Relations experience with unions…. We are currently recruiting a Director, Labor & Employee Relations to join our team. ... AffiliateRelations - Virginia Beach, VA The Christian Broadcasting Network (CBN)is seeking an experienced Director of ...",
      "cached_page_link": "https://webcache.googleusercontent.com/search?q=cache:jL9nNmeT7T4J:https://www.glassdoor.com/Job/affiliate-relations-jobs-SRCH_KO0,19.htm+&cd=1&hl=en&ct=clnk&gl=us",
      "related_pages_link": "https://www.google.com/search?q=related:https://www.glassdoor.com/Job/affiliate-relations-jobs-SRCH_KO0,19.htm+affiliate+relations&tbo=1&sa=X&ved=2ahUKEwjImIHR8ZTnAhWpJTQIHWuFCCkQHzAAegQIAxAJ"
    },
    {
      "position": 2,
      "title": "Job Description Senior Director, Affiliate Relations - ymcdn",
      "link": "http://c.ymcdn.com/sites/affiliate.rebuildingtogether.org/resource/resmgr/human_resources/srdirectoraffiliaterelations.pdf",
      "displayed_link": "c.ymcdn.com › sites › resource › resmgr › human_resources › srdirec...",
      "snippet": "Senior Director, Affiliate Relations. Rebuilding Together is the nation's leading nonprofit working to preserve affordable homeownership and revitalize ...",
      "cached_page_link": "http://webcache.googleusercontent.com/search?q=cache:7omNjZp1CjEJ:c.ymcdn.com/sites/affiliate.rebuildingtogether.org/resource/resmgr/human_resources/srdirectoraffiliaterelations.pdf+&cd=10&hl=en&ct=clnk&gl=us",
      "related_pages_link": "https://www.google.com/search?q=related:c.ymcdn.com/sites/affiliate.rebuildingtogether.org/resource/resmgr/human_resources/srdirectoraffiliaterelations.pdf+affiliate+relations&tbo=1&sa=X&ved=2ahUKEwjImIHR8ZTnAhWpJTQIHWuFCCkQHzAJegQIBhAJ"
    },
    {
      "position": 3,
      "title": "Affiliate marketing - Wikipedia",
      "link": "https://en.wikipedia.org/wiki/Affiliate_marketing",
      "displayed_link": "en.wikipedia.org › wiki › Affiliate_marketing",
      "snippet": "Affiliate marketing is a type of performance-based marketing in which a business rewards one or more affiliates for each visitor or customer brought by the ...",
      "sitelinks": {
        "inline": [
          {
            "title": "Structure",
            "link": "https://en.wikipedia.org/wiki/Affiliate_marketing#Structure"
          },
          {
            "title": "History",
            "link": "https://en.wikipedia.org/wiki/Affiliate_marketing#History"
          },
          {
            "title": "Locating affiliate programs",
            "link": "https://en.wikipedia.org/wiki/Affiliate_marketing#Locating_affiliate_programs"
          },
          {
            "title": "Past and current issues",
            "link": "https://en.wikipedia.org/wiki/Affiliate_marketing#Past_and_current_issues"
          }
        ]
      },
      "cached_page_link": "https://webcache.googleusercontent.com/search?q=cache:Rsi_AOJNSuIJ:https://en.wikipedia.org/wiki/Affiliate_marketing+&cd=11&hl=en&ct=clnk&gl=us",
      "related_pages_link": "https://www.google.com/search?q=related:https://en.wikipedia.org/wiki/Affiliate_marketing+affiliate+relations&tbo=1&sa=X&ved=2ahUKEwjImIHR8ZTnAhWpJTQIHWuFCCkQHzAKegQIBBAJ"
    },
    {
      "position": 4,
      "title": "Affiliate Relations Resume Samples | Velvet Jobs",
      "link": "https://www.velvetjobs.com/resume/affiliate-relations-resume-sample",
      "displayed_link": "www.velvetjobs.com › resume › affiliate-relations-resume-sample",
      "snippet": "Affiliate Relations Resume Samples and examples of curated bullet points for your resume to help you get an interview.",
      "cached_page_link": "https://webcache.googleusercontent.com/search?q=cache:RRq4t-BUDA0J:https://www.velvetjobs.com/resume/affiliate-relations-resume-sample+&cd=12&hl=en&ct=clnk&gl=us"
    },
    {
      "position": 5,
      "title": "Director Affiliate Relation Jobs, Employment | Indeed.com",
      "link": "https://www.indeed.com/q-Director-Affiliate-Relation-jobs.html",
      "displayed_link": "www.indeed.com › q-Director-Affiliate-Relation-jobs",
      "snippet": "920 Director Affiliate Relation jobs available on Indeed.com. Apply to Director, Executive Director, Director of People and more!",
      "cached_page_link": "https://webcache.googleusercontent.com/search?q=cache:0ONhuoZFWlMJ:https://www.indeed.com/q-Director-Affiliate-Relation-jobs.html+&cd=13&hl=en&ct=clnk&gl=us"
    },
    {
      "position": 6,
      "title": "Affiliate Relations Coordinator Jobs, Employment | Indeed.com",
      "link": "https://www.indeed.com/q-Affiliate-Relations-Coordinator-jobs.html",
      "displayed_link": "www.indeed.com › q-Affiliate-Relations-Coordinator-jobs",
      "snippet": "267 Affiliate Relations Coordinator jobs available on Indeed.com. Apply to Coordinator, Senior Coordinator, Community Relations Coordinator and more!",
      "cached_page_link": "https://webcache.googleusercontent.com/search?q=cache:-zCoRSpMCNoJ:https://www.indeed.com/q-Affiliate-Relations-Coordinator-jobs.html+&cd=14&hl=en&ct=clnk&gl=us"
    },
    {
      "position": 7,
      "title": "Affiliate Relations Program Coordinator - Destination ...",
      "link": "https://www.destinationimagination.org/wp-content/uploads/Affiliate-Relations-Coordinator-DIHQ.pdf",
      "displayed_link": "www.destinationimagination.org › wp-content › uploads › Affiliate-R...",
      "snippet": "Position Title. Affiliate Relations Program Coordinator. Incumbent. Reports to. Director of Affiliate Relations. Location: Destination Imagination HQ, Cherry Hill, NJ.",
      "cached_page_link": "https://webcache.googleusercontent.com/search?q=cache:dC7NsV3AczEJ:https://www.destinationimagination.org/wp-content/uploads/Affiliate-Relations-Coordinator-DIHQ.pdf+&cd=15&hl=en&ct=clnk&gl=us"
    },
    {
      "position": 8,
      "title": "Now Hiring: Affiliate Relations Coordinator - Destination ...",
      "link": "https://www.destinationimagination.org/blog/now-hiring-affiliate-relations-coordinator/",
      "displayed_link": "www.destinationimagination.org › blog › now-hiring-affiliate-relation...",
      "date": "Oct 1, 2019",
      "snippet": "Destination Imagination, Inc. is seeking a full-time Affiliate Relations Program Coordinator in our headquarters office, located in Cherry Hill, ...",
      "cached_page_link": "https://webcache.googleusercontent.com/search?q=cache:ro4k3AlD0PUJ:https://www.destinationimagination.org/blog/now-hiring-affiliate-relations-coordinator/+&cd=16&hl=en&ct=clnk&gl=us"
    },
    {
      "position": 9,
      "title": "CBS hiring Manager, Affiliate Relations in New York City, NY ...",
      "link": "https://www.linkedin.com/jobs/view/manager-affiliate-relations-at-cbs-1525361793",
      "displayed_link": "www.linkedin.com › jobs › view › manager-affiliate-relations-at-cbs-15...",
      "snippet": "Manager, Affiliate Relations. CBSNew York City, NY, US. 4 months ago Be among the first 25 applicants. Smiling faces of LinkedIn members. See who CBS has ..."
    },
    {
      "position": 10,
      "title": "Affiliate Management: 5 ways to improve your affiliate ...",
      "link": "https://marketingland.com/affiliate-management-5-ways-to-improve-your-affiliate-relationships-in-2013-29997",
      "displayed_link": "marketingland.com › affiliate-management-5-ways-to-improve-your-...",
      "date": "Jan 4, 2013",
      "snippet": "Regardless of your affiliate situation, I wanted to share some ideas around how you can improve your affiliate relations in 2013.",
      "cached_page_link": "https://webcache.googleusercontent.com/search?q=cache:-WpLreQHbRwJ:https://marketingland.com/affiliate-management-5-ways-to-improve-your-affiliate-relationships-in-2013-29997+&cd=18&hl=en&ct=clnk&gl=us"
    }
  ],
  "related_searches": [
    {
      "query": "affiliate relations definition",
      "link": "https://www.google.com/search?q=affiliate+relations+definition&sa=X&ved=2ahUKEwjImIHR8ZTnAhWpJTQIHWuFCCkQ1QIoAHoECAsQAQ"
    },
    {
      "query": "affiliate relations job description",
      "link": "https://www.google.com/search?q=affiliate+relations+job+description&sa=X&ved=2ahUKEwjImIHR8ZTnAhWpJTQIHWuFCCkQ1QIoAXoECAsQAg"
    },
    {
      "query": "what is affiliate",
      "link": "https://www.google.com/search?q=what+is+affiliate&sa=X&ved=2ahUKEwjImIHR8ZTnAhWpJTQIHWuFCCkQ1QIoAnoECAsQAw"
    },
    {
      "query": "affiliate marketing meaning",
      "link": "https://www.google.com/search?q=affiliate+marketing+meaning&sa=X&ved=2ahUKEwjImIHR8ZTnAhWpJTQIHWuFCCkQ1QIoA3oECAsQBA"
    },
    {
      "query": "how to start affiliate marketing",
      "link": "https://www.google.com/search?q=how+to+start+affiliate+marketing&sa=X&ved=2ahUKEwjImIHR8ZTnAhWpJTQIHWuFCCkQ1QIoBHoECAsQBQ"
    },
    {
      "query": "affiliate marketing examples",
      "link": "https://www.google.com/search?q=affiliate+marketing+examples&sa=X&ved=2ahUKEwjImIHR8ZTnAhWpJTQIHWuFCCkQ1QIoBXoECAsQBg"
    },
    {
      "query": "affiliate company",
      "link": "https://www.google.com/search?q=affiliate+company&sa=X&ved=2ahUKEwjImIHR8ZTnAhWpJTQIHWuFCCkQ1QIoBnoECAsQBw"
    },
    {
      "query": "affiliate marketing companies",
      "link": "https://www.google.com/search?q=affiliate+marketing+companies&sa=X&ved=2ahUKEwjImIHR8ZTnAhWpJTQIHWuFCCkQ1QIoB3oECAsQCA"
    }
  ],
  "pagination": {
    "current": 1,
    "next": "https://www.google.com/search?q=affiliate+relations&ei=iwgnXoinFanL0PEP64qiyAI&start=10&sa=N&ved=2ahUKEwjImIHR8ZTnAhWpJTQIHWuFCCkQ8NMDegQIDRBA",
    "other_pages": {
      "2": "https://www.google.com/search?q=affiliate+relations&ei=iwgnXoinFanL0PEP64qiyAI&start=10&sa=N&ved=2ahUKEwjImIHR8ZTnAhWpJTQIHWuFCCkQ8tMDegQIDRAu",
      "3": "https://www.google.com/search?q=affiliate+relations&ei=iwgnXoinFanL0PEP64qiyAI&start=20&sa=N&ved=2ahUKEwjImIHR8ZTnAhWpJTQIHWuFCCkQ8tMDegQIDRAw",
      "4": "https://www.google.com/search?q=affiliate+relations&ei=iwgnXoinFanL0PEP64qiyAI&start=30&sa=N&ved=2ahUKEwjImIHR8ZTnAhWpJTQIHWuFCCkQ8tMDegQIDRAy",
      "5": "https://www.google.com/search?q=affiliate+relations&ei=iwgnXoinFanL0PEP64qiyAI&start=40&sa=N&ved=2ahUKEwjImIHR8ZTnAhWpJTQIHWuFCCkQ8tMDegQIDRA0",
      "6": "https://www.google.com/search?q=affiliate+relations&ei=iwgnXoinFanL0PEP64qiyAI&start=50&sa=N&ved=2ahUKEwjImIHR8ZTnAhWpJTQIHWuFCCkQ8tMDegQIDRA2",
      "7": "https://www.google.com/search?q=affiliate+relations&ei=iwgnXoinFanL0PEP64qiyAI&start=60&sa=N&ved=2ahUKEwjImIHR8ZTnAhWpJTQIHWuFCCkQ8tMDegQIDRA4",
      "8": "https://www.google.com/search?q=affiliate+relations&ei=iwgnXoinFanL0PEP64qiyAI&start=70&sa=N&ved=2ahUKEwjImIHR8ZTnAhWpJTQIHWuFCCkQ8tMDegQIDRA6",
      "9": "https://www.google.com/search?q=affiliate+relations&ei=iwgnXoinFanL0PEP64qiyAI&start=80&sa=N&ved=2ahUKEwjImIHR8ZTnAhWpJTQIHWuFCCkQ8tMDegQIDRA8",
      "10": "https://www.google.com/search?q=affiliate+relations&ei=iwgnXoinFanL0PEP64qiyAI&start=90&sa=N&ved=2ahUKEwjImIHR8ZTnAhWpJTQIHWuFCCkQ8tMDegQIDRA-"
    }
  },
  "serpapi_pagination": {
    "current": 1,
    "next_link": "https://serpapi.com/search.json?device=desktop&engine=google&google_domain=google.com&q=affiliate+relations&start=10&token=e4f1f860bc41e0e8",
    "next": "https://serpapi.com/search.json?device=desktop&engine=google&google_domain=google.com&q=affiliate+relations&start=10&token=e4f1f860bc41e0e8",
    "other_pages": {
      "2": "https://serpapi.com/search.json?device=desktop&engine=google&google_domain=google.com&q=affiliate+relations&start=10&token=e4f1f860bc41e0e8",
      "3": "https://serpapi.com/search.json?device=desktop&engine=google&google_domain=google.com&q=affiliate+relations&start=20&token=decc6546578c3ad9",
      "4": "https://serpapi.com/search.json?device=desktop&engine=google&google_domain=google.com&q=affiliate+relations&start=30&token=d795896b74c231c9",
      "5": "https://serpapi.com/search.json?device=desktop&engine=google&google_domain=google.com&q=affiliate+relations&start=40&token=b38923a3110c0391",
      "6": "https://serpapi.com/search.json?device=desktop&engine=google&google_domain=google.com&q=affiliate+relations&start=50&token=f57426e85b38d9d8",
      "7": "https://serpapi.com/search.json?device=desktop&engine=google&google_domain=google.com&q=affiliate+relations&start=60&token=e8734b152ece4152",
      "8": "https://serpapi.com/search.json?device=desktop&engine=google&google_domain=google.com&q=affiliate+relations&start=70&token=d3d69a9bbf3480a3",
      "9": "https://serpapi.com/search.json?device=desktop&engine=google&google_domain=google.com&q=affiliate+relations&start=80&token=1c3fa5c76ece7997",
      "10": "https://serpapi.com/search.json?device=desktop&engine=google&google_domain=google.com&q=affiliate+relations&start=90&token=d05182a726181af9"
    }
  }
}