{
  "search_metadata": {
    "id": "",
    "status": "Success",
    "json_endpoint": "",
    "created_at": "2020-01-21 14:23:08 UTC",
    "processed_at": "2020-01-21 14:23:08 UTC",
    "google_url": "https://www.google.com/search?q=affiliate+marketing+pdf+books&oq=affiliate+marketing+pdf+books&sourceid=chrome&ie=UTF-8",
    "raw_html_file": "",
    "total_time_taken": 1.93
  },
  "search_parameters": {
    "engine": "google",
    "q": "affiliate marketing pdf books",
    "google_domain": "google.com",
    "device": "desktop"
  },
  "search_information": {
    "organic_results_state": "Results for exact spelling",
    "total_results": 14500000,
    "time_taken_displayed": 0.49,
    "query_displayed": "affiliate marketing pdf books"
  },
  "ads": [
    {
      "position": 1,
      "block_position": "bottom",
      "title": "Shopify | Internet Affiliate Marketing‎",
      "link": "https://www.shopify.com/sell",
      "displayed_link": "www.shopify.com/",
      "tracking_link": "https://www.google.com/aclk?sa=l&ai=DChcSEwiUhtWt8pTnAhXStZYKHXHFCPsYABAAGgJ0bA&sig=AOD64_1rBJtkw9FhSjNZa1q32yNYjRILUw&q=&ved=2ahUKEwjQ2c6t8pTnAhWULqYKHSpxBIwQ0Qx6BAgTEAE&adurl=",
      "description": "Use One Tool To Manage All Your Products, Inventory, And Customers. Unlimited 24/7 Support. Mobile Commerce Ready. Full Blogging Platform. Fulfillment Integration. Fraud Prevention. Drop Shipping Integration. SEO Optimized. 99.99% Average Uptime.",
      "sitelinks": [
        {
          "title": "Find Products To Sell",
          "link": "http://www.shopify.com/oberlo"
        },
        {
          "title": "See Plans & Pricing",
          "link": "http://www.shopify.com/pricing"
        },
        {
          "title": "Market",
          "link": "https://www.shopify.com/market"
        },
        {
          "title": "Manage",
          "link": "https://www.shopify.com/manage"
        },
        {
          "title": "Shopify Plus® Enterprise",
          "link": "http://www.shopify.com/plus/enterprise-ecommerce"
        }
      ]
    },
    {
      "position": 2,
      "block_position": "bottom",
      "title": "TUNE | Affiliate Marketing Software‎",
      "link": "https://www.tune.com/affiliate-marketing/",
      "displayed_link": "www.tune.com/",
      "tracking_link": "https://www.google.com/aclk?sa=l&ai=DChcSEwiUhtWt8pTnAhXStZYKHXHFCPsYABAHGgJ0bA&sig=AOD64_35YTKqHKcQ2u61Zy6qP0EmJ4F93Q&q=&ved=2ahUKEwjQ2c6t8pTnAhWULqYKHSpxBIwQ0Qx6BAgUEAE&adurl=",
      "description": "Fully Customizable. Try TUNE Free For 30 Days! Platform-wide API. Cloud-based solution. Multi-currency & language. 99.9% uptime. Fully customizable. Real time reporting. Services: Affiliate Management, Affiliate Payment, Affiliate Tracking, Affiliate Fraud Analysis."
    },
    {
      "position": 3,
      "block_position": "bottom",
      "title": "Start Affiliate Marketing | Download Free E-Book‎",
      "link": "https://learntomakemoneynow.com/",
      "displayed_link": "www.learntomakemoneynow.com/Affiliate/Marketing",
      "tracking_link": "https://www.google.com/aclk?sa=l&ai=DChcSEwiUhtWt8pTnAhXStZYKHXHFCPsYABAIGgJ0bA&sig=AOD64_28Qx5SjnsjR4p_ZTwqFipNpURqTA&q=&ved=2ahUKEwjQ2c6t8pTnAhWULqYKHSpxBIwQ0Qx6BAgSEAE&adurl=",
      "description": "Learn The Best Technique Of Affiliate Marketing . Quick & Easy Setup. Free Helping Guide. Download The Free E-Book Now! You Can Earn Passive Income Easily. Follow The Guide Line. Free Book. Video Course. Instant Affiliate Income. Discover The Secret.",
      "sitelinks": [
        {
          "title": "How To Do Affiliate",
          "link": "https://learntomakemoneynow.com/affiliate-marketing/"
        },
        {
          "title": "About Us",
          "link": "https://learntomakemoneynow.com/beginner-affiliate-marketing/"
        },
        {
          "title": "Get Free E-Book",
          "link": "https://learntomakemoneynow.com/"
        },
        {
          "title": "Contact Us",
          "link": "https://learntomakemoneynow.com/contact-us/"
        }
      ]
    }
  ],
  "knowledge_graph": {},
  "related_questions": [
    {
      "question": "What is affiliate marketing and how does it work PDF?",
      "snippet": "Affiliate marketing is the process of earning a commission by promoting other people's (or company's) products. You find a product you like, promote it to others and earn a piece of the profit for each sale that you make.",
      "title": "Affiliate Marketing Made Simple: A Step-by-Step Guide - Neil Patel",
      "link": "https://neilpatel.com/what-is-affiliate-marketing/",
      "displayed_link": "neilpatel.com › what-is-affiliate-marketing"
    },
    {
      "question": "How do I become an affiliate marketer?",
      "snippet": "Here's How to Start Affiliate Marketing on Your Blog in 8 Steps:Step 1: Create a Website or A Blog.Step 2: Choose an Industry, and then Niche Down.Step 3: Research Products in Your Niche that You Can Review.Step 4: Sign Up for the Amazon Affiliate Program.More items...•Jan 25, 2019",
      "title": "How to Start Affiliate Marketing for Beginners (A Step by Step Guide)",
      "link": "https://www.locationrebel.com/how-to-start-affiliate-marketing/",
      "displayed_link": "www.locationrebel.com › how-to-start-affiliate-marketing"
    },
    {
      "question": "What's working in affiliate marketing in 2019?",
      "snippet": "Affiliate marketing is the process by which an affiliate earns a commission for marketing another person's or company's products. The affiliate simply searches for a product they enjoy, then promotes that product and earns a piece of the profit from each sale they make.",
      "title": "Affiliate Marketing in 2019: What It Is + How Beginners Can Start",
      "link": "https://www.bigcommerce.com/blog/affiliate-marketing/",
      "displayed_link": "www.bigcommerce.com › blog › affiliate-marketing"
    },
    {
      "question": "Can you make money from affiliate marketing?",
      "snippet": "Yes, you can make money through affiliate marketing. Good money. And, yes, you can even make money while you sleep. ... If you're already into affiliate marketing, you'll probably still find something in here you haven't thought of before.May 11, 2019",
      "title": "How to Make Money While You Sleep With Affiliate Marketing",
      "link": "https://optinmonster.com/get-started-with-affiliate-marketing/",
      "displayed_link": "optinmonster.com › get-started-with-affiliate-marketing"
    }
  ],
  "organic_results": [
    {
      "position": 1,
      "title": "affiliate marketing handbook - IAB",
      "link": "https://www.iab.com/wp-content/uploads/2016/11/IAB-Affiliate-Marketing-Handbook_2016.pdf",
      "displayed_link": "www.iab.com › wp-content › uploads › 2016/11 › IAB-Affiliate-Mar...",
      "snippet": "The 2016 Affiliate Marketing Handbook was compiled by the IAB Affiliate Marketing. Working ... and place of Affiliate Marketing in the modern digital marketplace.",
      "cached_page_link": "https://webcache.googleusercontent.com/search?q=cache:gvlBhOwLBm0J:https://www.iab.com/wp-content/uploads/2016/11/IAB-Affiliate-Marketing-Handbook_2016.pdf+&cd=1&hl=en&ct=clnk&gl=us"
    },
    {
      "position": 2,
      "title": "Affiliate Marketing for Beginners FREE PDF Download - eBook",
      "link": "https://internetaffiliatenetwork.com/book/affiliate-marketing-beginners-pdf-ebook",
      "displayed_link": "internetaffiliatenetwork.com › book › affiliate-marketing-beginners-p...",
      "snippet": "Affiliate Marketing for Beginners eBook: Have you ever imagined living a lifestyle where you can earn money anytime you choose too, and at your own comfort?",
      "rich_snippet": {
        "top": {
          "detected_extensions": {
            "rating": 3.5,
            "reviews": 25,
            "": 9.99
          },
          "extensions": [
            "Rating: 3.5",
            "25 reviews",
            "$9.99",
            "In stock"
          ]
        }
      },
      "cached_page_link": "https://webcache.googleusercontent.com/search?q=cache:Tap7CzgPHT0J:https://internetaffiliatenetwork.com/book/affiliate-marketing-beginners-pdf-ebook+&cd=2&hl=en&ct=clnk&gl=us"
    },
    {
      "position": 3,
      "title": "Your Complete Guide to Affiliate Marketing - PDF Book Preview",
      "link": "https://www.free-ebooks.net/marketplace/Your-Complete-Guide-to-Affiliate-Marketing/pdf/preview",
      "displayed_link": "www.free-ebooks.net › marketplace › pdf › preview",
      "snippet": "Free Download. PDF version of Your Complete Guide to Affiliate Marketing by James Damon. Apple, Android and Kindle formats also available.",
      "cached_page_link": "https://webcache.googleusercontent.com/search?q=cache:Sn2jmsjVrMoJ:https://www.free-ebooks.net/marketplace/Your-Complete-Guide-to-Affiliate-Marketing/pdf/preview+&cd=3&hl=en&ct=clnk&gl=us"
    },
    {
      "position": 4,
      "title": "The Ultimate Guide to Affiliate Marketing - Yuck Boys Live",
      "link": "https://307ntl34wci12hk39n1c9pfv-wpengine.netdna-ssl.com/wp-content/uploads/2017/06/AFFCelerator_UltimateGuide2.pdf",
      "displayed_link": "307ntl34wci12hk39n1c9pfv-wpengine.netdna-ssl.com › 2017/06 › A...",
      "snippet": "I want to tell you about an underground industry called affiliate marketing. Have you ever ... books and videos to learn from different champions. The blueprint for ... anything out. I've written up a PDF checklist here that'll be a huge help to you.",
      "cached_page_link": "https://webcache.googleusercontent.com/search?q=cache:uOb3y-W2qJ8J:https://307ntl34wci12hk39n1c9pfv-wpengine.netdna-ssl.com/wp-content/uploads/2017/06/AFFCelerator_UltimateGuide2.pdf+&cd=4&hl=en&ct=clnk&gl=us"
    },
    {
      "position": 5,
      "title": "Ebook Download Page – Ultimate Guide to Affiliate Marketing ...",
      "link": "https://charlesngo.com/ebook-download-page-ugam/",
      "displayed_link": "charlesngo.com › ebook-download-page-ugam",
      "date": "Mar 29, 2018",
      "snippet": "Here are all the books I promised you (and there are a few extras too). ... The Ultimate Guide to Affiliate Marketing PDFThe most comprehensive ...",
      "cached_page_link": "https://webcache.googleusercontent.com/search?q=cache:u4scvOgYZnIJ:https://charlesngo.com/ebook-download-page-ugam/+&cd=13&hl=en&ct=clnk&gl=us"
    },
    {
      "position": 6,
      "title": "Free Book: Affiliate Marketing Great Tips | PDF Download",
      "link": "https://www.bizmove.com/books/affiliate-marketing.htm",
      "displayed_link": "www.bizmove.com › books › affiliate-marketing",
      "snippet": "In this book you'll discover 101 great tips and ideas proven to kick-start your affiliate marketing. 1. Create a short e-book and post it on document sharing sites.",
      "cached_page_link": "https://webcache.googleusercontent.com/search?q=cache:R9G1US7eOgsJ:https://www.bizmove.com/books/affiliate-marketing.htm+&cd=14&hl=en&ct=clnk&gl=us"
    },
    {
      "position": 7,
      "title": "Top Affiliate Programs | Free eBook (PDF Download Books)",
      "link": "https://www.bizmove.com/internet/top-affiliate-programs.htm",
      "displayed_link": "www.bizmove.com › internet › top-affiliate-programs",
      "snippet": "Discover The Amazing Formula That will Turn Your Website into a Million Dollar Cash Machine - At Last, The Best Kept Secret of the Internet Marketing ...",
      "cached_page_link": "https://webcache.googleusercontent.com/search?q=cache:aZHNlGsy504J:https://www.bizmove.com/internet/top-affiliate-programs.htm+&cd=15&hl=en&ct=clnk&gl=us"
    },
    {
      "position": 8,
      "title": "(PDF) Book Review: Strategic Affiliate Marketing - ResearchGate",
      "link": "https://www.researchgate.net/publication/247767128_Book_Review_Strategic_Affiliate_Marketing",
      "displayed_link": "www.researchgate.net › publication › 247767128_Book_Review_Strate...",
      "date": "Aug 8, 2015",
      "snippet": "PDF | On Aug 1, 2004, Mukul P. Gupta and others published Book Review: Strategic Affiliate Marketing | Find, read and cite all the research you ..."
    },
    {
      "position": 9,
      "title": "Affiliate Marketing Made Simple: A Step-by-Step Guide",
      "link": "https://neilpatel.com/what-is-affiliate-marketing/",
      "displayed_link": "neilpatel.com › what-is-affiliate-marketing",
      "snippet": "Affiliate marketing is the process of earning a commission by promoting other ... like tools, books, toys and household items, the biggest affiliate network, by far, ...",
      "rich_snippet": {
        "bottom": {
          "questions": [
            "What is affiliate marketing?",
            "How much money can you make as an affiliate marketer?",
            "What are some of the most popular affilaite networks?",
            "Is affiliate marketing a pyramid scheme?"
          ]
        }
      }
    }
  ],
  "related_search_boxes": [
    {
      "position": 1,
      "query": "Affiliate network listView 3+ moreView 3+",
      "results": []
    }
  ],
  "related_searches": [
    {
      "query": "affiliate marketing 101 pdf",
      "link": "https://www.google.com/search?q=affiliate+marketing+101+pdf&sa=X&ved=2ahUKEwjQ2c6t8pTnAhWULqYKHSpxBIwQ1QIoAHoECBAQAQ"
    },
    {
      "query": "a practical guide to affiliate marketing pdf",
      "link": "https://www.google.com/search?q=a+practical+guide+to+affiliate+marketing+pdf&sa=X&ved=2ahUKEwjQ2c6t8pTnAhWULqYKHSpxBIwQ1QIoAXoECBAQAg"
    },
    {
      "query": "affiliate marketing strategy pdf",
      "link": "https://www.google.com/search?q=affiliate+marketing+strategy+pdf&sa=X&ved=2ahUKEwjQ2c6t8pTnAhWULqYKHSpxBIwQ1QIoAnoECBAQAw"
    },
    {
      "query": "the complete guide to affiliate marketing on the web pdf",
      "link": "https://www.google.com/search?q=the+complete+guide+to+affiliate+marketing+on+the+web+pdf&sa=X&ved=2ahUKEwjQ2c6t8pTnAhWULqYKHSpxBIwQ1QIoA3oECBAQBA"
    },
    {
      "query": "affiliate marketing pdf 2019",
      "link": "https://www.google.com/search?q=affiliate+marketing+pdf+2019&sa=X&ved=2ahUKEwjQ2c6t8pTnAhWULqYKHSpxBIwQ1QIoBHoECBAQBQ"
    },
    {
      "query": "affiliate marketing books pdf download",
      "link": "https://www.google.com/search?q=affiliate+marketing+books+pdf+download&sa=X&ved=2ahUKEwjQ2c6t8pTnAhWULqYKHSpxBIwQ1QIoBXoECBAQBg"
    },
    {
      "query": "clickbank affiliate marketing pdf",
      "link": "https://www.google.com/search?q=clickbank+affiliate+marketing+pdf&sa=X&ved=2ahUKEwjQ2c6t8pTnAhWULqYKHSpxBIwQ1QIoBnoECBAQBw"
    },
    {
      "query": "amazon affiliate marketing tutorial pdf",
      "link": "https://www.google.com/search?q=amazon+affiliate+marketing+tutorial+pdf&sa=X&ved=2ahUKEwjQ2c6t8pTnAhWULqYKHSpxBIwQ1QIoB3oECBAQCA"
    }
  ],
  "pagination": {
    "current": 1,
    "next": "https://www.google.com/search?q=affiliate+marketing+pdf+books&ei=TQknXpD_IZTdmAWq4pHgCA&start=10&sa=N&ved=2ahUKEwjQ2c6t8pTnAhWULqYKHSpxBIwQ8NMDegQIERBB",
    "other_pages": {
      "2": "https://www.google.com/search?q=affiliate+marketing+pdf+books&ei=TQknXpD_IZTdmAWq4pHgCA&start=10&sa=N&ved=2ahUKEwjQ2c6t8pTnAhWULqYKHSpxBIwQ8tMDegQIERAv",
      "3": "https://www.google.com/search?q=affiliate+marketing+pdf+books&ei=TQknXpD_IZTdmAWq4pHgCA&start=20&sa=N&ved=2ahUKEwjQ2c6t8pTnAhWULqYKHSpxBIwQ8tMDegQIERAx",
      "4": "https://www.google.com/search?q=affiliate+marketing+pdf+books&ei=TQknXpD_IZTdmAWq4pHgCA&start=30&sa=N&ved=2ahUKEwjQ2c6t8pTnAhWULqYKHSpxBIwQ8tMDegQIERAz",
      "5": "https://www.google.com/search?q=affiliate+marketing+pdf+books&ei=TQknXpD_IZTdmAWq4pHgCA&start=40&sa=N&ved=2ahUKEwjQ2c6t8pTnAhWULqYKHSpxBIwQ8tMDegQIERA1",
      "6": "https://www.google.com/search?q=affiliate+marketing+pdf+books&ei=TQknXpD_IZTdmAWq4pHgCA&start=50&sa=N&ved=2ahUKEwjQ2c6t8pTnAhWULqYKHSpxBIwQ8tMDegQIERA3",
      "7": "https://www.google.com/search?q=affiliate+marketing+pdf+books&ei=TQknXpD_IZTdmAWq4pHgCA&start=60&sa=N&ved=2ahUKEwjQ2c6t8pTnAhWULqYKHSpxBIwQ8tMDegQIERA5",
      "8": "https://www.google.com/search?q=affiliate+marketing+pdf+books&ei=TQknXpD_IZTdmAWq4pHgCA&start=70&sa=N&ved=2ahUKEwjQ2c6t8pTnAhWULqYKHSpxBIwQ8tMDegQIERA7",
      "9": "https://www.google.com/search?q=affiliate+marketing+pdf+books&ei=TQknXpD_IZTdmAWq4pHgCA&start=80&sa=N&ved=2ahUKEwjQ2c6t8pTnAhWULqYKHSpxBIwQ8tMDegQIERA9",
      "10": "https://www.google.com/search?q=affiliate+marketing+pdf+books&ei=TQknXpD_IZTdmAWq4pHgCA&start=90&sa=N&ved=2ahUKEwjQ2c6t8pTnAhWULqYKHSpxBIwQ8tMDegQIERA_"
    }
  },
  "serpapi_pagination": {
    "current": 1,
    "next_link": "https://serpapi.com/search.json?device=desktop&engine=google&google_domain=google.com&q=affiliate+marketing+pdf+books&start=10&token=4ffcd00e12db84c2",
    "next": "https://serpapi.com/search.json?device=desktop&engine=google&google_domain=google.com&q=affiliate+marketing+pdf+books&start=10&token=4ffcd00e12db84c2",
    "other_pages": {
      "2": "https://serpapi.com/search.json?device=desktop&engine=google&google_domain=google.com&q=affiliate+marketing+pdf+books&start=10&token=4ffcd00e12db84c2",
      "3": "https://serpapi.com/search.json?device=desktop&engine=google&google_domain=google.com&q=affiliate+marketing+pdf+books&start=20&token=1db4a57d6eefa23d",
      "4": "https://serpapi.com/search.json?device=desktop&engine=google&google_domain=google.com&q=affiliate+marketing+pdf+books&start=30&token=a655cf3fa3d046b2",
      "5": "https://serpapi.com/search.json?device=desktop&engine=google&google_domain=google.com&q=affiliate+marketing+pdf+books&start=40&token=b316d3bbca281fd1",
      "6": "https://serpapi.com/search.json?device=desktop&engine=google&google_domain=google.com&q=affiliate+marketing+pdf+books&start=50&token=941553cf3df8ac8c",
      "7": "https://serpapi.com/search.json?device=desktop&engine=google&google_domain=google.com&q=affiliate+marketing+pdf+books&start=60&token=0d31669c555d85f9",
      "8": "https://serpapi.com/search.json?device=desktop&engine=google&google_domain=google.com&q=affiliate+marketing+pdf+books&start=70&token=45c189c0490c46d5",
      "9": "https://serpapi.com/search.json?device=desktop&engine=google&google_domain=google.com&q=affiliate+marketing+pdf+books&start=80&token=7e65f7960d03566b",
      "10": "https://serpapi.com/search.json?device=desktop&engine=google&google_domain=google.com&q=affiliate+marketing+pdf+books&start=90&token=2a0dbf581b6e8f78"
    }
  }
}