{
  "search_metadata": {
    "id": "",
    "status": "Success",
    "json_endpoint": "",
    "created_at": "2020-01-21 14:49:57 UTC",
    "processed_at": "2020-01-21 14:49:57 UTC",
    "google_url": "https://www.google.com/search?q=affiliate+marketing+101+pdf&oq=affiliate+marketing+101+pdf&sourceid=chrome&ie=UTF-8",
    "raw_html_file": "",
    "total_time_taken": 4.32
  },
  "search_parameters": {
    "engine": "google",
    "q": "affiliate marketing 101 pdf",
    "google_domain": "google.com",
    "device": "desktop"
  },
  "search_information": {
    "organic_results_state": "Results for exact spelling",
    "total_results": 8780000,
    "time_taken_displayed": 0.54,
    "query_displayed": "affiliate marketing 101 pdf"
  },
  "knowledge_graph": {
    "see_more_about": [
      {
        "title": null
      },
      {
        "title": null
      }
    ]
  },
  "related_questions": [
    {
      "question": "What is affiliate marketing and how does it work PDF?",
      "snippet": "Affiliate marketing is the process of earning a commission by promoting other people's (or company's) products. You find a product you like, promote it to others and earn a piece of the profit for each sale that you make.",
      "title": "Affiliate Marketing Made Simple: A Step-by-Step Guide - Neil Patel",
      "link": "https://neilpatel.com/what-is-affiliate-marketing/",
      "displayed_link": "neilpatel.com › what-is-affiliate-marketing"
    },
    {
      "question": "How do I start an affiliate marketing business?",
      "snippet": "Here's How to Start Affiliate Marketing on Your Blog in 8 Steps:Step 1: Create a Website or A Blog.Step 2: Choose an Industry, and then Niche Down.Step 3: Research Products in Your Niche that You Can Review.Step 4: Sign Up for the Amazon Affiliate Program.More items...•Jan 25, 2019",
      "title": "How to Start Affiliate Marketing for Beginners (A Step by Step Guide)",
      "link": "https://www.locationrebel.com/how-to-start-affiliate-marketing/",
      "displayed_link": "www.locationrebel.com › how-to-start-affiliate-marketing"
    },
    {
      "question": "What is affiliate marketing and how does it work for beginners?",
      "snippet": "Affiliate marketing is the process by which an affiliate earns a commission for marketing another person's or company's products. The affiliate simply searches for a product they enjoy, then promotes that product and earns a piece of the profit from each sale they make.",
      "title": "Affiliate Marketing in 2019: What It Is + How Beginners Can Start",
      "link": "https://www.bigcommerce.com/blog/affiliate-marketing/",
      "displayed_link": "www.bigcommerce.com › blog › affiliate-marketing"
    },
    {
      "question": "What is the best affiliate marketing program?",
      "snippet": "Let's get into the top 15 affiliate websites any level of blogger can benefit from.ShareASale Affiliates. ... Amazon Associates. ... eBay Partners. ... Shopify Affiliate Program. ... Clickbank. ... Rakuten Marketing Affiliates. ... Leadpages Partner Program. ... StudioPress Affiliate Website.More items...•Oct 27, 2018",
      "title": "Top 15 Affiliate Marketing Websites & Programs For 2019 | Solvid",
      "link": "https://solvid.co.uk/top-affiliate-marketing-websites-and-programs/",
      "displayed_link": "solvid.co.uk › top-affiliate-marketing-websites-and-programs"
    }
  ],
  "organic_results": [
    {
      "position": 1,
      "title": "Affiliate Marketing Made Simple: A Step-by-Step Guide",
      "link": "https://neilpatel.com/what-is-affiliate-marketing/",
      "displayed_link": "neilpatel.com › what-is-affiliate-marketing",
      "snippet": "For 99% of people, affiliate marketing is how they get started. The idea behind it is that you promote other people's products, often through an affiliate network, ...",
      "rich_snippet": {
        "bottom": {
          "questions": [
            "What is affiliate marketing?",
            "How much money can you make as an affiliate marketer?",
            "What are some of the most popular affilaite networks?",
            "Is affiliate marketing a pyramid scheme?"
          ]
        }
      }
    },
    {
      "position": 2,
      "title": "Affiliate Marketing 101 PDF - Online Success Strategies",
      "link": "https://tim-halloran.com/affiliate-marketing-101-pdf/",
      "displayed_link": "tim-halloran.com › affiliate-marketing-101-pdf",
      "date": "Sep 6, 2017",
      "snippet": "Affiliate marketing 101 pdf - Learn the basics of affilaite marketing and the best practices for long term affiliate marketing success.",
      "cached_page_link": "https://webcache.googleusercontent.com/search?q=cache:ku7W6kIc884J:https://tim-halloran.com/affiliate-marketing-101-pdf/+&cd=3&hl=en&ct=clnk&gl=us"
    },
    {
      "position": 3,
      "title": "The Ultimate Guide to Affiliate Marketing - Yuck Boys Live",
      "link": "https://307ntl34wci12hk39n1c9pfv-wpengine.netdna-ssl.com/wp-content/uploads/2017/06/AFFCelerator_UltimateGuide2.pdf",
      "displayed_link": "307ntl34wci12hk39n1c9pfv-wpengine.netdna-ssl.com › 2017/06 › A...",
      "snippet": "I want to tell you about an underground industry called affiliate marketing. ... Page 101 ... I've written up a PDF checklist here that'll be a huge help to you.",
      "cached_page_link": "https://webcache.googleusercontent.com/search?q=cache:uOb3y-W2qJ8J:https://307ntl34wci12hk39n1c9pfv-wpengine.netdna-ssl.com/wp-content/uploads/2017/06/AFFCelerator_UltimateGuide2.pdf+&cd=4&hl=en&ct=clnk&gl=us"
    },
    {
      "position": 4,
      "title": "Affiliate Marketing 101 - PDF Book Preview - Free-eBooks.net",
      "link": "https://www.free-ebooks.net/advertising/Affiliate-Marketing-101/pdf/preview",
      "displayed_link": "www.free-ebooks.net › Advertising Books › Affiliate Marketing 101",
      "snippet": "Free Download. PDF version of Affiliate Marketing 101 by Douglas Michael. Apple, Android and Kindle formats also available.",
      "cached_page_link": "https://webcache.googleusercontent.com/search?q=cache:zs6ZnXRQEzwJ:https://www.free-ebooks.net/advertising/Affiliate-Marketing-101/pdf/preview+&cd=5&hl=en&ct=clnk&gl=us"
    },
    {
      "position": 5,
      "title": "affiliate marketing handbook - IAB",
      "link": "https://www.iab.com/wp-content/uploads/2016/11/IAB-Affiliate-Marketing-Handbook_2016.pdf",
      "displayed_link": "www.iab.com › wp-content › uploads › 2016/11 › IAB-Affiliate-Mar...",
      "snippet": "The 2016 Affiliate Marketing Handbook was compiled by the IAB Affiliate Marketing. Working ... and place of Affiliate Marketing in the modern digital marketplace.",
      "cached_page_link": "https://webcache.googleusercontent.com/search?q=cache:gvlBhOwLBm0J:https://www.iab.com/wp-content/uploads/2016/11/IAB-Affiliate-Marketing-Handbook_2016.pdf+&cd=14&hl=en&ct=clnk&gl=us"
    },
    {
      "position": 6,
      "title": "Affiliate Marketing 101 - Higher Level Strategies Inc",
      "link": "http://higherlevelstrategies.com/bonusfactory/wp-content/uploads/2015/02/AffiliateMarketing101-PDF.pdf",
      "displayed_link": "higherlevelstrategies.com › wp-content › uploads › 2015/02 › Affiliate...",
      "snippet": "A Systemic Approach To Affiliate Marketing. There's lots of money to be made by promoting other peoples products as long as you understand the way it works ..."
    },
    {
      "position": 7,
      "title": "Income To Wealth's Affiliate Marketing 101",
      "link": "http://incometowealth.com/wp-content/uploads/2019/02/Income-To-Wealths-Affiliate-Marketing-101.pdf",
      "displayed_link": "incometowealth.com › wp-content › uploads › 2019/02 › Income-To-...",
      "snippet": "This eBook is a guide to setting up a successful affiliate marketing website. It provides a step-by-step guide as well as the best resources in the industry for ...",
      "cached_page_link": "http://webcache.googleusercontent.com/search?q=cache:U4XlF7-cCLAJ:incometowealth.com/wp-content/uploads/2019/02/Income-To-Wealths-Affiliate-Marketing-101.pdf+&cd=16&hl=en&ct=clnk&gl=us"
    },
    {
      "position": 8,
      "title": "Free Book: Affiliate Marketing Great Tips | PDF Download",
      "link": "https://www.bizmove.com/books/affiliate-marketing.htm",
      "displayed_link": "www.bizmove.com › books › affiliate-marketing",
      "snippet": "In this book you'll discover 101 great tips and ideas proven to kick-start your affiliate marketing. 1. Create a short e-book and post it on document sharing sites.",
      "cached_page_link": "https://webcache.googleusercontent.com/search?q=cache:R9G1US7eOgsJ:https://www.bizmove.com/books/affiliate-marketing.htm+&cd=17&hl=en&ct=clnk&gl=us"
    },
    {
      "position": 9,
      "title": "Affiliate Marketing 101 - Acceleration Partners",
      "link": "https://www.accelerationpartners.com/affiliate-marketing-101/",
      "displayed_link": "www.accelerationpartners.com › affiliate-marketing-101",
      "snippet": "Learn what affiliate marketing is and how it works with this helpful 101 guide. Perfect for ... marketing. Only at Acceleration Partners, the world's top affiliate marketing management agency. ... Download the Affiliate Marketing 101 PDF here.",
      "cached_page_link": "https://webcache.googleusercontent.com/search?q=cache:tm8gvOUlljAJ:https://www.accelerationpartners.com/affiliate-marketing-101/+&cd=18&hl=en&ct=clnk&gl=us"
    }
  ],
  "related_search_boxes": [
    {
      "position": 1,
      "query": "Top affiliate marketing platforms",
      "results": []
    }
  ],
  "related_searches": [
    {
      "query": "affiliate marketing pdf",
      "link": "https://www.google.com/search?q=affiliate+marketing+pdf&sa=X&ved=2ahUKEwi64_2t-JTnAhV9GTQIHSf0AwgQ1QIoAHoECAsQAQ"
    },
    {
      "query": "how to start affiliate marketing",
      "link": "https://www.google.com/search?q=how+to+start+affiliate+marketing&sa=X&ved=2ahUKEwi64_2t-JTnAhV9GTQIHSf0AwgQ1QIoAXoECAsQAg"
    },
    {
      "query": "affiliate marketing strategy pdf",
      "link": "https://www.google.com/search?q=affiliate+marketing+strategy+pdf&sa=X&ved=2ahUKEwi64_2t-JTnAhV9GTQIHSf0AwgQ1QIoAnoECAsQAw"
    },
    {
      "query": "affiliate marketing pdf 2019",
      "link": "https://www.google.com/search?q=affiliate+marketing+pdf+2019&sa=X&ved=2ahUKEwi64_2t-JTnAhV9GTQIHSf0AwgQ1QIoA3oECAsQBA"
    },
    {
      "query": "affiliate marketing meaning",
      "link": "https://www.google.com/search?q=affiliate+marketing+meaning&sa=X&ved=2ahUKEwi64_2t-JTnAhV9GTQIHSf0AwgQ1QIoBHoECAsQBQ"
    },
    {
      "query": "a practical guide to affiliate marketing pdf",
      "link": "https://www.google.com/search?q=a+practical+guide+to+affiliate+marketing+pdf&sa=X&ved=2ahUKEwi64_2t-JTnAhV9GTQIHSf0AwgQ1QIoBXoECAsQBg"
    },
    {
      "query": "affiliate marketing for beginners",
      "link": "https://www.google.com/search?q=affiliate+marketing+for+beginners&sa=X&ved=2ahUKEwi64_2t-JTnAhV9GTQIHSf0AwgQ1QIoBnoECAsQBw"
    },
    {
      "query": "the complete guide to affiliate marketing on the web pdf",
      "link": "https://www.google.com/search?q=the+complete+guide+to+affiliate+marketing+on+the+web+pdf&sa=X&ved=2ahUKEwi64_2t-JTnAhV9GTQIHSf0AwgQ1QIoB3oECAsQCA"
    }
  ],
  "pagination": {
    "current": 1,
    "next": "https://www.google.com/search?q=affiliate+marketing+101+pdf&ei=mA8nXrq3Of2y0PEPp-iPQA&start=10&sa=N&ved=2ahUKEwi64_2t-JTnAhV9GTQIHSf0AwgQ8NMDegQIERBA",
    "other_pages": {
      "2": "https://www.google.com/search?q=affiliate+marketing+101+pdf&ei=mA8nXrq3Of2y0PEPp-iPQA&start=10&sa=N&ved=2ahUKEwi64_2t-JTnAhV9GTQIHSf0AwgQ8tMDegQIERAu",
      "3": "https://www.google.com/search?q=affiliate+marketing+101+pdf&ei=mA8nXrq3Of2y0PEPp-iPQA&start=20&sa=N&ved=2ahUKEwi64_2t-JTnAhV9GTQIHSf0AwgQ8tMDegQIERAw",
      "4": "https://www.google.com/search?q=affiliate+marketing+101+pdf&ei=mA8nXrq3Of2y0PEPp-iPQA&start=30&sa=N&ved=2ahUKEwi64_2t-JTnAhV9GTQIHSf0AwgQ8tMDegQIERAy",
      "5": "https://www.google.com/search?q=affiliate+marketing+101+pdf&ei=mA8nXrq3Of2y0PEPp-iPQA&start=40&sa=N&ved=2ahUKEwi64_2t-JTnAhV9GTQIHSf0AwgQ8tMDegQIERA0",
      "6": "https://www.google.com/search?q=affiliate+marketing+101+pdf&ei=mA8nXrq3Of2y0PEPp-iPQA&start=50&sa=N&ved=2ahUKEwi64_2t-JTnAhV9GTQIHSf0AwgQ8tMDegQIERA2",
      "7": "https://www.google.com/search?q=affiliate+marketing+101+pdf&ei=mA8nXrq3Of2y0PEPp-iPQA&start=60&sa=N&ved=2ahUKEwi64_2t-JTnAhV9GTQIHSf0AwgQ8tMDegQIERA4",
      "8": "https://www.google.com/search?q=affiliate+marketing+101+pdf&ei=mA8nXrq3Of2y0PEPp-iPQA&start=70&sa=N&ved=2ahUKEwi64_2t-JTnAhV9GTQIHSf0AwgQ8tMDegQIERA6",
      "9": "https://www.google.com/search?q=affiliate+marketing+101+pdf&ei=mA8nXrq3Of2y0PEPp-iPQA&start=80&sa=N&ved=2ahUKEwi64_2t-JTnAhV9GTQIHSf0AwgQ8tMDegQIERA8",
      "10": "https://www.google.com/search?q=affiliate+marketing+101+pdf&ei=mA8nXrq3Of2y0PEPp-iPQA&start=90&sa=N&ved=2ahUKEwi64_2t-JTnAhV9GTQIHSf0AwgQ8tMDegQIERA-"
    }
  },
  "serpapi_pagination": {
    "current": 1,
    "next_link": "https://serpapi.com/search.json?device=desktop&engine=google&google_domain=google.com&q=affiliate+marketing+101+pdf&start=10&token=bff005208ee8b386",
    "next": "https://serpapi.com/search.json?device=desktop&engine=google&google_domain=google.com&q=affiliate+marketing+101+pdf&start=10&token=bff005208ee8b386",
    "other_pages": {
      "2": "https://serpapi.com/search.json?device=desktop&engine=google&google_domain=google.com&q=affiliate+marketing+101+pdf&start=10&token=bff005208ee8b386",
      "3": "https://serpapi.com/search.json?device=desktop&engine=google&google_domain=google.com&q=affiliate+marketing+101+pdf&start=20&token=bd360dc930acbf9a",
      "4": "https://serpapi.com/search.json?device=desktop&engine=google&google_domain=google.com&q=affiliate+marketing+101+pdf&start=30&token=75324498a19504bc",
      "5": "https://serpapi.com/search.json?device=desktop&engine=google&google_domain=google.com&q=affiliate+marketing+101+pdf&start=40&token=405bbf7725ae5bb8",
      "6": "https://serpapi.com/search.json?device=desktop&engine=google&google_domain=google.com&q=affiliate+marketing+101+pdf&start=50&token=a084939c7ea5dacc",
      "7": "https://serpapi.com/search.json?device=desktop&engine=google&google_domain=google.com&q=affiliate+marketing+101+pdf&start=60&token=c6609d2bb790f8eb",
      "8": "https://serpapi.com/search.json?device=desktop&engine=google&google_domain=google.com&q=affiliate+marketing+101+pdf&start=70&token=c0d276707c19a585",
      "9": "https://serpapi.com/search.json?device=desktop&engine=google&google_domain=google.com&q=affiliate+marketing+101+pdf&start=80&token=3a9318bfdd31dc20",
      "10": "https://serpapi.com/search.json?device=desktop&engine=google&google_domain=google.com&q=affiliate+marketing+101+pdf&start=90&token=003b5b51e9295505"
    }
  }
}