{
  "search_metadata": {
    "id": "",
    "status": "Success",
    "json_endpoint": "",
    "created_at": "2020-01-21 14:28:36 UTC",
    "processed_at": "2020-01-21 14:28:36 UTC",
    "google_url": "https://www.google.com/search?q=affiliate+review&oq=affiliate+review&sourceid=chrome&ie=UTF-8",
    "raw_html_file": "",
    "total_time_taken": 3.11
  },
  "search_parameters": {
    "engine": "google",
    "q": "affiliate review",
    "google_domain": "google.com",
    "device": "desktop"
  },
  "search_information": {
    "organic_results_state": "Results for exact spelling",
    "total_results": 594000000,
    "time_taken_displayed": 0.6,
    "query_displayed": "affiliate review"
  },
  "ads": [
    {
      "position": 1,
      "block_position": "top",
      "title": "2019 Wealthy Affiliate Review | My Likes & Dislikes Revealed.‎",
      "link": "https://affiliatemarketingrocks.org/is-wealthy-affiliate-a-scam-my-10-reasons-it-is-not",
      "displayed_link": "www.affiliatemarketingrocks.org/",
      "tracking_link": "https://www.google.com/aclk?sa=l&ai=DChcSEwjulIzK85TnAhWFqpYKHdmOC8UYABAAGgJ0bA&sig=AOD64_1jR1VCU_QmNwLdaJ4tU6GZl3ZZHQ&q=&ved=2ahUKEwiv9oXK85TnAhVjyIsBHRoTAfcQ0Qx6BAgOEAE&adurl=",
      "description": "My Full Review of Wealthy Affiliate - Read this before joining the community. Training. Support. Keyword Tool. Websites.",
      "sitelinks": [
        {
          "title": "Marketing Training",
          "link": "https://affiliatemarketingrocks.org/how-does-affiliate-marketing-work"
        },
        {
          "title": "About Us",
          "link": "https://affiliatemarketingrocks.org/about-us"
        }
      ]
    }
  ],
  "knowledge_graph": {},
  "inline_videos": [
    {
      "title": "Wealthy Affiliate Review 2020 (HONEST REVIEW)",
      "link": "https://www.youtube.com/watch?v=UuMPmwasV2k",
      "thumbnail": "https://encrypted-tbn0.gstatic.com/images?q=tbn:ANd9GcS6q0EVOzWXZlJotxoz6JXqRHPowayOVnQcc5juNFjLD-WscOEGUcyPoM1x7w",
      "channel": "Simon Gorges",
      "duration": "14:14",
      "platform": "YouTube",
      "date": "May 8, 2019"
    },
    {
      "title": "Wealthy Affiliate Review: Shocking WealthyAffiliate.com ...",
      "link": "https://www.youtube.com/watch?v=ykOIf0Z8hLk",
      "thumbnail": "https://encrypted-tbn1.gstatic.com/images?q=tbn:ANd9GcS3oru-xsonhX7jPUjxLloZYrQSNxw-Ieo-JS43KTYpyk0otj-ZxqItfNCK",
      "channel": "Work At Home No Scams ...",
      "duration": "10:00",
      "platform": "YouTube",
      "date": "Sep 24, 2019"
    },
    {
      "title": "Affiliate Marketing Review Sites- How To Make $500 Per Day",
      "link": "https://www.youtube.com/watch?v=SjKDedTU0ms",
      "thumbnail": "https://encrypted-tbn1.gstatic.com/images?q=tbn:ANd9GcR7CsJdRKXP40KcX1FZf0v8ul-P-4hFm11bPQA8A9IhUZYO4oP887noHu-P",
      "channel": "Zach Crawford",
      "duration": "14:40",
      "platform": "YouTube",
      "date": "Apr 15, 2018"
    },
    {
      "title": "Can You Make Money Online With Affiliate Review Sites?",
      "link": "https://www.youtube.com/watch?v=Z1Zzl-toAas",
      "thumbnail": "https://encrypted-tbn3.gstatic.com/images?q=tbn:ANd9GcQBH9DfkSUI1BUertrVl_A9d5sP4fN6PB_zIwpJ0aK5hX58MLXf-PwHaa9p",
      "channel": "affiliatemarketingmc",
      "duration": "17:35",
      "platform": "YouTube",
      "date": "Sep 1, 2017"
    },
    {
      "title": "Wealthy Affiliate Review - Biggest Scam Of 2018 2019? Or ...",
      "link": "https://www.youtube.com/watch?v=Qgl0D7SvUMI",
      "thumbnail": "https://encrypted-tbn3.gstatic.com/images?q=tbn:ANd9GcR0B9NHhWa5--zeabfqH7biji1GWJSHd-HVThey98DgK73vS6anNpUEexGDdA",
      "channel": "Jesse Singh",
      "duration": "12:04",
      "platform": "YouTube",
      "date": "Dec 1, 2018"
    },
    {
      "title": "12 Minute Affiliate Review | Beginner Affiliate Marketing ...",
      "link": "https://www.youtube.com/watch?v=EkiJ06Zbkxs",
      "thumbnail": "https://encrypted-tbn2.gstatic.com/images?q=tbn:ANd9GcRF2X8raRCigPiX2wp7qX-NoDTTkn3POwif-cEESXgnENu7Jy307xParmQdmg",
      "channel": "Manifest Freedom",
      "duration": "18:41",
      "platform": "YouTube",
      "date": "Jun 30, 2019"
    },
    {
      "title": "HOW TO MAKE MONEY ON WEALTHY AFFILIATE 2019 - MY ...",
      "link": "https://www.youtube.com/watch?v=VpObKllS1_I",
      "thumbnail": "https://encrypted-tbn1.gstatic.com/images?q=tbn:ANd9GcRW05zudmTBQ-f8sWJKWAwHuCjUvAWPsEwzBBcoDJFHvKljoY_diwX-Ys7dFQ",
      "channel": "Michael Day",
      "duration": "9:23",
      "platform": "YouTube",
      "date": "Mar 20, 2019"
    },
    {
      "title": "Wealthy Affiliate Review for 2018: Is it legit? Scam or Does it ...",
      "link": "https://www.youtube.com/watch?v=gf8xuI5OlXs",
      "thumbnail": "https://encrypted-tbn1.gstatic.com/images?q=tbn:ANd9GcTie3UDWp85zFkfwdL-sxvFK066VkK1MLJQcORKHVipVZHAULSrSsA6CVT7",
      "channel": "Justin Meister",
      "duration": "12:14",
      "platform": "YouTube",
      "date": "May 1, 2018"
    },
    {
      "title": "How I Lost $53125 With HostGator.. HostGator Scam Affiliate ...",
      "link": "https://www.youtube.com/watch?v=b6IXLcHcfTI",
      "thumbnail": "https://encrypted-tbn0.gstatic.com/images?q=tbn:ANd9GcSYqErfUpRSlwcyyzhsxo23TWOixv-yVqFLBvNHuh2a0MMGVgK_15VqFd_E",
      "channel": "Darrel Wilson",
      "duration": "13:38",
      "platform": "YouTube",
      "date": "Jun 23, 2019"
    },
    {
      "title": "How To Make an AFFILIATE MARKETING REVIEW WEBSITE ...",
      "link": "https://www.youtube.com/watch?v=AgFBLGkD2cE",
      "thumbnail": "https://encrypted-tbn0.gstatic.com/images?q=tbn:ANd9GcTwBmJADXSpyLPvU1Qh7f2T1uN5utQkcwebxAeoMMmYT49sfJ31PAbPj0ux-RvP",
      "channel": "WP Eagle",
      "duration": "1:35:16",
      "platform": "YouTube",
      "date": "Jul 14, 2016"
    }
  ],
  "related_questions": [
    {
      "question": "Is Wealthy Affiliate legitimate?",
      "snippet": "Wealthy Affiliate is legit with all the… Wealthy Affiliate is legit with all the resources you need at your fingertips. This website makes their affiliates successful. It takes a lot of hard work to get indexed and ranked, with Wealthy Affiliate you can see it in the affiliate websites.",
      "title": "Wealthyaffiliate Reviews | Read Customer Service Reviews of ...",
      "link": "https://www.trustpilot.com/review/wealthyaffiliate.com",
      "displayed_link": "www.trustpilot.com › review › wealthyaffiliate"
    },
    {
      "question": "Can you really make money with affiliate marketing?",
      "snippet": "Can you make money with affiliate marketing? The short answer is yes, affiliate programs can earn extra money and even a full-time income from home.",
      "title": "Can You Really Make Money with Affiliate Marketing?",
      "link": "https://www.thebalancesmb.com/can-you-really-make-money-with-affiliate-marketing-1794168",
      "displayed_link": "www.thebalancesmb.com › can-you-really-make-money-with-affiliate-..."
    },
    {
      "question": "Which affiliate program is the best?",
      "snippet": "Whatever the reason, here's a list of top beginner affiliate programs for those of you just getting started:DreamHost Affiliate Program. ... Amazon Associates. ... eBay Partner Network. ... Target Affiliates. ... AliExpress Affiliate Program.",
      "title": "The 67+ Best Affiliate Programs of 2019 (Highest Paying)",
      "link": "https://www.forexreferral.com/best-affiliate-programs",
      "displayed_link": "www.forexreferral.com › best-affiliate-programs"
    },
    {
      "question": "What is a wealthy affiliate?",
      "snippet": "What Is Wealthy Affiliate? Wealthy Affiliate (WA) — www.wealthyaffiliate.com — is an online business university (academy/training) launched in 2005 with more than 100,000 active members sharing experiences and helping each other succeed. It specializes in the affiliate marketing model of passive income.Feb 3, 2019",
      "title": "Wealthy Affiliate Review 2019: Insider's Report - Buzz Nitrous",
      "link": "https://buzznitrous.com/wealthy-affiliate-review/",
      "displayed_link": "buzznitrous.com › wealthy-affiliate-review"
    }
  ],
  "organic_results": [
    {
      "position": 1,
      "title": "LEGIT Wealthy Affiliate Review by Ex-Member (2020)",
      "link": "https://www.ecosecretariat.org/wealthy-affiliate-review/",
      "displayed_link": "www.ecosecretariat.org › blog",
      "snippet": "(Screenshot showing my WA dashboard.) The difference between this review and most of the others out there, is that I'm an EX-member of Wealthy Affiliate and ...",
      "cached_page_link": "https://webcache.googleusercontent.com/search?q=cache:wQ9IjvmeH5wJ:https://www.ecosecretariat.org/wealthy-affiliate-review/+&cd=1&hl=en&ct=clnk&gl=us"
    },
    {
      "position": 2,
      "title": "How To Create Profitable Affiliate Product Review Sites",
      "link": "https://nichehacks.com/create-affiliate-review-sites/",
      "displayed_link": "nichehacks.com › create-affiliate-review-sites",
      "snippet": "Summary of the Affiliate Review Site Model. That's an overview of the affiliate review sites model. ... Smaller sites tend to also be limited in where you can get traffic from and draw it solely from the search engines as it's hard to market such a ultra-niche site that focuses just around one product review.",
      "cached_page_link": "https://webcache.googleusercontent.com/search?q=cache:wshbt_xBl-YJ:https://nichehacks.com/create-affiliate-review-sites/+&cd=10&hl=en&ct=clnk&gl=us"
    },
    {
      "position": 3,
      "title": "Wealthy Affiliate Review [2020] - Scam Or A Legit Program?",
      "link": "https://hustlelife.net/wealthy-affiliate-review/",
      "displayed_link": "hustlelife.net › wealthy-affiliate-review",
      "snippet": "Looking for a REAL Wealthy Affiliate Review? Unfortunately Most \"Reviews\" You'll read aren't honest, that's why I give a No-B.S look at what you can expect!",
      "cached_page_link": "https://webcache.googleusercontent.com/search?q=cache:dWpumJ9XQRoJ:https://hustlelife.net/wealthy-affiliate-review/+&cd=11&hl=en&ct=clnk&gl=us"
    },
    {
      "position": 4,
      "title": "An HONEST Wealthy Affiliate Review (WealthyAffiliate.com ...",
      "link": "https://www.affiliatemarketertraining.com/wealthy-affiliate-review/",
      "displayed_link": "www.affiliatemarketertraining.com › wealthy-affiliate-review",
      "snippet": "While Wealthy Affiliate is legit, they will absolutely never claim that they teach you how to make money fast. Building a legitimate online business takes time. You also should not join Wealthy Affiliate if you don't enjoy the community / social aspect of it.",
      "cached_page_link": "https://webcache.googleusercontent.com/search?q=cache:_sydwnHaRMcJ:https://www.affiliatemarketertraining.com/wealthy-affiliate-review/+&cd=12&hl=en&ct=clnk&gl=us"
    },
    {
      "position": 5,
      "title": "Can You Really Make Money with Affiliate Marketing?",
      "link": "https://www.thebalancesmb.com/can-you-really-make-money-with-affiliate-marketing-1794168",
      "displayed_link": "www.thebalancesmb.com › ... › Home Business Ideas › Ideas",
      "snippet": "Check out the truth about affiliate marketing including pros/cons, and tips to ... but if you write a review or use an in-text link as a recommendation, you must ...",
      "cached_page_link": "https://webcache.googleusercontent.com/search?q=cache:aCOscJyPEbkJ:https://www.thebalancesmb.com/can-you-really-make-money-with-affiliate-marketing-1794168+&cd=13&hl=en&ct=clnk&gl=us"
    },
    {
      "position": 6,
      "title": "Wealthy Affiliate Review (2019) | thedoublethink",
      "link": "https://thedoublethink.com/wealthy-affiliate-review/",
      "displayed_link": "thedoublethink.com › wealthy-affiliate-review",
      "date": "Jan 9, 2020",
      "snippet": "Straight-up review by a non-affiliate of Wealthy Affiliate! I joined WA to find out what the draw is, and whether it's for-real or just scammy BS...",
      "rich_snippet": {
        "top": {
          "detected_extensions": {
            "rating": 2.6
          },
          "extensions": [
            "Rating: 2.6",
            "Review by andrewtk"
          ]
        }
      },
      "cached_page_link": "https://webcache.googleusercontent.com/search?q=cache:f7DMU6qGXhEJ:https://thedoublethink.com/wealthy-affiliate-review/+&cd=14&hl=en&ct=clnk&gl=us"
    },
    {
      "position": 7,
      "title": "Wealthy Affiliate Review: Is it a Scam or Legit Way to Passive ...",
      "link": "https://drews-review.com/wealthy-affiliate-review/",
      "displayed_link": "drews-review.com › wealthy-affiliate-review",
      "date": "Mar 11, 2019",
      "snippet": "Welcome to my review on the Wealthy affiliate. I paid for the membership to see if the training is worth the $49 a month fee. Is it a scam or legit ...",
      "rich_snippet": {
        "top": {
          "detected_extensions": {
            "": 297
          },
          "extensions": [
            "$297.00"
          ]
        }
      },
      "cached_page_link": "https://webcache.googleusercontent.com/search?q=cache:RUawDFrEXa0J:https://drews-review.com/wealthy-affiliate-review/+&cd=15&hl=en&ct=clnk&gl=us"
    },
    {
      "position": 8,
      "title": "21 Successful Affiliate Marketing Websites in 2020",
      "link": "https://www.authorityhacker.com/successful-affiliate-websites-examples/",
      "displayed_link": "www.authorityhacker.com › successful-affiliate-websites-examples",
      "date": "Dec 17, 2019",
      "snippet": "Nerdwallet is essentially a review affiliate site for financial products. The cover everything from credit cards to mortgages to investing to ...",
      "related_pages_link": "https://www.google.com/search?q=related:https://www.authorityhacker.com/successful-affiliate-websites-examples/+affiliate+review&tbo=1&sa=X&ved=2ahUKEwiv9oXK85TnAhVjyIsBHRoTAfcQHzAZegQIAxAI"
    },
    {
      "position": 9,
      "title": "20+ Best Affiliate Marketing Platforms and Networks of 2020 ...",
      "link": "https://makeawebsitehub.com/affiliate-marketing-networks/",
      "displayed_link": "makeawebsitehub.com › affiliate-marketing-networks",
      "snippet": "In this post I cover the best affiliate marketing networks and programs to help you ... ClickBank (or “CB” to those in the industry) has revamped its review process ...",
      "cached_page_link": "https://webcache.googleusercontent.com/search?q=cache:aedN2w77ZFQJ:https://makeawebsitehub.com/affiliate-marketing-networks/+&cd=27&hl=en&ct=clnk&gl=us",
      "related_pages_link": "https://www.google.com/search?q=related:https://makeawebsitehub.com/affiliate-marketing-networks/+affiliate+review&tbo=1&sa=X&ved=2ahUKEwiv9oXK85TnAhVjyIsBHRoTAfcQHzAaegQIBRAJ"
    }
  ],
  "related_search_boxes": [
    {
      "position": 1,
      "query": "Top affiliate marketing platforms",
      "results": []
    }
  ],
  "related_searches": [
    {
      "query": "wealthy affiliate review 2019",
      "link": "https://www.google.com/search?q=wealthy+affiliate+review+2019&sa=X&ved=2ahUKEwiv9oXK85TnAhVjyIsBHRoTAfcQ1QIoAHoECA0QAQ"
    },
    {
      "query": "wealthy affiliate review 2018",
      "link": "https://www.google.com/search?q=wealthy+affiliate+review+2018&sa=X&ved=2ahUKEwiv9oXK85TnAhVjyIsBHRoTAfcQ1QIoAXoECA0QAg"
    },
    {
      "query": "wealthy affiliate review reddit",
      "link": "https://www.google.com/search?q=wealthy+affiliate+review+reddit&sa=X&ved=2ahUKEwiv9oXK85TnAhVjyIsBHRoTAfcQ1QIoAnoECA0QAw"
    },
    {
      "query": "wealthy affiliate unbiased review",
      "link": "https://www.google.com/search?q=wealthy+affiliate+unbiased+review&sa=X&ved=2ahUKEwiv9oXK85TnAhVjyIsBHRoTAfcQ1QIoA3oECA0QBA"
    },
    {
      "query": "wealthy affiliate lawsuit",
      "link": "https://www.google.com/search?q=wealthy+affiliate+lawsuit&sa=X&ved=2ahUKEwiv9oXK85TnAhVjyIsBHRoTAfcQ1QIoBHoECA0QBQ"
    },
    {
      "query": "is wealthy affiliate worth it",
      "link": "https://www.google.com/search?q=is+wealthy+affiliate+worth+it&sa=X&ved=2ahUKEwiv9oXK85TnAhVjyIsBHRoTAfcQ1QIoBXoECA0QBg"
    },
    {
      "query": "affiliate review sites",
      "link": "https://www.google.com/search?q=affiliate+review+sites&sa=X&ved=2ahUKEwiv9oXK85TnAhVjyIsBHRoTAfcQ1QIoBnoECA0QBw"
    },
    {
      "query": "wealthy affiliate review 2020",
      "link": "https://www.google.com/search?q=wealthy+affiliate+review+2020&sa=X&ved=2ahUKEwiv9oXK85TnAhVjyIsBHRoTAfcQ1QIoB3oECA0QCA"
    }
  ],
  "pagination": {
    "current": 1,
    "next": "https://www.google.com/search?q=affiliate+review&ei=lQonXu_XJeOQr7wPmqaEuA8&start=10&sa=N&ved=2ahUKEwiv9oXK85TnAhVjyIsBHRoTAfcQ8NMDegQIDxBC",
    "other_pages": {
      "2": "https://www.google.com/search?q=affiliate+review&ei=lQonXu_XJeOQr7wPmqaEuA8&start=10&sa=N&ved=2ahUKEwiv9oXK85TnAhVjyIsBHRoTAfcQ8tMDegQIDxAw",
      "3": "https://www.google.com/search?q=affiliate+review&ei=lQonXu_XJeOQr7wPmqaEuA8&start=20&sa=N&ved=2ahUKEwiv9oXK85TnAhVjyIsBHRoTAfcQ8tMDegQIDxAy",
      "4": "https://www.google.com/search?q=affiliate+review&ei=lQonXu_XJeOQr7wPmqaEuA8&start=30&sa=N&ved=2ahUKEwiv9oXK85TnAhVjyIsBHRoTAfcQ8tMDegQIDxA0",
      "5": "https://www.google.com/search?q=affiliate+review&ei=lQonXu_XJeOQr7wPmqaEuA8&start=40&sa=N&ved=2ahUKEwiv9oXK85TnAhVjyIsBHRoTAfcQ8tMDegQIDxA2",
      "6": "https://www.google.com/search?q=affiliate+review&ei=lQonXu_XJeOQr7wPmqaEuA8&start=50&sa=N&ved=2ahUKEwiv9oXK85TnAhVjyIsBHRoTAfcQ8tMDegQIDxA4",
      "7": "https://www.google.com/search?q=affiliate+review&ei=lQonXu_XJeOQr7wPmqaEuA8&start=60&sa=N&ved=2ahUKEwiv9oXK85TnAhVjyIsBHRoTAfcQ8tMDegQIDxA6",
      "8": "https://www.google.com/search?q=affiliate+review&ei=lQonXu_XJeOQr7wPmqaEuA8&start=70&sa=N&ved=2ahUKEwiv9oXK85TnAhVjyIsBHRoTAfcQ8tMDegQIDxA8",
      "9": "https://www.google.com/search?q=affiliate+review&ei=lQonXu_XJeOQr7wPmqaEuA8&start=80&sa=N&ved=2ahUKEwiv9oXK85TnAhVjyIsBHRoTAfcQ8tMDegQIDxA-",
      "10": "https://www.google.com/search?q=affiliate+review&ei=lQonXu_XJeOQr7wPmqaEuA8&start=90&sa=N&ved=2ahUKEwiv9oXK85TnAhVjyIsBHRoTAfcQ8tMDegQIDxBA"
    }
  },
  "serpapi_pagination": {
    "current": 1,
    "next_link": "https://serpapi.com/search.json?device=desktop&engine=google&google_domain=google.com&q=affiliate+review&start=10&token=94d00a18c33bff87",
    "next": "https://serpapi.com/search.json?device=desktop&engine=google&google_domain=google.com&q=affiliate+review&start=10&token=94d00a18c33bff87",
    "other_pages": {
      "2": "https://serpapi.com/search.json?device=desktop&engine=google&google_domain=google.com&q=affiliate+review&start=10&token=94d00a18c33bff87",
      "3": "https://serpapi.com/search.json?device=desktop&engine=google&google_domain=google.com&q=affiliate+review&start=20&token=cb2175caaa867d2b",
      "4": "https://serpapi.com/search.json?device=desktop&engine=google&google_domain=google.com&q=affiliate+review&start=30&token=0ec067df7b12737a",
      "5": "https://serpapi.com/search.json?device=desktop&engine=google&google_domain=google.com&q=affiliate+review&start=40&token=b1556f86be826240",
      "6": "https://serpapi.com/search.json?device=desktop&engine=google&google_domain=google.com&q=affiliate+review&start=50&token=12319c627fc70064",
      "7": "https://serpapi.com/search.json?device=desktop&engine=google&google_domain=google.com&q=affiliate+review&start=60&token=d9b7b6a3fbbfbb04",
      "8": "https://serpapi.com/search.json?device=desktop&engine=google&google_domain=google.com&q=affiliate+review&start=70&token=8a705dc82dee079b",
      "9": "https://serpapi.com/search.json?device=desktop&engine=google&google_domain=google.com&q=affiliate+review&start=80&token=9e3cbf93c3d94e64",
      "10": "https://serpapi.com/search.json?device=desktop&engine=google&google_domain=google.com&q=affiliate+review&start=90&token=ac931d38b461f29e"
    }
  }
}