{
  "search_metadata": {
    "id": "",
    "status": "Success",
    "json_endpoint": "",
    "created_at": "2020-01-21 15:06:10 UTC",
    "processed_at": "2020-01-21 15:06:10 UTC",
    "google_url": "https://www.google.com/search?q=affiliate+offer+search&oq=affiliate+offer+search&sourceid=chrome&ie=UTF-8",
    "raw_html_file": "",
    "total_time_taken": 6.03
  },
  "search_parameters": {
    "engine": "google",
    "q": "affiliate offer search",
    "google_domain": "google.com",
    "device": "desktop"
  },
  "search_information": {
    "organic_results_state": "Results for exact spelling",
    "total_results": 617000000,
    "time_taken_displayed": 0.47,
    "query_displayed": "affiliate offer search"
  },
  "knowledge_graph": {},
  "related_questions": [
    {
      "question": "How do I find affiliates?",
      "snippet": "How to Find Affiliates to Sell Your ProductsWork Out a Great Affiliate Program.Where to Look for Affiliates. Join Affiliate Networks and Directories. Connect with Bloggers and Influencers. Use Social Media. Use Your Website and Blog. Use Online Ads. Take Part in Affiliate Events. Turn Customers into Affiliates. Turn Colleagues into Affiliates. ... In Conclusion.",
      "title": "How to Find Affiliates to Sell Your Products",
      "link": "https://www.osiaffiliate.com/blog/find-affiliates-sell-products/",
      "displayed_link": "www.osiaffiliate.com › blog › find-affiliates-sell-products"
    },
    {
      "question": "What companies offer affiliate programs?",
      "snippet": "What Are the Best Affiliate Programs?Bluehost. The Bluehost affiliate program is super popular in the web hosting space. ... Hostinger. Hostinger is another popular web hosting platform that can offer affiliates up to $150 per sale on a tiered pricing structure.HostGator. ... GreenGeeks. ... BigCommerce. ... Weebly. ... 3dcart. ... Shopify.More items...",
      "title": "97+ Best Affiliate Programs of 2019 (Highest Paying for Beginners)",
      "link": "https://www.adamenfroy.com/best-high-paying-affiliate-programs",
      "displayed_link": "www.adamenfroy.com › best-high-paying-affiliate-programs"
    },
    {
      "question": "What is an affiliate site?",
      "snippet": "Simply put, affiliate programs, also called associate programs, are arrangements in which an online merchant Web site pays affiliate Web sites a commission to send them traffic. These affiliate Web sites post links to the merchant site and are paid according to a particular agreement.",
      "title": "What Are Affiliate Programs? - How Affiliate Programs Work ...",
      "link": "https://money.howstuffworks.com/affiliate-program1.htm",
      "displayed_link": "money.howstuffworks.com › affiliate-program1"
    },
    {
      "question": "Which website is best for affiliate marketing?",
      "snippet": "Let's get into the top 15 affiliate websites any level of blogger can benefit from.ShareASale Affiliates. ... Amazon Associates. ... eBay Partners. ... Shopify Affiliate Program. ... Clickbank. ... Rakuten Marketing Affiliates. ... Leadpages Partner Program. ... StudioPress Affiliate Website.More items...•Oct 27, 2018",
      "title": "Top 15 Affiliate Marketing Websites & Programs For 2019 | Solvid",
      "link": "https://solvid.co.uk/top-affiliate-marketing-websites-and-programs/",
      "displayed_link": "solvid.co.uk › top-affiliate-marketing-websites-and-programs"
    }
  ],
  "organic_results": [
    {
      "position": 1,
      "title": "OfferVault: Affiliate Marketing | Affiliate Programs | CPA Offers",
      "link": "https://www.offervault.com/",
      "displayed_link": "www.offervault.com",
      "date": "Results 1 50 of 51047",
      "snippet": "Affiliate Marketing made easy. Find the best affiliate programs, affiliate networks and affiliate marketing resources. We're the #1 Source ...",
      "sitelinks": {
        "inline": [
          {
            "title": "Pay Per Call Offers",
            "link": "https://www.offervault.com/pay-per-call/"
          },
          {
            "title": "Help",
            "link": "https://www.offervault.com/user/help/"
          },
          {
            "title": "Add Offer",
            "link": "https://www.offervault.com/affiliate-networks/signup/?part=menu"
          },
          {
            "title": "Affiliate Programs",
            "link": "https://www.offervault.com/star%2Bburst%2Bwixstars%2Bcasino%2Bgaming%2Buk-affiliate-programs/"
          }
        ]
      },
      "cached_page_link": "https://webcache.googleusercontent.com/search?q=cache:Cq9uiZFFTScJ:https://www.offervault.com/+&cd=1&hl=en&ct=clnk&gl=us",
      "related_pages_link": "https://www.google.com/search?q=related:https://www.offervault.com/+affiliate+offer+search&tbo=1&sa=X&ved=2ahUKEwiB_Z3--5TnAhUFyosBHUHzCLoQHzAAegQIBxAH"
    },
    {
      "position": 2,
      "title": "Affscanner: Find Affiliate Offers | Compare Affiliate Networks ...",
      "link": "https://affscanner.com/",
      "displayed_link": "affscanner.com",
      "snippet": "Affscanner utilises a smart search functionality based on concepts taken from the major search engines. Receive predictions for any affiliate offers, affiliate ...",
      "sitelinks": {
        "inline": [
          {
            "title": "DoberManMedia",
            "link": "https://affscanner.com/Affiliate-Offers/DoberManMedia-affiliate-programs/"
          },
          {
            "title": "EasyAutoLoan",
            "link": "https://affscanner.com/Affiliate-Offers/EasyAutoLoan-affiliate-programs/"
          },
          {
            "title": "Audiobooks",
            "link": "https://affscanner.com/Affiliate-Offers/Audiobooks-affiliate-programs/"
          },
          {
            "title": "Win Iphone",
            "link": "https://affscanner.com/Affiliate-Offers/win%20iphone-affiliate-programs/"
          }
        ]
      },
      "cached_page_link": "https://webcache.googleusercontent.com/search?q=cache:3OqO_znqwxoJ:https://affscanner.com/+&cd=2&hl=en&ct=clnk&gl=us"
    },
    {
      "position": 3,
      "title": "Affplus: Search and Compare CPA Offers, Affiliate Programs",
      "link": "https://www.affplus.com/",
      "displayed_link": "www.affplus.com",
      "date": "88375 results",
      "snippet": "Affplus - search, compare and choose the best CPA affiliate offers from the best affiliate networks. Compare offer payouts, preview landing pages, ...",
      "cached_page_link": "https://webcache.googleusercontent.com/search?q=cache:6dOK_Ze9x30J:https://www.affplus.com/+&cd=3&hl=en&ct=clnk&gl=us",
      "related_pages_link": "https://www.google.com/search?q=related:https://www.affplus.com/+affiliate+offer+search&tbo=1&sa=X&ved=2ahUKEwiB_Z3--5TnAhUFyosBHUHzCLoQHzACegQIAxAH"
    },
    {
      "position": 4,
      "title": "oDigger: Find Affiliate Offers, Real Network Reviews And ...",
      "link": "https://odigger.com/",
      "displayed_link": "odigger.com",
      "snippet": "Founded in 2009 by affiliate marketers, oDigger is the internet's best resource for affiliates to find affiliate offers, connect with affiliate networks and verify their reputation. ... Top Searches ...",
      "cached_page_link": "https://webcache.googleusercontent.com/search?q=cache:Z2jhxUOOJOcJ:https://odigger.com/+&cd=4&hl=en&ct=clnk&gl=us"
    },
    {
      "position": 5,
      "title": "20+ Best Affiliate Marketing Platforms and Networks of 2020 ...",
      "link": "https://makeawebsitehub.com/affiliate-marketing-networks/",
      "displayed_link": "makeawebsitehub.com › affiliate-marketing-networks",
      "snippet": "With a wide variety of businesses who work direct with affiliates, most affiliate marketers will use an affiliate marketing network to search for offers for their blogs.",
      "cached_page_link": "https://webcache.googleusercontent.com/search?q=cache:aedN2w77ZFQJ:https://makeawebsitehub.com/affiliate-marketing-networks/+&cd=5&hl=en&ct=clnk&gl=us",
      "related_pages_link": "https://www.google.com/search?q=related:https://makeawebsitehub.com/affiliate-marketing-networks/+affiliate+offer+search&tbo=1&sa=X&ved=2ahUKEwiB_Z3--5TnAhUFyosBHUHzCLoQHzAEegQICRAJ"
    },
    {
      "position": 6,
      "title": "The 67+ Best Affiliate Programs of 2020 (Highest Paying)",
      "link": "https://www.forexreferral.com/best-affiliate-programs",
      "displayed_link": "www.forexreferral.com › best-affiliate-programs",
      "snippet": "No matter how you say it, these affiliate marketing programs offer some of the highest commissions available. We've poured over a huge range of potential ...",
      "cached_page_link": "https://webcache.googleusercontent.com/search?q=cache:1JNnul2vnJAJ:https://www.forexreferral.com/best-affiliate-programs+&cd=6&hl=en&ct=clnk&gl=us",
      "related_pages_link": "https://www.google.com/search?q=related:https://www.forexreferral.com/best-affiliate-programs+affiliate+offer+search&tbo=1&sa=X&ved=2ahUKEwiB_Z3--5TnAhUFyosBHUHzCLoQHzAFegQIChAJ"
    },
    {
      "position": 7,
      "title": "How to Find The Best Affiliate Offers to Promote - Pretty Links",
      "link": "https://prettylinks.com/2015/07/how-to-find-affiliate-offers-to-promote/",
      "displayed_link": "prettylinks.com › 2015/07 › how-to-find-affiliate-offers-to-promote",
      "date": "Jul 8, 2015",
      "snippet": "Find out how to source a great affiliate program that suits both you and ... You'll discover that with the larger networks, you can search for offers ...",
      "cached_page_link": "https://webcache.googleusercontent.com/search?q=cache:9f7_1HH_qiAJ:https://prettylinks.com/2015/07/how-to-find-affiliate-offers-to-promote/+&cd=7&hl=en&ct=clnk&gl=us"
    },
    {
      "position": 8,
      "title": "How To Start Affiliate Marketing (+ Best Affiliate Programs For ...",
      "link": "http://lurn.com/blog/websites-affiliate-programs",
      "displayed_link": "lurn.com › blog › websites-affiliate-programs",
      "date": "Jan 11, 2018",
      "snippet": "There are so many sources out there for affiliate offers that it's just a matter of taking some time to search through them to find the right offers for ...",
      "cached_page_link": "http://webcache.googleusercontent.com/search?q=cache:w34KvQtJQ8AJ:lurn.com/blog/websites-affiliate-programs+&cd=8&hl=en&ct=clnk&gl=us"
    },
    {
      "position": 9,
      "title": "Affiliate Marketing Offer Aggregator - Search ... - AffBuzz.com",
      "link": "http://www.affbuzz.com/offerbuzz/offers/",
      "displayed_link": "www.affbuzz.com › offerbuzz › offers",
      "snippet": "Please be aware that just because an offer has a higher payout than the others, it does not necessarily mean it will work the best for you. Getting the EPC is the ...",
      "cached_page_link": "http://webcache.googleusercontent.com/search?q=cache:VFtZFZEj7KgJ:www.affbuzz.com/offerbuzz/offers/+&cd=9&hl=en&ct=clnk&gl=us",
      "related_pages_link": "https://www.google.com/search?q=related:www.affbuzz.com/offerbuzz/offers/+affiliate+offer+search&tbo=1&sa=X&ved=2ahUKEwiB_Z3--5TnAhUFyosBHUHzCLoQHzAIegQIBBAJ"
    },
    {
      "position": 10,
      "title": "Affiliate Programs Directory - Many Affiliate Marketing ...",
      "link": "http://www.affiliateseeking.com/",
      "displayed_link": "www.affiliateseeking.com",
      "snippet": "Easily compare affiliate programs against one another, earn over $0.10 per click with some of the ... Search every affiliate program within our directory by A-Z ...",
      "cached_page_link": "http://webcache.googleusercontent.com/search?q=cache:AyNS0wbHnHAJ:www.affiliateseeking.com/+&cd=18&hl=en&ct=clnk&gl=us",
      "related_pages_link": "https://www.google.com/search?q=related:www.affiliateseeking.com/+affiliate+offer+search&tbo=1&sa=X&ved=2ahUKEwiB_Z3--5TnAhUFyosBHUHzCLoQHzARegQIARAH"
    }
  ],
  "related_search_boxes": [
    {
      "position": 1,
      "query": "Affiliate network listView 3+ moreView 3+",
      "results": []
    }
  ],
  "related_searches": [
    {
      "query": "odigger",
      "link": "https://www.google.com/search?q=odigger&sa=X&ved=2ahUKEwiB_Z3--5TnAhUFyosBHUHzCLoQ1QIoAHoECAsQAQ"
    },
    {
      "query": "maxbounty",
      "link": "https://www.google.com/search?q=maxbounty&sa=X&ved=2ahUKEwiB_Z3--5TnAhUFyosBHUHzCLoQ1QIoAXoECAsQAg"
    },
    {
      "query": "maxbounty offers",
      "link": "https://www.google.com/search?q=maxbounty+offers&sa=X&ved=2ahUKEwiB_Z3--5TnAhUFyosBHUHzCLoQ1QIoAnoECAsQAw"
    },
    {
      "query": "offervault sign up",
      "link": "https://www.google.com/search?q=offervault+sign+up&sa=X&ved=2ahUKEwiB_Z3--5TnAhUFyosBHUHzCLoQ1QIoA3oECAsQBA"
    },
    {
      "query": "affbank",
      "link": "https://www.google.com/search?q=affbank&sa=X&ved=2ahUKEwiB_Z3--5TnAhUFyosBHUHzCLoQ1QIoBHoECAsQBQ"
    },
    {
      "query": "affiliate products",
      "link": "https://www.google.com/search?q=affiliate+products&sa=X&ved=2ahUKEwiB_Z3--5TnAhUFyosBHUHzCLoQ1QIoBXoECAsQBg"
    },
    {
      "query": "maxbounty phone number",
      "link": "https://www.google.com/search?q=maxbounty+phone+number&sa=X&ved=2ahUKEwiB_Z3--5TnAhUFyosBHUHzCLoQ1QIoBnoECAsQBw"
    },
    {
      "query": "cpa affiliate",
      "link": "https://www.google.com/search?q=cpa+affiliate&sa=X&ved=2ahUKEwiB_Z3--5TnAhUFyosBHUHzCLoQ1QIoB3oECAsQCA"
    }
  ],
  "pagination": {
    "current": 1,
    "next": "https://www.google.com/search?q=affiliate+offer+search&ei=ZhMnXoGyIYWUr7wPweaj0As&start=10&sa=N&ved=2ahUKEwiB_Z3--5TnAhUFyosBHUHzCLoQ8NMDegQIDhBA",
    "other_pages": {
      "2": "https://www.google.com/search?q=affiliate+offer+search&ei=ZhMnXoGyIYWUr7wPweaj0As&start=10&sa=N&ved=2ahUKEwiB_Z3--5TnAhUFyosBHUHzCLoQ8tMDegQIDhAu",
      "3": "https://www.google.com/search?q=affiliate+offer+search&ei=ZhMnXoGyIYWUr7wPweaj0As&start=20&sa=N&ved=2ahUKEwiB_Z3--5TnAhUFyosBHUHzCLoQ8tMDegQIDhAw",
      "4": "https://www.google.com/search?q=affiliate+offer+search&ei=ZhMnXoGyIYWUr7wPweaj0As&start=30&sa=N&ved=2ahUKEwiB_Z3--5TnAhUFyosBHUHzCLoQ8tMDegQIDhAy",
      "5": "https://www.google.com/search?q=affiliate+offer+search&ei=ZhMnXoGyIYWUr7wPweaj0As&start=40&sa=N&ved=2ahUKEwiB_Z3--5TnAhUFyosBHUHzCLoQ8tMDegQIDhA0",
      "6": "https://www.google.com/search?q=affiliate+offer+search&ei=ZhMnXoGyIYWUr7wPweaj0As&start=50&sa=N&ved=2ahUKEwiB_Z3--5TnAhUFyosBHUHzCLoQ8tMDegQIDhA2",
      "7": "https://www.google.com/search?q=affiliate+offer+search&ei=ZhMnXoGyIYWUr7wPweaj0As&start=60&sa=N&ved=2ahUKEwiB_Z3--5TnAhUFyosBHUHzCLoQ8tMDegQIDhA4",
      "8": "https://www.google.com/search?q=affiliate+offer+search&ei=ZhMnXoGyIYWUr7wPweaj0As&start=70&sa=N&ved=2ahUKEwiB_Z3--5TnAhUFyosBHUHzCLoQ8tMDegQIDhA6",
      "9": "https://www.google.com/search?q=affiliate+offer+search&ei=ZhMnXoGyIYWUr7wPweaj0As&start=80&sa=N&ved=2ahUKEwiB_Z3--5TnAhUFyosBHUHzCLoQ8tMDegQIDhA8",
      "10": "https://www.google.com/search?q=affiliate+offer+search&ei=ZhMnXoGyIYWUr7wPweaj0As&start=90&sa=N&ved=2ahUKEwiB_Z3--5TnAhUFyosBHUHzCLoQ8tMDegQIDhA-"
    }
  },
  "serpapi_pagination": {
    "current": 1,
    "next_link": "https://serpapi.com/search.json?device=desktop&engine=google&google_domain=google.com&q=affiliate+offer+search&start=10&token=ac023b5c7f324497",
    "next": "https://serpapi.com/search.json?device=desktop&engine=google&google_domain=google.com&q=affiliate+offer+search&start=10&token=ac023b5c7f324497",
    "other_pages": {
      "2": "https://serpapi.com/search.json?device=desktop&engine=google&google_domain=google.com&q=affiliate+offer+search&start=10&token=ac023b5c7f324497",
      "3": "https://serpapi.com/search.json?device=desktop&engine=google&google_domain=google.com&q=affiliate+offer+search&start=20&token=ec7894f7ce932c95",
      "4": "https://serpapi.com/search.json?device=desktop&engine=google&google_domain=google.com&q=affiliate+offer+search&start=30&token=f634a3eb7296c623",
      "5": "https://serpapi.com/search.json?device=desktop&engine=google&google_domain=google.com&q=affiliate+offer+search&start=40&token=e85dbf38fe13abf3",
      "6": "https://serpapi.com/search.json?device=desktop&engine=google&google_domain=google.com&q=affiliate+offer+search&start=50&token=c7f5c12f17972a9d",
      "7": "https://serpapi.com/search.json?device=desktop&engine=google&google_domain=google.com&q=affiliate+offer+search&start=60&token=66247991bac76e7a",
      "8": "https://serpapi.com/search.json?device=desktop&engine=google&google_domain=google.com&q=affiliate+offer+search&start=70&token=51165266404b1728",
      "9": "https://serpapi.com/search.json?device=desktop&engine=google&google_domain=google.com&q=affiliate+offer+search&start=80&token=8e015d46910a59ba",
      "10": "https://serpapi.com/search.json?device=desktop&engine=google&google_domain=google.com&q=affiliate+offer+search&start=90&token=80ad4aa0553ebbbf"
    }
  }
}