{
  "search_metadata": {
    "id": "",
    "status": "Success",
    "json_endpoint": "",
    "created_at": "2020-01-21 03:37:15 UTC",
    "processed_at": "2020-01-21 03:37:15 UTC",
    "google_url": "https://www.google.com/search?q=affiliate+partnership&oq=affiliate+partnership&sourceid=chrome&ie=UTF-8",
    "raw_html_file": "",
    "total_time_taken": 3.68
  },
  "search_parameters": {
    "engine": "google",
    "q": "affiliate partnership",
    "google_domain": "google.com",
    "device": "desktop"
  },
  "search_information": {
    "organic_results_state": "Results for exact spelling",
    "total_results": 87200000,
    "time_taken_displayed": 0.42,
    "query_displayed": "affiliate partnership"
  },
  "ads": [
    {
      "position": 1,
      "block_position": "top",
      "title": "Top Affiliate Partnerships | Available in Idaho | VarsityTutors.com‎",
      "link": "https://success.varsitytutors.com/affiliates/",
      "displayed_link": "success.varsitytutors.com/Affiliate/Partnerships",
      "tracking_link": "https://www.google.com/aclk?sa=l&ai=DChcSEwjO4IP_4ZPnAhUHsu0KHbrEAvMYABAAGgJkZw&sig=AOD64_1-PSrAQ_PyUKS1U8w0zeiqXe0-qA&q=&ved=2ahUKEwi71f7-4ZPnAhUUTsAKHSutCWUQ0Qx6BAgREAE&adurl=",
      "description": "Looking For a Highly Profitable Affiliate Partnership? Varsity Tutors Can Help! Expert Instructors. Request A Proposal. Generous Revenue Sharing. Highlights: Customized Service, Online Or In-Person Tutoring Available, Expert Team, Personalized Service.",
      "sitelinks": [
        {
          "title": "Math Tutoring",
          "link": "https://www.varsitytutors.com/math-tutoring?test=_new_o_d_ls_v1&leadform=mini-four-step"
        },
        {
          "title": "Instant Tutoring",
          "link": "https://www.varsitytutors.com/instant-tutoring"
        },
        {
          "title": "Client Reviews",
          "link": "https://www.varsitytutors.com/reviews"
        },
        {
          "title": "Science Tutoring",
          "link": "https://www.varsitytutors.com/science-tutoring"
        }
      ]
    }
  ],
  "knowledge_graph": {},
  "related_questions": [
    {
      "question": "What is the difference between partner and affiliate?",
      "snippet": "Twitch Affiliate Partner Program. Twitch's affiliate program offers individuals the ability to earn revenue, while streaming. The platform focuses on standard video game streaming first, but includes coverage of the rapidly growing competitive eSports industry as well.",
      "title": "Twitch Affiliate Partner Program - Reviews, News and Ratings",
      "link": "https://www.businessofapps.com/affiliate/twitch/",
      "displayed_link": "www.businessofapps.com › affiliate › twitch"
    },
    {
      "question": "What does an affiliate marketer do?",
      "snippet": "Affiliate marketing is the process of earning a commission by promoting other people's (or company's) products. You find a product you like, promote it to others and earn a piece of the profit for each sale that you make.",
      "title": "Affiliate Marketing Made Simple: A Step-by-Step Guide - Neil Patel",
      "link": "https://neilpatel.com/what-is-affiliate-marketing/",
      "displayed_link": "neilpatel.com › what-is-affiliate-marketing"
    },
    {
      "question": "How do you become an affiliate?",
      "snippet": "StepsIdentify your niche. ... Purchase a dedicated web domain name. ... Put a website on your domain. ... Choose your affiliate marketing program. ... Create content for your site. ... Place affiliate links in appropriate places. ... Promote your site to your specified niche.Oct 7, 2018",
      "title": "How to Become an Internet Affiliate: 7 Steps (with Pictures)",
      "link": "https://www.wikihow.com/Become-an-Internet-Affiliate",
      "displayed_link": "www.wikihow.com › Become-an-Internet-Affiliate"
    },
    {
      "question": "How does being an affiliate work?",
      "snippet": "Essentially affiliate marketing involves a merchant paying a commission to other online entities, known as affiliates, for referring new business to the merchant's website. Affiliate marketing is performance-based, which means affiliates only get paid when their promotional efforts actually result in a transaction.Nov 5, 2014",
      "title": "How Does Affiliate Marketing Work? | Acceleration Partners",
      "link": "https://www.accelerationpartners.com/blog/affiliate-marketing-101-part-i",
      "displayed_link": "www.accelerationpartners.com › blog › affiliate-marketing-101-part-i"
    }
  ],
  "organic_results": [
    {
      "position": 1,
      "title": "What is Affiliate Marketing and How Does Affiliate Marketing ...",
      "link": "https://www.accelerationpartners.com/affiliate-marketing-101/",
      "displayed_link": "www.accelerationpartners.com › affiliate-marketing-101",
      "snippet": "For example, if you're someone who is looking to be an affiliate– also referred to as a partner or publisher – then you're likely to want to know about what it ...",
      "cached_page_link": "https://webcache.googleusercontent.com/search?q=cache:tm8gvOUlljAJ:https://www.accelerationpartners.com/affiliate-marketing-101/+&cd=1&hl=en&ct=clnk&gl=us"
    },
    {
      "position": 2,
      "title": "How to Set Up a Successful Affiliate Marketing Partnership",
      "link": "https://www.semrush.com/blog/how-to-set-up-successful-affiliate-marketing-partnership-expert-view/",
      "displayed_link": "www.semrush.com › Blog",
      "date": "Apr 18, 2019",
      "snippet": "Geno Prussakov, CEO & Founder of AM Navigator and a guest of #SEMrushchat, expands his ideas on how to find a valuable affiliate partner, ...",
      "cached_page_link": "https://webcache.googleusercontent.com/search?q=cache:CW-VJ-j_BXQJ:https://www.semrush.com/blog/how-to-set-up-successful-affiliate-marketing-partnership-expert-view/+&cd=10&hl=en&ct=clnk&gl=us"
    },
    {
      "position": 3,
      "title": "How to Create Successful Affiliate Partnerships | Affiliate Royale",
      "link": "https://affiliateroyale.com/2017/08/create-affiliate-partnerships/",
      "displayed_link": "affiliateroyale.com › 2017/08 › create-affiliate-partnerships",
      "date": "Aug 28, 2017",
      "snippet": "In short, an affiliate partnership is an agreement between your affiliate program and either another affiliate program, an individual, or a business to jointly promote each others' products. There are many benefits to this tactic: You can expand your brand's reach.",
      "cached_page_link": "https://webcache.googleusercontent.com/search?q=cache:746Qoe1-EEoJ:https://affiliateroyale.com/2017/08/create-affiliate-partnerships/+&cd=11&hl=en&ct=clnk&gl=us"
    },
    {
      "position": 4,
      "title": "Affiliate Marketing Definition - Entrepreneur Small Business ...",
      "link": "https://www.entrepreneur.com/encyclopedia/affiliate-marketing",
      "displayed_link": "www.entrepreneur.com › encyclopedia › affiliate-marketing",
      "snippet": "There are two ways to approach affiliate marketing: You can offer an affiliate program to others or you can sign up to be another business's affiliate. As the ...",
      "cached_page_link": "https://webcache.googleusercontent.com/search?q=cache:wW8ynZkEzjsJ:https://www.entrepreneur.com/encyclopedia/affiliate-marketing+&cd=12&hl=en&ct=clnk&gl=us",
      "related_pages_link": "https://www.google.com/search?q=related:https://www.entrepreneur.com/encyclopedia/affiliate-marketing+affiliate+partnership&tbo=1&sa=X&ved=2ahUKEwi71f7-4ZPnAhUUTsAKHSutCWUQHzALegQIBxAJ"
    },
    {
      "position": 5,
      "title": "Partner Marketing 101: What Is Affiliate Marketing? | TUNE",
      "link": "https://www.tune.com/blog/partner-marketing-101-what-is-affiliate-marketing/",
      "displayed_link": "www.tune.com › blog › partner-marketing-101-what-is-affiliate-mark...",
      "date": "Apr 4, 2019",
      "snippet": "While affiliate marketing has been around for years, the rise of partner marketing has brought on some questions about the industry. So let's ...",
      "cached_page_link": "https://webcache.googleusercontent.com/search?q=cache:2T7B9O2fjRUJ:https://www.tune.com/blog/partner-marketing-101-what-is-affiliate-marketing/+&cd=13&hl=en&ct=clnk&gl=us"
    },
    {
      "position": 6,
      "title": "20+ Best Affiliate Marketing Platforms and Networks of 2020 ...",
      "link": "https://makeawebsitehub.com/affiliate-marketing-networks/",
      "displayed_link": "makeawebsitehub.com › affiliate-marketing-networks",
      "snippet": "Rakuten LinkShare is considered to be one of the oldest affiliate partner networks, it is now a fair amount smaller than some of the bigger players in the affiliate ...",
      "cached_page_link": "https://webcache.googleusercontent.com/search?q=cache:aedN2w77ZFQJ:https://makeawebsitehub.com/affiliate-marketing-networks/+&cd=14&hl=en&ct=clnk&gl=us",
      "related_pages_link": "https://www.google.com/search?q=related:https://makeawebsitehub.com/affiliate-marketing-networks/+affiliate+partnership&tbo=1&sa=X&ved=2ahUKEwi71f7-4ZPnAhUUTsAKHSutCWUQHzANegQIChAJ"
    },
    {
      "position": 7,
      "title": "Affiliate vs Partner: What's Really the Difference?",
      "link": "https://performancein.com/news/2017/03/14/affiliate-vs-partner-whats-really-difference/",
      "displayed_link": "performancein.com › news › 2017/03/14 › affiliate-vs-partner-whats-...",
      "date": "Mar 14, 2017",
      "snippet": "Sheryl Ryan, head of marketing at Impact, explains why calling your affiliates partners isn't just about semantics.",
      "cached_page_link": "https://webcache.googleusercontent.com/search?q=cache:Jn6hj4_4iKEJ:https://performancein.com/news/2017/03/14/affiliate-vs-partner-whats-really-difference/+&cd=15&hl=en&ct=clnk&gl=us"
    },
    {
      "position": 8,
      "title": "Affiliate Marketing: How to Create a Working Partner Program",
      "link": "https://blog.markgrowth.com/affiliate-marketing-how-to-create-a-working-partner-program-3433b7de75dd",
      "displayed_link": "blog.markgrowth.com › affiliate-marketing-how-to-create-a-working-...",
      "date": "Nov 22, 2017",
      "snippet": "This efficiency makes affiliate marketing an attractive means of increasing revenue — but it's not easy to develop a working partner program.",
      "cached_page_link": "https://webcache.googleusercontent.com/search?q=cache:oxdzgT2EC8cJ:https://blog.markgrowth.com/affiliate-marketing-how-to-create-a-working-partner-program-3433b7de75dd+&cd=16&hl=en&ct=clnk&gl=us"
    },
    {
      "position": 9,
      "title": "How Should You Be Thinking About Affiliate Partnerships?",
      "link": "https://tech.co/news/thinking-affiliate-partnerships-2015-10",
      "displayed_link": "tech.co › News",
      "date": "Oct 22, 2015",
      "snippet": "One of the best ways for a startup to grow its network is by developing partnerships and affiliations with other companies that compliment and ...",
      "cached_page_link": "https://webcache.googleusercontent.com/search?q=cache:zwH88bNNTk0J:https://tech.co/news/thinking-affiliate-partnerships-2015-10+&cd=17&hl=en&ct=clnk&gl=us"
    },
    {
      "position": 10,
      "title": "Affiliate Marketing Made Simple: A Step-by-Step Guide",
      "link": "https://neilpatel.com/what-is-affiliate-marketing/",
      "displayed_link": "neilpatel.com › what-is-affiliate-marketing",
      "snippet": "Affiliate marketing is the process of earning a commission by promoting other people's ... Just try finding one person to partner up with and start your first affiliate ...",
      "cached_page_link": "https://webcache.googleusercontent.com/search?q=cache:0crV586VLrQJ:https://neilpatel.com/what-is-affiliate-marketing/+&cd=18&hl=en&ct=clnk&gl=us"
    }
  ],
  "related_search_boxes": [
    {
      "position": 1,
      "query": "Tools for affiliate marketingView 3+ moreView 3+",
      "results": []
    },
    {
      "position": 2,
      "query": "Top affiliate marketing platforms",
      "results": []
    }
  ],
  "related_searches": [
    {
      "query": "affiliate partnership agreement",
      "link": "https://www.google.com/search?q=affiliate+partnership+agreement&sa=X&ved=2ahUKEwi71f7-4ZPnAhUUTsAKHSutCWUQ1QIoAHoECA8QAQ"
    },
    {
      "query": "affiliate partnership program",
      "link": "https://www.google.com/search?q=affiliate+partnership+program&sa=X&ved=2ahUKEwi71f7-4ZPnAhUUTsAKHSutCWUQ1QIoAXoECA8QAg"
    },
    {
      "query": "affiliate program",
      "link": "https://www.google.com/search?q=affiliate+program&sa=X&ved=2ahUKEwi71f7-4ZPnAhUUTsAKHSutCWUQ1QIoAnoECA8QAw"
    },
    {
      "query": "affiliate business",
      "link": "https://www.google.com/search?q=affiliate+business&sa=X&ved=2ahUKEwi71f7-4ZPnAhUUTsAKHSutCWUQ1QIoA3oECA8QBA"
    },
    {
      "query": "online affiliate marketing",
      "link": "https://www.google.com/search?q=online+affiliate+marketing&sa=X&ved=2ahUKEwi71f7-4ZPnAhUUTsAKHSutCWUQ1QIoBHoECA8QBQ"
    },
    {
      "query": "how to create affiliate links",
      "link": "https://www.google.com/search?q=how+to+create+affiliate+links&sa=X&ved=2ahUKEwi71f7-4ZPnAhUUTsAKHSutCWUQ1QIoBXoECA8QBg"
    },
    {
      "query": "affiliate spend",
      "link": "https://www.google.com/search?q=affiliate+spend&sa=X&ved=2ahUKEwi71f7-4ZPnAhUUTsAKHSutCWUQ1QIoBnoECA8QBw"
    },
    {
      "query": "affiliate products",
      "link": "https://www.google.com/search?q=affiliate+products&sa=X&ved=2ahUKEwi71f7-4ZPnAhUUTsAKHSutCWUQ1QIoB3oECA8QCA"
    }
  ],
  "pagination": {
    "current": 1,
    "next": "https://www.google.com/search?q=affiliate+partnership&ei=7XEmXvuqBJScgQar2qaoBg&start=10&sa=N&ved=2ahUKEwi71f7-4ZPnAhUUTsAKHSutCWUQ8NMDegQIEBBB",
    "other_pages": {
      "2": "https://www.google.com/search?q=affiliate+partnership&ei=7XEmXvuqBJScgQar2qaoBg&start=10&sa=N&ved=2ahUKEwi71f7-4ZPnAhUUTsAKHSutCWUQ8tMDegQIEBAv",
      "3": "https://www.google.com/search?q=affiliate+partnership&ei=7XEmXvuqBJScgQar2qaoBg&start=20&sa=N&ved=2ahUKEwi71f7-4ZPnAhUUTsAKHSutCWUQ8tMDegQIEBAx",
      "4": "https://www.google.com/search?q=affiliate+partnership&ei=7XEmXvuqBJScgQar2qaoBg&start=30&sa=N&ved=2ahUKEwi71f7-4ZPnAhUUTsAKHSutCWUQ8tMDegQIEBAz",
      "5": "https://www.google.com/search?q=affiliate+partnership&ei=7XEmXvuqBJScgQar2qaoBg&start=40&sa=N&ved=2ahUKEwi71f7-4ZPnAhUUTsAKHSutCWUQ8tMDegQIEBA1",
      "6": "https://www.google.com/search?q=affiliate+partnership&ei=7XEmXvuqBJScgQar2qaoBg&start=50&sa=N&ved=2ahUKEwi71f7-4ZPnAhUUTsAKHSutCWUQ8tMDegQIEBA3",
      "7": "https://www.google.com/search?q=affiliate+partnership&ei=7XEmXvuqBJScgQar2qaoBg&start=60&sa=N&ved=2ahUKEwi71f7-4ZPnAhUUTsAKHSutCWUQ8tMDegQIEBA5",
      "8": "https://www.google.com/search?q=affiliate+partnership&ei=7XEmXvuqBJScgQar2qaoBg&start=70&sa=N&ved=2ahUKEwi71f7-4ZPnAhUUTsAKHSutCWUQ8tMDegQIEBA7",
      "9": "https://www.google.com/search?q=affiliate+partnership&ei=7XEmXvuqBJScgQar2qaoBg&start=80&sa=N&ved=2ahUKEwi71f7-4ZPnAhUUTsAKHSutCWUQ8tMDegQIEBA9",
      "10": "https://www.google.com/search?q=affiliate+partnership&ei=7XEmXvuqBJScgQar2qaoBg&start=90&sa=N&ved=2ahUKEwi71f7-4ZPnAhUUTsAKHSutCWUQ8tMDegQIEBA_"
    }
  },
  "serpapi_pagination": {
    "current": 1,
    "next_link": "https://serpapi.com/search.json?device=desktop&engine=google&google_domain=google.com&q=affiliate+partnership&start=10&token=aed541a8b4dfe9d2",
    "next": "https://serpapi.com/search.json?device=desktop&engine=google&google_domain=google.com&q=affiliate+partnership&start=10&token=aed541a8b4dfe9d2",
    "other_pages": {
      "2": "https://serpapi.com/search.json?device=desktop&engine=google&google_domain=google.com&q=affiliate+partnership&start=10&token=aed541a8b4dfe9d2",
      "3": "https://serpapi.com/search.json?device=desktop&engine=google&google_domain=google.com&q=affiliate+partnership&start=20&token=381036f77693d6a4",
      "4": "https://serpapi.com/search.json?device=desktop&engine=google&google_domain=google.com&q=affiliate+partnership&start=30&token=5b64ff41cb7023bb",
      "5": "https://serpapi.com/search.json?device=desktop&engine=google&google_domain=google.com&q=affiliate+partnership&start=40&token=74d3747828591991",
      "6": "https://serpapi.com/search.json?device=desktop&engine=google&google_domain=google.com&q=affiliate+partnership&start=50&token=ae70438213ef2102",
      "7": "https://serpapi.com/search.json?device=desktop&engine=google&google_domain=google.com&q=affiliate+partnership&start=60&token=f1253a3874aaf3f2",
      "8": "https://serpapi.com/search.json?device=desktop&engine=google&google_domain=google.com&q=affiliate+partnership&start=70&token=1f0bef2f5fe29419",
      "9": "https://serpapi.com/search.json?device=desktop&engine=google&google_domain=google.com&q=affiliate+partnership&start=80&token=9669a6836f4f7934",
      "10": "https://serpapi.com/search.json?device=desktop&engine=google&google_domain=google.com&q=affiliate+partnership&start=90&token=c379a3ef0d10e378"
    }
  }
}