{
  "search_metadata": {
    "id": "",
    "status": "Success",
    "json_endpoint": "",
    "created_at": "2020-01-21 14:31:37 UTC",
    "processed_at": "2020-01-21 14:31:37 UTC",
    "google_url": "https://www.google.com/search?q=affiliate+of+a+company&oq=affiliate+of+a+company&sourceid=chrome&ie=UTF-8",
    "raw_html_file": "",
    "total_time_taken": 1.69
  },
  "search_parameters": {
    "engine": "google",
    "q": "affiliate of a company",
    "google_domain": "google.com",
    "device": "desktop"
  },
  "search_information": {
    "organic_results_state": "Results for exact spelling",
    "total_results": 1820000000,
    "time_taken_displayed": 0.61,
    "query_displayed": "affiliate of a company"
  },
  "knowledge_graph": {
    "see_more_about": []
  },
  "related_questions": [
    {
      "question": "What is an affiliated employer?",
      "snippet": "Affiliated Employer means any corporation which is a member of a controlled group of corporations (as defined in Code Section 414(b)) which includes the Employer; any trade or business (whether or not incorporated) which is under common control (as defined in Code Section 414(c)) with the Employer; any organization ( ...",
      "title": "Affiliated Employer | legal definition of Affiliated Employer by ...",
      "link": "https://www.lawinsider.com/dictionary/affiliated-employer",
      "displayed_link": "www.lawinsider.com › dictionary › affiliated-employer"
    },
    {
      "question": "What is an affiliate vs subsidiary company?",
      "snippet": "A subsidiary is a company whose parent is a majority shareholder that owns more than 50% of all shares. For corporate, securities and capital markets, an affiliate is a person or entity directly or indirectly controlling, being controlled by, or under common control with another person or entity.Apr 14, 2019",
      "title": "Subsidiary vs. Affiliate: What's the Difference? - Investopedia",
      "link": "https://www.investopedia.com/ask/answers/06/subsidiaries.asp",
      "displayed_link": "www.investopedia.com › ask › answers › subsidiaries"
    },
    {
      "question": "Is an employee an affiliate?",
      "snippet": "Definition of Affiliate Employee. Affiliate Employee means any Employee who is an officer or director of the Company. Affiliate Employee means any person employed by an Affiliate.",
      "title": "Affiliate Employee | legal definition of Affiliate Employee by ...",
      "link": "https://www.lawinsider.com/dictionary/affiliate-employee",
      "displayed_link": "www.lawinsider.com › dictionary › affiliate-employee"
    }
  ],
  "answer_box": {
    "type": "organic_result",
    "title": "Affiliated Companies Definition - Investopedia",
    "date": "Jun 1, 2019",
    "link": "https://www.investopedia.com/terms/a/affiliatedcompanies.asp",
    "snippet": "Companies are affiliated when one company is a minority shareholder of another. In most cases, the parent company will own less than a 50% interest in its affiliated company. ... In most cases, affiliates are associates or associated companies, which describes an organization whose parent has a minority stake in it."
  },
  "organic_results": [
    {
      "position": 1,
      "title": "Affiliated Companies Definition - Investopedia",
      "link": "https://www.investopedia.com/terms/a/affiliatedcompanies.asp",
      "displayed_link": "www.investopedia.com › ... › Mergers & Acquisitions",
      "date": "Jun 1, 2019",
      "snippet": "Companies are affiliated when one company is a minority shareholder of another. In most cases, the parent company will own less than a 50% interest in its affiliated company. ... In most cases, affiliates are associates or associated companies, which describes an organization whose parent has a minority stake in it.",
      "cached_page_link": "https://webcache.googleusercontent.com/search?q=cache:drz_xtqb7S4J:https://www.investopedia.com/terms/a/affiliatedcompanies.asp+&cd=9&hl=en&ct=clnk&gl=us"
    },
    {
      "position": 2,
      "title": "Subsidiary vs. Affiliate: What's the Difference? - Investopedia",
      "link": "https://www.investopedia.com/ask/answers/06/subsidiaries.asp",
      "displayed_link": "www.investopedia.com › Business › Business Essentials",
      "date": "Apr 14, 2019",
      "snippet": "A subsidiary is a company whose parent is a majority shareholder that owns more than 50% of all shares. For corporate, securities and capital markets, an affiliate is a person or entity directly or indirectly controlling, being controlled by, or under common control with another person or entity.",
      "cached_page_link": "https://webcache.googleusercontent.com/search?q=cache:zZ7MG_A6QKQJ:https://www.investopedia.com/ask/answers/06/subsidiaries.asp+&cd=10&hl=en&ct=clnk&gl=us"
    },
    {
      "position": 3,
      "title": "What Is an Affiliate in the Business World?",
      "link": "https://www.thebalancesmb.com/affiliates-and-affiliate-agreements-in-business-398119",
      "displayed_link": "www.thebalancesmb.com › ... › Business Law & Taxes › Glossary",
      "snippet": "In corporate law and taxes, an affiliate is a company that is related to another company, usually by being in the position of a member or a subordinate role, ...",
      "cached_page_link": "https://webcache.googleusercontent.com/search?q=cache:0BSVcKFP3WQJ:https://www.thebalancesmb.com/affiliates-and-affiliate-agreements-in-business-398119+&cd=11&hl=en&ct=clnk&gl=us"
    },
    {
      "position": 4,
      "title": "Affiliated company dictionary definition | affiliated company ...",
      "link": "https://www.yourdictionary.com/affiliated-company",
      "displayed_link": "www.yourdictionary.com › affiliated-company",
      "snippet": "affiliated company - Investment & Finance Definition One way that companies are considered affiliated is when one company owns less than the majority interest in another company. Companies also may be affiliated when they are subsidiaries of a third company.",
      "cached_page_link": "https://webcache.googleusercontent.com/search?q=cache:uRXVf3hO7EIJ:https://www.yourdictionary.com/affiliated-company+&cd=12&hl=en&ct=clnk&gl=us"
    },
    {
      "position": 5,
      "title": "Are You Confused by the Terms: Subsidiary, Affiliate, Division ...",
      "link": "http://www.stellarrisk.com/are-you-confused-by-the-terms-subsidiary-affiliate-division-and-others/",
      "displayed_link": "www.stellarrisk.com › are-you-confused-by-the-terms-subsidiary-affil...",
      "snippet": "Hardly a day passes at James O'Brien Associates where we don't have a client ask us if we can cover their customer's subsidiary, sister company, or affiliate.",
      "cached_page_link": "http://webcache.googleusercontent.com/search?q=cache:0tx5Mx4cs6EJ:www.stellarrisk.com/are-you-confused-by-the-terms-subsidiary-affiliate-division-and-others/+&cd=13&hl=en&ct=clnk&gl=us"
    },
    {
      "position": 6,
      "title": "Legal Definition of Affiliate: Everything You Need to Know",
      "link": "https://www.upcounsel.com/legal-definition-of-affiliate",
      "displayed_link": "www.upcounsel.com › legal-definition-of-affiliate",
      "snippet": "Two companies may fall under one umbrella if an affiliate is less than 50 percent owned by the parent company. In this case, one company will have control, or a ...",
      "cached_page_link": "https://webcache.googleusercontent.com/search?q=cache:BmD_2vpG3sIJ:https://www.upcounsel.com/legal-definition-of-affiliate+&cd=14&hl=en&ct=clnk&gl=us"
    },
    {
      "position": 7,
      "title": "Affiliate (commerce) - Wikipedia",
      "link": "https://en.wikipedia.org/wiki/Affiliate_(commerce)",
      "displayed_link": "en.wikipedia.org › wiki › Affiliate_(commerce)",
      "snippet": "The term affiliate is used to describe the relationship between two entities wherein one owns less than a majority stake in the other's stock. Affiliations can also describe a type of relationship in which at least two different companies are subsidiaries of a larger parent company.",
      "cached_page_link": "https://webcache.googleusercontent.com/search?q=cache:jH6sXgpV_x0J:https://en.wikipedia.org/wiki/Affiliate_(commerce)+&cd=15&hl=en&ct=clnk&gl=us",
      "related_pages_link": "https://www.google.com/search?q=related:https://en.wikipedia.org/wiki/Affiliate_(commerce)+affiliate+of+a+company&tbo=1&sa=X&ved=2ahUKEwjKwIOg9JTnAhV4yIsBHS6KBKQQHzAOegQIChAJ"
    },
    {
      "position": 8,
      "title": "Affiliated Company | legal definition of Affiliated Company by ...",
      "link": "https://www.lawinsider.com/dictionary/affiliated-company",
      "displayed_link": "www.lawinsider.com › Dictionary",
      "snippet": "Define Affiliated Company. means any company controlled by, controlling or ... Affiliated Company means a company which is an affiliate of the Firm through the ...",
      "cached_page_link": "https://webcache.googleusercontent.com/search?q=cache:65s7Qyq2e4YJ:https://www.lawinsider.com/dictionary/affiliated-company+&cd=16&hl=en&ct=clnk&gl=us"
    },
    {
      "position": 9,
      "title": "What is Affiliate company? Definition and meaning",
      "link": "https://www.globalnegotiator.com/international-trade/dictionary/affiliate-company-2/",
      "displayed_link": "www.globalnegotiator.com › international-trade › dictionary › affiliat...",
      "snippet": "Definition of Affiliate company: A Company that is less than 50% owned by a parent company; the parents acts as minority shareholders. More loosely, this term ...",
      "cached_page_link": "https://webcache.googleusercontent.com/search?q=cache:8C967r1d1ywJ:https://www.globalnegotiator.com/international-trade/dictionary/affiliate-company-2/+&cd=17&hl=en&ct=clnk&gl=us"
    },
    {
      "position": 10,
      "title": "The 25 Best Affiliate Marketing Companies in 2019 - Small ...",
      "link": "https://smallbiztrends.com/2019/03/affiliate-marketing-companies.html",
      "displayed_link": "smallbiztrends.com › 2019/03 › affiliate-marketing-companies",
      "date": "Mar 26, 2019",
      "snippet": "In America, the spend on affiliate marketing is projected to hit $8.2 billion USD by 2022. Here are 25 of the best affiliate marketing companies ...",
      "cached_page_link": "https://webcache.googleusercontent.com/search?q=cache:GMxK1uuUtaYJ:https://smallbiztrends.com/2019/03/affiliate-marketing-companies.html+&cd=18&hl=en&ct=clnk&gl=us"
    }
  ],
  "related_searches": [
    {
      "query": "affiliated companies examples",
      "link": "https://www.google.com/search?q=affiliated+companies+examples&sa=X&ved=2ahUKEwjKwIOg9JTnAhV4yIsBHS6KBKQQ1QIoAHoECAsQAQ"
    },
    {
      "query": "affiliate company definition uk",
      "link": "https://www.google.com/search?q=affiliate+company+definition+uk&sa=X&ved=2ahUKEwjKwIOg9JTnAhV4yIsBHS6KBKQQ1QIoAXoECAsQAg"
    },
    {
      "query": "legal definition of affiliate",
      "link": "https://www.google.com/search?q=legal+definition+of+affiliate&sa=X&ved=2ahUKEwjKwIOg9JTnAhV4yIsBHS6KBKQQ1QIoAnoECAsQAw"
    },
    {
      "query": "affiliates",
      "link": "https://www.google.com/search?q=affiliates&sa=X&ved=2ahUKEwjKwIOg9JTnAhV4yIsBHS6KBKQQ1QIoA3oECAsQBA"
    },
    {
      "query": "associated company",
      "link": "https://www.google.com/search?q=associated+company&sa=X&ved=2ahUKEwjKwIOg9JTnAhV4yIsBHS6KBKQQ1QIoBHoECAsQBQ"
    },
    {
      "query": "company affiliation example",
      "link": "https://www.google.com/search?q=company+affiliation+example&sa=X&ved=2ahUKEwjKwIOg9JTnAhV4yIsBHS6KBKQQ1QIoBXoECAsQBg"
    },
    {
      "query": "subsidiary company",
      "link": "https://www.google.com/search?q=subsidiary+company&sa=X&ved=2ahUKEwjKwIOg9JTnAhV4yIsBHS6KBKQQ1QIoBnoECAsQBw"
    },
    {
      "query": "affiliate companies act",
      "link": "https://www.google.com/search?q=affiliate+companies+act&sa=X&ved=2ahUKEwjKwIOg9JTnAhV4yIsBHS6KBKQQ1QIoB3oECAsQCA"
    }
  ],
  "pagination": {
    "current": 1,
    "next": "https://www.google.com/search?q=affiliate+of+a+company&ei=SQsnXor4OPiQr7wPrpSSoAo&start=10&sa=N&ved=2ahUKEwjKwIOg9JTnAhV4yIsBHS6KBKQQ8NMDegQIDhA_",
    "other_pages": {
      "2": "https://www.google.com/search?q=affiliate+of+a+company&ei=SQsnXor4OPiQr7wPrpSSoAo&start=10&sa=N&ved=2ahUKEwjKwIOg9JTnAhV4yIsBHS6KBKQQ8tMDegQIDhAt",
      "3": "https://www.google.com/search?q=affiliate+of+a+company&ei=SQsnXor4OPiQr7wPrpSSoAo&start=20&sa=N&ved=2ahUKEwjKwIOg9JTnAhV4yIsBHS6KBKQQ8tMDegQIDhAv",
      "4": "https://www.google.com/search?q=affiliate+of+a+company&ei=SQsnXor4OPiQr7wPrpSSoAo&start=30&sa=N&ved=2ahUKEwjKwIOg9JTnAhV4yIsBHS6KBKQQ8tMDegQIDhAx",
      "5": "https://www.google.com/search?q=affiliate+of+a+company&ei=SQsnXor4OPiQr7wPrpSSoAo&start=40&sa=N&ved=2ahUKEwjKwIOg9JTnAhV4yIsBHS6KBKQQ8tMDegQIDhAz",
      "6": "https://www.google.com/search?q=affiliate+of+a+company&ei=SQsnXor4OPiQr7wPrpSSoAo&start=50&sa=N&ved=2ahUKEwjKwIOg9JTnAhV4yIsBHS6KBKQQ8tMDegQIDhA1",
      "7": "https://www.google.com/search?q=affiliate+of+a+company&ei=SQsnXor4OPiQr7wPrpSSoAo&start=60&sa=N&ved=2ahUKEwjKwIOg9JTnAhV4yIsBHS6KBKQQ8tMDegQIDhA3",
      "8": "https://www.google.com/search?q=affiliate+of+a+company&ei=SQsnXor4OPiQr7wPrpSSoAo&start=70&sa=N&ved=2ahUKEwjKwIOg9JTnAhV4yIsBHS6KBKQQ8tMDegQIDhA5",
      "9": "https://www.google.com/search?q=affiliate+of+a+company&ei=SQsnXor4OPiQr7wPrpSSoAo&start=80&sa=N&ved=2ahUKEwjKwIOg9JTnAhV4yIsBHS6KBKQQ8tMDegQIDhA7",
      "10": "https://www.google.com/search?q=affiliate+of+a+company&ei=SQsnXor4OPiQr7wPrpSSoAo&start=90&sa=N&ved=2ahUKEwjKwIOg9JTnAhV4yIsBHS6KBKQQ8tMDegQIDhA9"
    }
  },
  "serpapi_pagination": {
    "current": 1,
    "next_link": "https://serpapi.com/search.json?device=desktop&engine=google&google_domain=google.com&q=affiliate+of+a+company&start=10&token=740137718b65a47d",
    "next": "https://serpapi.com/search.json?device=desktop&engine=google&google_domain=google.com&q=affiliate+of+a+company&start=10&token=740137718b65a47d",
    "other_pages": {
      "2": "https://serpapi.com/search.json?device=desktop&engine=google&google_domain=google.com&q=affiliate+of+a+company&start=10&token=740137718b65a47d",
      "3": "https://serpapi.com/search.json?device=desktop&engine=google&google_domain=google.com&q=affiliate+of+a+company&start=20&token=bc9cd1272f227d73",
      "4": "https://serpapi.com/search.json?device=desktop&engine=google&google_domain=google.com&q=affiliate+of+a+company&start=30&token=406f064516dab810",
      "5": "https://serpapi.com/search.json?device=desktop&engine=google&google_domain=google.com&q=affiliate+of+a+company&start=40&token=e4572f02fe54307a",
      "6": "https://serpapi.com/search.json?device=desktop&engine=google&google_domain=google.com&q=affiliate+of+a+company&start=50&token=d0ab8ea50444f8de",
      "7": "https://serpapi.com/search.json?device=desktop&engine=google&google_domain=google.com&q=affiliate+of+a+company&start=60&token=ae578643736d7144",
      "8": "https://serpapi.com/search.json?device=desktop&engine=google&google_domain=google.com&q=affiliate+of+a+company&start=70&token=e47b7043438a27c0",
      "9": "https://serpapi.com/search.json?device=desktop&engine=google&google_domain=google.com&q=affiliate+of+a+company&start=80&token=e4c970365d2eec62",
      "10": "https://serpapi.com/search.json?device=desktop&engine=google&google_domain=google.com&q=affiliate+of+a+company&start=90&token=0751ec6689eefc92"
    }
  }
}