{
  "search_metadata": {
    "id": "",
    "status": "Success",
    "json_endpoint": "",
    "created_at": "2020-01-21 14:11:17 UTC",
    "processed_at": "2020-01-21 14:11:17 UTC",
    "google_url": "https://www.google.com/search?q=affiliate+agreement+template&oq=affiliate+agreement+template&sourceid=chrome&ie=UTF-8",
    "raw_html_file": "",
    "total_time_taken": 1.74
  },
  "search_parameters": {
    "engine": "google",
    "q": "affiliate agreement template",
    "google_domain": "google.com",
    "device": "desktop"
  },
  "search_information": {
    "organic_results_state": "Results for exact spelling",
    "total_results": 25400000,
    "time_taken_displayed": 0.59,
    "query_displayed": "affiliate agreement template"
  },
  "ads": [
    {
      "position": 1,
      "block_position": "bottom",
      "title": "Affiliate Agreement Template | Free, Fast & Done in 5-10 Mins‎",
      "link": "https://legaltemplates.net/form/affiliate-agreement/",
      "displayed_link": "www.legaltemplates.net/affiliate_form",
      "tracking_link": "https://www.google.com/aclk?sa=l&ai=DChcSEwjdyLna75TnAhUWvewKHWhQDFIYABAAGgJwag&sig=AOD64_01_0fBL77XPEK8ptfwVJD2Y2vR8Q&q=&ved=2ahUKEwjt6rPa75TnAhXOHjQIHc6zAvMQ0Qx6BAgREAE&adurl=",
      "description": "Create a Customized Affiliate Agreement in Minutes. Build, Save & Print for Free. Live Support. Download PDF. Easy Step-By-Step Builder. Free 14-Day Trial. Crafted by Real Attorneys. Versions For All States. Secure & Legally Binding.",
      "sitelinks": [
        {
          "title": "About Us",
          "link": "https://legaltemplates.net/about-us/"
        },
        {
          "title": "Contact Us",
          "link": "https://legaltemplates.net/contact-us/"
        },
        {
          "title": "Legal Forms",
          "link": "https://legaltemplates.net/legal-documents-forms/"
        },
        {
          "title": "Plans",
          "link": "https://app.legaltemplates.net/products"
        }
      ]
    },
    {
      "position": 2,
      "block_position": "bottom",
      "title": "Affiliate Agreement Template | Edit In Microsoft Word (.doc)‎",
      "link": "http://www.biztree.com/affiliate-agreement",
      "displayed_link": "www.biztree.com/Templates/Affiliate",
      "tracking_link": "https://www.google.com/aclk?sa=l&ai=DChcSEwjdyLna75TnAhUWvewKHWhQDFIYABAGGgJwag&sig=AOD64_0rHwf0i7H7nf32Le8caygtoDigQg&q=&ved=2ahUKEwjt6rPa75TnAhXOHjQIHc6zAvMQ0Qx6BAgQEAE&adurl=",
      "description": "Our High-Quality Fill-in-the-Blank Templates Are Created By Our Lawyers. Get Access To Our Collection Of 1,800+ Business & Legal Document Templates. Save Money in Legal Fees. Zero Learning Curve. Aways One Click Away. Sold in 200 Countries.",
      "sitelinks": [
        {
          "title": "Download Free Demo",
          "link": "http://www.biztree.com/free-demo/?q=affiliate-agreement&a=affiliate-agreement&s=google&c=us"
        },
        {
          "title": "1,800+ Document Templates",
          "link": "http://www.biztree.com/1800-templates/?q=affiliate-agreement&a=affiliate-agreement&s=google&c=us"
        },
        {
          "title": "Fill the Blanks & Print",
          "link": "http://www.biztree.com/fill-in-the-blanks/?q=affiliate-agreement&a=affiliate-agreement&s=google&c=us"
        }
      ]
    },
    {
      "position": 3,
      "block_position": "bottom",
      "title": "Affiliate Agreement Template | Attorney Drafted‎",
      "link": "https://www.disclaimertemplate.com/affiliate-agreement-template/",
      "displayed_link": "www.disclaimertemplate.com/",
      "tracking_link": "https://www.google.com/aclk?sa=l&ai=DChcSEwjdyLna75TnAhUWvewKHWhQDFIYABAFGgJwag&sig=AOD64_3PbNrHW34Y6GSavSU3hJkxlV-jEQ&q=&ved=2ahUKEwjt6rPa75TnAhXOHjQIHc6zAvMQ0Qx6BAgPEAE&adurl=",
      "description": "Protect your online business with our affiliate agreement template. Buy-Download. Multiple Payment Options. Quick & Easy Support. Highlights: Free Technical Email & Phone Support Available, Operating Since 2003.",
      "sitelinks": [
        {
          "title": "Website Terms & Condition",
          "link": "http://www.disclaimertemplate.com/website-terms-conditions-aw/"
        },
        {
          "title": "Website & Blog Disclaimer",
          "link": "http://www.disclaimertemplate.com/website-disclaimer-aw/"
        },
        {
          "title": "Big 3 Document Package",
          "link": "http://www.disclaimertemplate.com/the-big-3/"
        }
      ]
    }
  ],
  "knowledge_graph": {},
  "related_questions": [
    {
      "question": "What is an affiliate agreement?",
      "snippet": "In affiliate programs, it is the terms of service between the advertiser and the affiliate, which defines and governs the affiliate relationship. The affiliate agreement will specify what both parties are responsible for, payout terms and commission for conversions.",
      "title": "What is affiliate agreement? Webopedia Definition",
      "link": "https://www.webopedia.com/TERM/A/affiliate_agreement.html",
      "displayed_link": "www.webopedia.com › TERM › affiliate_agreement"
    },
    {
      "question": "What is an affiliate policy?",
      "snippet": "An affiliate program is a relationship with a company that allows me to receive a commission on sales I refer from Culinary Hill. For example, I have an affiliate account with Amazon. If you click on a link in any of my posts and make a purchase, I may receive a small commission on that sale.",
      "title": "Affiliate Policy | Culinary Hill",
      "link": "https://www.culinaryhill.com/affiliate-advertising-policy/",
      "displayed_link": "www.culinaryhill.com › affiliate-advertising-policy"
    },
    {
      "question": "What is a referral agreement?",
      "snippet": "A Referral Agreement is an agreement between companies or individuals who refer potential clients or leads to the other party, in exchange for some form of compensation for the referral.Apr 6, 2017",
      "title": "Overview of Referral Agreement – Blog – Clausehound",
      "link": "https://blog.clausehound.com/overview-of-referral-agreement/",
      "displayed_link": "blog.clausehound.com › overview-of-referral-agreement"
    },
    {
      "question": "What is Refersion?",
      "snippet": "Refersion is a simple-to-use and integrated affiliate marketing platform. ... Refersion also makes it easy for affiliates to see which brands are currently making an offer. All they have to do is go to the marketplace where they can choose a business to promote and partner with.May 10, 2019",
      "title": "Refersion Reviews: Overview, Pricing and Features",
      "link": "https://reviews.financesonline.com/p/refersion/",
      "displayed_link": "reviews.financesonline.com › refersion"
    }
  ],
  "answer_box": {
    "type": "organic_result",
    "title": "Affiliate Agreement - Sample, Template - Word & PDF",
    "link": "https://www.wonder.legal/us/modele/affiliate-agreement",
    "snippet": "An Affiliate Agreement is a document through which two parties, the company and the affiliate, form a relationship whereby the affiliate receives funds for certain qualified actions. ... In these types of agreements, the affiliate most often does not get a say in the specific terms."
  },
  "organic_results": [
    {
      "position": 1,
      "title": "Affiliate Agreement - Sample, Template - Word & PDF",
      "link": "https://www.wonder.legal/us/modele/affiliate-agreement",
      "displayed_link": "www.wonder.legal › ... › Intellectual Property and New Technologies",
      "snippet": "An Affiliate Agreement is a document through which two parties, the company and the affiliate, form a relationship whereby the affiliate receives funds for certain qualified actions. ... In these types of agreements, the affiliate most often does not get a say in the specific terms.",
      "rich_snippet": {
        "top": {
          "detected_extensions": {
            "rating": 4.9,
            "votes": 171
          },
          "extensions": [
            "Rating: 4.9",
            "171 votes"
          ]
        }
      },
      "cached_page_link": "https://webcache.googleusercontent.com/search?q=cache:joV-hWdv8T4J:https://www.wonder.legal/us/modele/affiliate-agreement+&cd=1&hl=en&ct=clnk&gl=us"
    },
    {
      "position": 2,
      "title": "Sample Affiliate Program Agreement - Terms of Service - AM ...",
      "link": "https://www.amnavigator.com/wm/",
      "displayed_link": "www.amnavigator.com › ...",
      "snippet": "We are excited to help your affiliate program by providing a sample Affiliate Program Agreement and Terms of Service template. Click now to view.",
      "cached_page_link": "https://webcache.googleusercontent.com/search?q=cache:kvnD31K5z40J:https://www.amnavigator.com/wm/+&cd=2&hl=en&ct=clnk&gl=us"
    },
    {
      "position": 3,
      "title": "Affiliate Agreement - FatCow",
      "link": "https://www.fatcow.com/affiliate/affiliateagreement.html",
      "displayed_link": "www.fatcow.com › affiliate › affiliateagreement",
      "date": "Dec 4, 2019",
      "snippet": "This Affiliate Agreement (\"Agreement\") contains the complete terms and ... similar content, templates or formatting, as determined by FatCow, ...",
      "cached_page_link": "https://webcache.googleusercontent.com/search?q=cache:mOlbQ0Xng0MJ:https://www.fatcow.com/affiliate/affiliateagreement.html+&cd=3&hl=en&ct=clnk&gl=us"
    },
    {
      "position": 4,
      "title": "Affiliate Agreement UK Template - Make Yours For Free",
      "link": "https://www.rocketlawyer.com/gb/en/documents/affiliate-agreement",
      "displayed_link": "www.rocketlawyer.com › documents › affiliate-agreement",
      "snippet": "Protect your business when you enter into an agreement for a marketing or a referral program. Make your free affiliate agreement with Rocket Lawyer.",
      "cached_page_link": "https://webcache.googleusercontent.com/search?q=cache:RUuPUrD5TxwJ:https://www.rocketlawyer.com/gb/en/documents/affiliate-agreement+&cd=4&hl=en&ct=clnk&gl=us"
    },
    {
      "position": 5,
      "title": "Marketing Affiliate Program Agreement - HubSpot Legal Stuff",
      "link": "https://legal.hubspot.com/marketing-affiliate-program-agreement",
      "displayed_link": "legal.hubspot.com › marketing-affiliate-program-agreement",
      "date": "Jul 20, 2018",
      "snippet": "The Marketing Affiliate Program Agreement applies to your participation in our Marketing Affiliate Program (the “Affiliate Program”). These terms ...",
      "cached_page_link": "https://webcache.googleusercontent.com/search?q=cache:zkk4DZHSY2wJ:https://legal.hubspot.com/marketing-affiliate-program-agreement+&cd=5&hl=en&ct=clnk&gl=us"
    },
    {
      "position": 6,
      "title": "AFFILIATE AGREEMENT",
      "link": "http://www.kissmyassetsgoodbye.com/pdfs/AffiliateAgreementForm.pdf",
      "displayed_link": "www.kissmyassetsgoodbye.com › pdfs › AffiliateAgreementForm",
      "snippet": "THIS AFFILIATE AGREEMENT (the “Agreement”) is made this ___ day of ... WHEREAS, Affiliate has a background in marketing online and via traditional ...",
      "cached_page_link": "http://webcache.googleusercontent.com/search?q=cache:3MBR3CbS8hwJ:www.kissmyassetsgoodbye.com/pdfs/AffiliateAgreementForm.pdf+&cd=6&hl=en&ct=clnk&gl=us"
    },
    {
      "position": 7,
      "title": "Website Affiliate Agreement Template | legalzoom.com",
      "link": "https://www.legalzoom.com/forms/website-affiliate-agreement",
      "displayed_link": "www.legalzoom.com › forms › website-affiliate-agreement",
      "snippet": "It's easier than ever to increase business and find new customers online through a third-party (called an affiliate) website. By placing a link on the affiliate's ...",
      "cached_page_link": "https://webcache.googleusercontent.com/search?q=cache:qFtiKW_E72QJ:https://www.legalzoom.com/forms/website-affiliate-agreement+&cd=7&hl=en&ct=clnk&gl=us"
    },
    {
      "position": 8,
      "title": "Affiliate Agreement - Small Business Bodyguard",
      "link": "http://smallbusinessbodyguard.com/affiliate-agreement/",
      "displayed_link": "smallbusinessbodyguard.com › affiliate-agreement",
      "snippet": "BY SUBMITTING AN APPLICATION TO OUR AFFILIATE PROGRAM, YOU ARE CONSENTING TO THIS AFFILIATE AGREEMENT, WHICH ARE THE TERMS ...",
      "cached_page_link": "http://webcache.googleusercontent.com/search?q=cache:HLH53EjKQmcJ:smallbusinessbodyguard.com/affiliate-agreement/+&cd=8&hl=en&ct=clnk&gl=us",
      "related_pages_link": "https://www.google.com/search?q=related:smallbusinessbodyguard.com/affiliate-agreement/+affiliate+agreement+template&tbo=1&sa=X&ved=2ahUKEwjt6rPa75TnAhXOHjQIHc6zAvMQHzAHegQICBAJ"
    },
    {
      "position": 9,
      "title": "Referral Agreement (Free Sample) - Docsketch",
      "link": "https://www.docsketch.com/contracts/referral-agreement/",
      "displayed_link": "www.docsketch.com › contracts › referral-agreement",
      "snippet": "Upon the Effective Date of this Agreement, Affiliate may, from time to time, refer potential clients/customers to Company. Company will pay Affiliate a fee for these ...",
      "cached_page_link": "https://webcache.googleusercontent.com/search?q=cache:F4JQD6ZoyFEJ:https://www.docsketch.com/contracts/referral-agreement/+&cd=9&hl=en&ct=clnk&gl=us"
    },
    {
      "position": 10,
      "title": "Affiliate Agreement",
      "link": "http://ryananddaniel.com/wp-content/uploads/coisson_affiliate-agreement-L.pdf",
      "displayed_link": "ryananddaniel.com › wp-content › uploads › coisson_affiliate-agreem...",
      "snippet": "This agreement is a binding, legal contract between you, the Affiliate and our business, ... continuation of Affiliate status, promoting or marketing the Company, ...",
      "related_pages_link": "https://www.google.com/search?q=related:ryananddaniel.com/wp-content/uploads/coisson_affiliate-agreement-L.pdf+affiliate+agreement+template&tbo=1&sa=X&ved=2ahUKEwjt6rPa75TnAhXOHjQIHc6zAvMQHzAJegQIBxAI"
    }
  ],
  "related_searches": [
    {
      "query": "affiliate agreement template uk",
      "link": "https://www.google.com/search?q=affiliate+agreement+template+uk&sa=X&ved=2ahUKEwjt6rPa75TnAhXOHjQIHc6zAvMQ1QIoAHoECA0QAQ"
    },
    {
      "query": "affiliate agreement pdf",
      "link": "https://www.google.com/search?q=affiliate+agreement+pdf&sa=X&ved=2ahUKEwjt6rPa75TnAhXOHjQIHc6zAvMQ1QIoAXoECA0QAg"
    },
    {
      "query": "one page affiliate agreement",
      "link": "https://www.google.com/search?q=one+page+affiliate+agreement&sa=X&ved=2ahUKEwjt6rPa75TnAhXOHjQIHc6zAvMQ1QIoAnoECA0QAw"
    },
    {
      "query": "how to create an affiliate contract",
      "link": "https://www.google.com/search?q=how+to+create+an+affiliate+contract&sa=X&ved=2ahUKEwjt6rPa75TnAhXOHjQIHc6zAvMQ1QIoA3oECA0QBA"
    },
    {
      "query": "affiliate contract twitch",
      "link": "https://www.google.com/search?q=affiliate+contract+twitch&sa=X&ved=2ahUKEwjt6rPa75TnAhXOHjQIHc6zAvMQ1QIoBHoECA0QBQ"
    },
    {
      "query": "referral agreement template",
      "link": "https://www.google.com/search?q=referral+agreement+template&sa=X&ved=2ahUKEwjt6rPa75TnAhXOHjQIHc6zAvMQ1QIoBXoECA0QBg"
    },
    {
      "query": "affiliate program template",
      "link": "https://www.google.com/search?q=affiliate+program+template&sa=X&ved=2ahUKEwjt6rPa75TnAhXOHjQIHc6zAvMQ1QIoBnoECA0QBw"
    },
    {
      "query": "affiliate policy",
      "link": "https://www.google.com/search?q=affiliate+policy&sa=X&ved=2ahUKEwjt6rPa75TnAhXOHjQIHc6zAvMQ1QIoB3oECA0QCA"
    }
  ],
  "pagination": {
    "current": 1,
    "next": "https://www.google.com/search?q=affiliate+agreement+template&ei=hgYnXu2PC8690PEPzueKmA8&start=10&sa=N&ved=2ahUKEwjt6rPa75TnAhXOHjQIHc6zAvMQ8NMDegQIDhBA",
    "other_pages": {
      "2": "https://www.google.com/search?q=affiliate+agreement+template&ei=hgYnXu2PC8690PEPzueKmA8&start=10&sa=N&ved=2ahUKEwjt6rPa75TnAhXOHjQIHc6zAvMQ8tMDegQIDhAu",
      "3": "https://www.google.com/search?q=affiliate+agreement+template&ei=hgYnXu2PC8690PEPzueKmA8&start=20&sa=N&ved=2ahUKEwjt6rPa75TnAhXOHjQIHc6zAvMQ8tMDegQIDhAw",
      "4": "https://www.google.com/search?q=affiliate+agreement+template&ei=hgYnXu2PC8690PEPzueKmA8&start=30&sa=N&ved=2ahUKEwjt6rPa75TnAhXOHjQIHc6zAvMQ8tMDegQIDhAy",
      "5": "https://www.google.com/search?q=affiliate+agreement+template&ei=hgYnXu2PC8690PEPzueKmA8&start=40&sa=N&ved=2ahUKEwjt6rPa75TnAhXOHjQIHc6zAvMQ8tMDegQIDhA0",
      "6": "https://www.google.com/search?q=affiliate+agreement+template&ei=hgYnXu2PC8690PEPzueKmA8&start=50&sa=N&ved=2ahUKEwjt6rPa75TnAhXOHjQIHc6zAvMQ8tMDegQIDhA2",
      "7": "https://www.google.com/search?q=affiliate+agreement+template&ei=hgYnXu2PC8690PEPzueKmA8&start=60&sa=N&ved=2ahUKEwjt6rPa75TnAhXOHjQIHc6zAvMQ8tMDegQIDhA4",
      "8": "https://www.google.com/search?q=affiliate+agreement+template&ei=hgYnXu2PC8690PEPzueKmA8&start=70&sa=N&ved=2ahUKEwjt6rPa75TnAhXOHjQIHc6zAvMQ8tMDegQIDhA6",
      "9": "https://www.google.com/search?q=affiliate+agreement+template&ei=hgYnXu2PC8690PEPzueKmA8&start=80&sa=N&ved=2ahUKEwjt6rPa75TnAhXOHjQIHc6zAvMQ8tMDegQIDhA8",
      "10": "https://www.google.com/search?q=affiliate+agreement+template&ei=hgYnXu2PC8690PEPzueKmA8&start=90&sa=N&ved=2ahUKEwjt6rPa75TnAhXOHjQIHc6zAvMQ8tMDegQIDhA-"
    }
  },
  "serpapi_pagination": {
    "current": 1,
    "next_link": "https://serpapi.com/search.json?device=desktop&engine=google&google_domain=google.com&q=affiliate+agreement+template&start=10&token=13002ac7f29f9d85",
    "next": "https://serpapi.com/search.json?device=desktop&engine=google&google_domain=google.com&q=affiliate+agreement+template&start=10&token=13002ac7f29f9d85",
    "other_pages": {
      "2": "https://serpapi.com/search.json?device=desktop&engine=google&google_domain=google.com&q=affiliate+agreement+template&start=10&token=13002ac7f29f9d85",
      "3": "https://serpapi.com/search.json?device=desktop&engine=google&google_domain=google.com&q=affiliate+agreement+template&start=20&token=ecd301943993f98d",
      "4": "https://serpapi.com/search.json?device=desktop&engine=google&google_domain=google.com&q=affiliate+agreement+template&start=30&token=5e5f43d0e202334b",
      "5": "https://serpapi.com/search.json?device=desktop&engine=google&google_domain=google.com&q=affiliate+agreement+template&start=40&token=ab4873a139f3691e",
      "6": "https://serpapi.com/search.json?device=desktop&engine=google&google_domain=google.com&q=affiliate+agreement+template&start=50&token=909113d02538e97f",
      "7": "https://serpapi.com/search.json?device=desktop&engine=google&google_domain=google.com&q=affiliate+agreement+template&start=60&token=51ce44ff1521eb35",
      "8": "https://serpapi.com/search.json?device=desktop&engine=google&google_domain=google.com&q=affiliate+agreement+template&start=70&token=00a61c57c6ca8be4",
      "9": "https://serpapi.com/search.json?device=desktop&engine=google&google_domain=google.com&q=affiliate+agreement+template&start=80&token=f1e2b9e9502e82ea",
      "10": "https://serpapi.com/search.json?device=desktop&engine=google&google_domain=google.com&q=affiliate+agreement+template&start=90&token=bec72115ddef16ab"
    }
  }
}