{
  "search_metadata": {
    "id": "",
    "status": "Success",
    "json_endpoint": "",
    "created_at": "2020-01-21 03:49:13 UTC",
    "processed_at": "2020-01-21 03:49:13 UTC",
    "google_url": "https://www.google.com/search?q=affiliate+company+definition&oq=affiliate+company+definition&sourceid=chrome&ie=UTF-8",
    "raw_html_file": "",
    "total_time_taken": 4.66
  },
  "search_parameters": {
    "engine": "google",
    "q": "affiliate company definition",
    "google_domain": "google.com",
    "device": "desktop"
  },
  "search_information": {
    "organic_results_state": "Results for exact spelling",
    "total_results": 57800000,
    "time_taken_displayed": 0.49,
    "query_displayed": "affiliate company definition"
  },
  "knowledge_graph": {
    "see_more_about": []
  },
  "answer_box": {
    "type": "organic_result",
    "title": "Affiliated company dictionary definition | affiliated company ...",
    "link": "https://www.yourdictionary.com/affiliated-company",
    "snippet": "affiliated company - Investment & Finance Definition One way that companies are considered affiliated is when one company owns less than the majority interest in another company. Companies also may be affiliated when they are subsidiaries of a third company."
  },
  "organic_results": [
    {
      "position": 1,
      "title": "Affiliated Companies Definition - Investopedia",
      "link": "https://www.investopedia.com/terms/a/affiliatedcompanies.asp",
      "displayed_link": "www.investopedia.com › ... › Mergers & Acquisitions",
      "date": "Jun 1, 2019",
      "snippet": "Companies are affiliated when one company is a minority shareholder of another. In most cases, the parent company will own less than a 50% interest in its affiliated company. ... In most cases, affiliates are associates or associated companies, which describes an organization whose parent has a minority stake in it.",
      "cached_page_link": "https://webcache.googleusercontent.com/search?q=cache:drz_xtqb7S4J:https://www.investopedia.com/terms/a/affiliatedcompanies.asp+&cd=3&hl=en&ct=clnk&gl=us"
    },
    {
      "position": 2,
      "title": "Subsidiary vs. Affiliate: What's the Difference? - Investopedia",
      "link": "https://www.investopedia.com/ask/answers/06/subsidiaries.asp",
      "displayed_link": "www.investopedia.com › Business › Business Essentials",
      "date": "Apr 14, 2019",
      "snippet": "The main difference between a subsidiary company and an affiliate has to do with the existing level of ownership by its parent company.",
      "cached_page_link": "https://webcache.googleusercontent.com/search?q=cache:zZ7MG_A6QKQJ:https://www.investopedia.com/ask/answers/06/subsidiaries.asp+&cd=4&hl=en&ct=clnk&gl=us"
    },
    {
      "position": 3,
      "title": "Affiliated company dictionary definition | affiliated company ...",
      "link": "https://www.yourdictionary.com/affiliated-company",
      "displayed_link": "www.yourdictionary.com › affiliated-company",
      "snippet": "affiliated company - Investment & Finance Definition One way that companies are considered affiliated is when one company owns less than the majority interest in another company. Companies also may be affiliated when they are subsidiaries of a third company.",
      "cached_page_link": "https://webcache.googleusercontent.com/search?q=cache:uRXVf3hO7EIJ:https://www.yourdictionary.com/affiliated-company+&cd=5&hl=en&ct=clnk&gl=us"
    },
    {
      "position": 4,
      "title": "Legal Definition of Affiliate: Everything You Need to Know",
      "link": "https://www.upcounsel.com/legal-definition-of-affiliate",
      "displayed_link": "www.upcounsel.com › legal-definition-of-affiliate",
      "snippet": "The legal definition of \"affiliate\" applies to business and retail relationships. ... For corporate law and taxes, when a company is under the same umbrella as ...",
      "cached_page_link": "https://webcache.googleusercontent.com/search?q=cache:BmD_2vpG3sIJ:https://www.upcounsel.com/legal-definition-of-affiliate+&cd=6&hl=en&ct=clnk&gl=us"
    },
    {
      "position": 5,
      "title": "Affiliated Company - Morningstar",
      "link": "https://www.morningstar.com/InvGlossary/affiliated_company_definition_what_is.aspx",
      "displayed_link": "www.morningstar.com › affiliated_company_definition_what_is",
      "snippet": "Two companies are affiliated when one company owns less than a majority of the voting stock of the other, usually less than 50%, or when both are subsidiaries of a third corporation. A subsidiary is a company where more than 50% of the voting shares are owned by another corporation, called the parent company.",
      "cached_page_link": "https://webcache.googleusercontent.com/search?q=cache:v5jYacvRcyoJ:https://www.morningstar.com/InvGlossary/affiliated_company_definition_what_is.aspx+&cd=7&hl=en&ct=clnk&gl=us"
    },
    {
      "position": 6,
      "title": "What Is an Affiliate in the Business World?",
      "link": "https://www.thebalancesmb.com/affiliates-and-affiliate-agreements-in-business-398119",
      "displayed_link": "www.thebalancesmb.com › ... › Business Law & Taxes › Glossary",
      "snippet": "A definition of affiliate business relationships and types of affiliates. ... In corporate law and taxes, an affiliate is a company that is related to another company, ...",
      "cached_page_link": "https://webcache.googleusercontent.com/search?q=cache:0BSVcKFP3WQJ:https://www.thebalancesmb.com/affiliates-and-affiliate-agreements-in-business-398119+&cd=8&hl=en&ct=clnk&gl=us"
    },
    {
      "position": 7,
      "title": "Affiliated Company | legal definition of Affiliated Company by ...",
      "link": "https://www.lawinsider.com/dictionary/affiliated-company",
      "displayed_link": "www.lawinsider.com › Dictionary",
      "snippet": "Define Affiliated Company. means any company controlled by, controlling or under common control with the Company.",
      "cached_page_link": "https://webcache.googleusercontent.com/search?q=cache:65s7Qyq2e4YJ:https://www.lawinsider.com/dictionary/affiliated-company+&cd=9&hl=en&ct=clnk&gl=us"
    },
    {
      "position": 8,
      "title": "Are You Confused by the Terms: Subsidiary, Affiliate, Division ...",
      "link": "http://www.stellarrisk.com/are-you-confused-by-the-terms-subsidiary-affiliate-division-and-others/",
      "displayed_link": "www.stellarrisk.com › are-you-confused-by-the-terms-subsidiary-affil...",
      "snippet": "Hardly a day passes at James O'Brien Associates where we don't have a client ask us if we can cover their customer's subsidiary, sister company, or affiliate.",
      "cached_page_link": "http://webcache.googleusercontent.com/search?q=cache:0tx5Mx4cs6EJ:www.stellarrisk.com/are-you-confused-by-the-terms-subsidiary-affiliate-division-and-others/+&cd=10&hl=en&ct=clnk&gl=us"
    },
    {
      "position": 9,
      "title": "What is Affiliate company? Definition and meaning",
      "link": "https://www.globalnegotiator.com/international-trade/dictionary/affiliate-company-2/",
      "displayed_link": "www.globalnegotiator.com › international-trade › dictionary › affiliat...",
      "snippet": "Definition of Affiliate company: A Company that is less than 50% owned by a parent company; the parents acts as minority shareholders. More loosely, this term ...",
      "cached_page_link": "https://webcache.googleusercontent.com/search?q=cache:8C967r1d1ywJ:https://www.globalnegotiator.com/international-trade/dictionary/affiliate-company-2/+&cd=11&hl=en&ct=clnk&gl=us"
    },
    {
      "position": 10,
      "title": "What are Affiliated Companies? - Definition ... - Insuranceopedia",
      "link": "https://www.insuranceopedia.com/definition/658/affiliated-companies",
      "displayed_link": "www.insuranceopedia.com › definition › affiliated-companies",
      "snippet": "Affiliated Companies Definition - Affiliated companies refer to a company and a parent company that holds less than 50% ownership and is therefore...",
      "cached_page_link": "https://webcache.googleusercontent.com/search?q=cache:Rj_wd6dYlx8J:https://www.insuranceopedia.com/definition/658/affiliated-companies+&cd=12&hl=en&ct=clnk&gl=us"
    }
  ],
  "related_searches": [
    {
      "query": "affiliate company definition uk",
      "link": "https://www.google.com/search?q=affiliate+company+definition+uk&sa=X&ved=2ahUKEwjRtZnV5JPnAhVMKKwKHZQNAAsQ1QIoAHoECAsQAQ"
    },
    {
      "query": "affiliated companies examples",
      "link": "https://www.google.com/search?q=affiliated+companies+examples&sa=X&ved=2ahUKEwjRtZnV5JPnAhVMKKwKHZQNAAsQ1QIoAXoECAsQAg"
    },
    {
      "query": "legal definition of affiliate",
      "link": "https://www.google.com/search?q=legal+definition+of+affiliate&sa=X&ved=2ahUKEwjRtZnV5JPnAhVMKKwKHZQNAAsQ1QIoAnoECAsQAw"
    },
    {
      "query": "associate company definition malaysia",
      "link": "https://www.google.com/search?q=associate+company+definition+malaysia&sa=X&ved=2ahUKEwjRtZnV5JPnAhVMKKwKHZQNAAsQ1QIoA3oECAsQBA"
    },
    {
      "query": "affiliate definition",
      "link": "https://www.google.com/search?q=affiliate+definition&sa=X&ved=2ahUKEwjRtZnV5JPnAhVMKKwKHZQNAAsQ1QIoBHoECAsQBQ"
    },
    {
      "query": "company affiliation example",
      "link": "https://www.google.com/search?q=company+affiliation+example&sa=X&ved=2ahUKEwjRtZnV5JPnAhVMKKwKHZQNAAsQ1QIoBXoECAsQBg"
    },
    {
      "query": "associated company definition",
      "link": "https://www.google.com/search?q=associated+company+definition&sa=X&ved=2ahUKEwjRtZnV5JPnAhVMKKwKHZQNAAsQ1QIoBnoECAsQBw"
    },
    {
      "query": "subsidiary company definition",
      "link": "https://www.google.com/search?q=subsidiary+company+definition&sa=X&ved=2ahUKEwjRtZnV5JPnAhVMKKwKHZQNAAsQ1QIoB3oECAsQCA"
    }
  ],
  "pagination": {
    "current": 1,
    "next": "https://www.google.com/search?q=affiliate+company+definition&ei=unQmXtHwLMzQsAWUm4BY&start=10&sa=N&ved=2ahUKEwjRtZnV5JPnAhVMKKwKHZQNAAsQ8NMDegQIDRA_",
    "other_pages": {
      "2": "https://www.google.com/search?q=affiliate+company+definition&ei=unQmXtHwLMzQsAWUm4BY&start=10&sa=N&ved=2ahUKEwjRtZnV5JPnAhVMKKwKHZQNAAsQ8tMDegQIDRAt",
      "3": "https://www.google.com/search?q=affiliate+company+definition&ei=unQmXtHwLMzQsAWUm4BY&start=20&sa=N&ved=2ahUKEwjRtZnV5JPnAhVMKKwKHZQNAAsQ8tMDegQIDRAv",
      "4": "https://www.google.com/search?q=affiliate+company+definition&ei=unQmXtHwLMzQsAWUm4BY&start=30&sa=N&ved=2ahUKEwjRtZnV5JPnAhVMKKwKHZQNAAsQ8tMDegQIDRAx",
      "5": "https://www.google.com/search?q=affiliate+company+definition&ei=unQmXtHwLMzQsAWUm4BY&start=40&sa=N&ved=2ahUKEwjRtZnV5JPnAhVMKKwKHZQNAAsQ8tMDegQIDRAz",
      "6": "https://www.google.com/search?q=affiliate+company+definition&ei=unQmXtHwLMzQsAWUm4BY&start=50&sa=N&ved=2ahUKEwjRtZnV5JPnAhVMKKwKHZQNAAsQ8tMDegQIDRA1",
      "7": "https://www.google.com/search?q=affiliate+company+definition&ei=unQmXtHwLMzQsAWUm4BY&start=60&sa=N&ved=2ahUKEwjRtZnV5JPnAhVMKKwKHZQNAAsQ8tMDegQIDRA3",
      "8": "https://www.google.com/search?q=affiliate+company+definition&ei=unQmXtHwLMzQsAWUm4BY&start=70&sa=N&ved=2ahUKEwjRtZnV5JPnAhVMKKwKHZQNAAsQ8tMDegQIDRA5",
      "9": "https://www.google.com/search?q=affiliate+company+definition&ei=unQmXtHwLMzQsAWUm4BY&start=80&sa=N&ved=2ahUKEwjRtZnV5JPnAhVMKKwKHZQNAAsQ8tMDegQIDRA7",
      "10": "https://www.google.com/search?q=affiliate+company+definition&ei=unQmXtHwLMzQsAWUm4BY&start=90&sa=N&ved=2ahUKEwjRtZnV5JPnAhVMKKwKHZQNAAsQ8tMDegQIDRA9"
    }
  },
  "serpapi_pagination": {
    "current": 1,
    "next_link": "https://serpapi.com/search.json?device=desktop&engine=google&google_domain=google.com&q=affiliate+company+definition&start=10&token=3ab1f6f27421b6d8",
    "next": "https://serpapi.com/search.json?device=desktop&engine=google&google_domain=google.com&q=affiliate+company+definition&start=10&token=3ab1f6f27421b6d8",
    "other_pages": {
      "2": "https://serpapi.com/search.json?device=desktop&engine=google&google_domain=google.com&q=affiliate+company+definition&start=10&token=3ab1f6f27421b6d8",
      "3": "https://serpapi.com/search.json?device=desktop&engine=google&google_domain=google.com&q=affiliate+company+definition&start=20&token=0f6a9cc31a474794",
      "4": "https://serpapi.com/search.json?device=desktop&engine=google&google_domain=google.com&q=affiliate+company+definition&start=30&token=01683d29df9a4158",
      "5": "https://serpapi.com/search.json?device=desktop&engine=google&google_domain=google.com&q=affiliate+company+definition&start=40&token=3c0d9756254725d5",
      "6": "https://serpapi.com/search.json?device=desktop&engine=google&google_domain=google.com&q=affiliate+company+definition&start=50&token=75a09f902d1f4be4",
      "7": "https://serpapi.com/search.json?device=desktop&engine=google&google_domain=google.com&q=affiliate+company+definition&start=60&token=65c44e939565dc25",
      "8": "https://serpapi.com/search.json?device=desktop&engine=google&google_domain=google.com&q=affiliate+company+definition&start=70&token=da69943226449163",
      "9": "https://serpapi.com/search.json?device=desktop&engine=google&google_domain=google.com&q=affiliate+company+definition&start=80&token=b9aaef69c3ed601c",
      "10": "https://serpapi.com/search.json?device=desktop&engine=google&google_domain=google.com&q=affiliate+company+definition&start=90&token=ef1b156c0b4313c4"
    }
  }
}