{
  "search_metadata": {
    "id": "",
    "status": "Success",
    "json_endpoint": "",
    "created_at": "2020-01-21 03:49:04 UTC",
    "processed_at": "2020-01-21 03:49:04 UTC",
    "google_url": "https://www.google.com/search?q=affiliate+programs+makeup&oq=affiliate+programs+makeup&sourceid=chrome&ie=UTF-8",
    "raw_html_file": "",
    "total_time_taken": 2.82
  },
  "search_parameters": {
    "engine": "google",
    "q": "affiliate programs makeup",
    "google_domain": "google.com",
    "device": "desktop"
  },
  "search_information": {
    "organic_results_state": "Results for exact spelling",
    "total_results": 17800000,
    "time_taken_displayed": 0.41,
    "query_displayed": "affiliate programs makeup"
  },
  "ads": [
    {
      "position": 1,
      "block_position": "bottom",
      "title": "Sell Online with Shopify | No Inventory Needed‎",
      "link": "https://www.shopify.com/oberlo",
      "displayed_link": "www.shopify.com/",
      "tracking_link": "https://www.google.com/aclk?sa=l&ai=DChcSEwiixvnQ5JPnAhUJsu0KHSomBX8YABAAGgJkZw&sig=AOD64_1jHmhGRBi805Rcgz7J0IHgtOZrAQ&q=&ved=2ahUKEwj4x_TQ5JPnAhUOT8AKHTFNDlQQ0Qx6BAgREAE&adurl=",
      "description": "Quick & Easy Setup - No Inventory Needed - Free 14 Day Trial. Mobile Commerce Ready. Accept Credit Cards. Social Media Integration. 100+ Professional Themes. Full Blogging Platform. Drop Shipping Integration. 99.99% Average Uptime. Unlimited 24/7 Support.",
      "sitelinks": [
        {
          "title": "Find Products To Sell",
          "link": "http://www.shopify.com/oberlo"
        },
        {
          "title": "See Plans & Pricing",
          "link": "http://www.shopify.com/pricing"
        },
        {
          "title": "Market",
          "link": "https://www.shopify.com/market"
        },
        {
          "title": "Shopify® POS System",
          "link": "http://www.shopify.com/pos"
        },
        {
          "title": "Sell",
          "link": "https://www.shopify.com/omnichannel"
        },
        {
          "title": "Manage",
          "link": "https://www.shopify.com/manage"
        }
      ]
    },
    {
      "position": 2,
      "block_position": "bottom",
      "title": "Wholesale Make Up | Resell Products in America‎",
      "link": "https://www.crov.com/search?keyword=make+up",
      "displayed_link": "www.crov.com/",
      "tracking_link": "https://www.google.com/aclk?sa=l&ai=DChcSEwiixvnQ5JPnAhUJsu0KHSomBX8YABAGGgJkZw&sig=AOD64_1VkHSXg1LtOb1jKGTONwcrusbZfg&q=&ved=2ahUKEwj4x_TQ5JPnAhUOT8AKHTFNDlQQ0Qx6BAgSEAE&adurl=",
      "description": "Warehouse Located in California, USA. US Free Shipping & 24/7 Online Service",
      "sitelinks": [
        {
          "title": "Household & Baby Care",
          "link": "https://www.crov.com/search?keyword=make+up&catCode=bNbvqODTVcVQ"
        },
        {
          "title": "Home & Garden Tools",
          "link": "https://www.crov.com/search?keyword=make+up&catCode=bBVkDvveVPqb"
        },
        {
          "title": "Buy Electronics",
          "link": "https://www.crov.com/search?keyword=make+up&catCode=vRDQqqVaVJbv"
        },
        {
          "title": "Shoes & Jewelry",
          "link": "https://www.crov.com/search?keyword=make+up&catCode=bSbvVDqeVJDD"
        }
      ]
    }
  ],
  "knowledge_graph": {
    "see_more_about": [
      {
        "title": null
      },
      {
        "title": null
      }
    ]
  },
  "related_questions": [
    {
      "question": "Does Sephora have an affiliate program?",
      "snippet": "Our Sephora Affiliate Program is designed to create revenue by providing access to over 200 of the most coveted brands and more than 13,000 top-quality products. For more detailed information and to register, please visit our Affiliate Program page by clicking here > https://www.sephora.com/affiliates.Feb 25, 2018",
      "title": "Affiliate Program - Beauty Insider Community - Sephora",
      "link": "https://community.sephora.com/t5/Customer-Support/Affiliate-Program/m-p/3799065",
      "displayed_link": "community.sephora.com › Customer-Support › Affiliate-Program"
    },
    {
      "question": "What is the best travel affiliate program?",
      "snippet": "Best Travel Affiliate Programs to Quadruple Your Blog Income:Booking.com Affiliate Program. Booking.com is a popular name in the travel industry. ... TripAdvisor Affiliate Program. ... Agoda Affiliate Program. ... Skyscanner Affiliate Program. ... AirB&B Referral Program. ... ShareASale. ... Amazon Associates.Sep 5, 2019",
      "title": "List of Travel Affiliate Programs For Travel Bloggers - ShoutMeLoud",
      "link": "https://www.shoutmeloud.com/best-travel-affiliate-programs.html",
      "displayed_link": "www.shoutmeloud.com › best-travel-affiliate-programs"
    },
    {
      "question": "Does Apple have an affiliate program?",
      "snippet": "Apple has announced it is ending its affiliate program for iOS apps, Mac apps, and in-app purchases. In a move that will shake the mobile app ecosystem, Apple has announced it will be ending it's affiliate program for apps. ... All other content types (music, movies, books, and TV) remain in the affiliate program.Aug 2, 2018",
      "title": "Apple is killing its App Store affiliate program - Mashable",
      "link": "https://mashable.com/article/apple-kills-app-store-affiliate-program/",
      "displayed_link": "mashable.com › article › apple-kills-app-store-affiliate-program"
    },
    {
      "question": "Does Target have an affiliate program?",
      "snippet": "No, there is no charge to join the Target affiliate program. It is free to sign up, and free to add banners, widgets and links to your site.",
      "title": "FAQ - Target Affiliates : Join Today and Start Earning",
      "link": "http://affiliate.target.com/?q=faq",
      "displayed_link": "affiliate.target.com › ..."
    }
  ],
  "answer_box": {
    "type": "organic_result",
    "title": "Beauty Blog 101: Makeup Affiliate Programs to Help Get You ...",
    "link": "https://www.affilorama.com/blog/beauty-blog-101",
    "snippet": "In no particular order, here are the top 10 makeup affiliate programs:e.l.f. Cosmetics. About e.l.f. ... Sigma Beauty. About Sigma. ... Benefit Cosmetics. About Benefit. ... BH Cosmetics. About BH Cosmetics. ... ULTA. About ULTA. ... Avon. About Avon. ... Black Opal Beauty. About Black Opal. ... Pür Minerals Cosmetics. About Pür Minerals.More items...•Dec 21, 2018"
  },
  "organic_results": [
    {
      "position": 1,
      "title": "Beauty Blog 101: Makeup Affiliate Programs to Help Get You ...",
      "link": "https://www.affilorama.com/blog/beauty-blog-101",
      "displayed_link": "www.affilorama.com › Affiliate Marketing Blog",
      "date": "Dec 21, 2018",
      "snippet": "In no particular order, here are the top 10 makeup affiliate programs: e.l.f. Cosmetics. About e.l.f. Sigma Beauty. About Sigma. Benefit Cosmetics. About Benefit. BH Cosmetics. About BH Cosmetics. ULTA. About ULTA. Avon. About Avon. Black Opal Beauty. About Black Opal. Pür Minerals Cosmetics. About Pür Minerals.",
      "cached_page_link": "https://webcache.googleusercontent.com/search?q=cache:kLfvmLeyQKYJ:https://www.affilorama.com/blog/beauty-blog-101+&cd=3&hl=en&ct=clnk&gl=us",
      "related_pages_link": "https://www.google.com/search?q=related:https://www.affilorama.com/blog/beauty-blog-101+affiliate+programs+makeup&tbo=1&sa=X&ved=2ahUKEwj4x_TQ5JPnAhUOT8AKHTFNDlQQHzACegQIARAL"
    },
    {
      "position": 2,
      "title": "91+ Beauty Affiliate Programs for Makeup and Beauty Bloggers",
      "link": "https://justinegrey.com/beauty-affiliate-programs/",
      "displayed_link": "justinegrey.com › beauty-affiliate-programs",
      "snippet": "If you're a beauty blogger, look no further than this list of 91+ beauty affiliate programs in categories like skin care, perfume, subscription boxes and more.",
      "cached_page_link": "https://webcache.googleusercontent.com/search?q=cache:R7DrqTZVhT4J:https://justinegrey.com/beauty-affiliate-programs/+&cd=12&hl=en&ct=clnk&gl=us"
    },
    {
      "position": 3,
      "title": "The 10 Best Makeup Affiliate Programs of 2020",
      "link": "https://www.authorityhacker.com/makeup-affiliate-programs/",
      "displayed_link": "www.authorityhacker.com › makeup-affiliate-programs",
      "snippet": "The nice thing about any makeup affiliate program is that your visitors will order it again and again if they like it. And Stila does their bit in helping you profit from ...",
      "cached_page_link": "https://webcache.googleusercontent.com/search?q=cache:eY6UuIAb9o4J:https://www.authorityhacker.com/makeup-affiliate-programs/+&cd=13&hl=en&ct=clnk&gl=us"
    },
    {
      "position": 4,
      "title": "Join Now Affiliate Program for Makeup & Beauty | BH ...",
      "link": "https://www.bhcosmetics.com/pages/affiliate",
      "displayed_link": "www.bhcosmetics.com › pages › affiliate",
      "snippet": "Does your website attract beauty or makeup lovers? If so, join the BH Cosmetics Affiliate Program! Each time you direct a visitor to BHCosmetics.com and they ...",
      "cached_page_link": "https://webcache.googleusercontent.com/search?q=cache:kK_-ghs0zJIJ:https://www.bhcosmetics.com/pages/affiliate+&cd=14&hl=en&ct=clnk&gl=us"
    },
    {
      "position": 5,
      "title": "The 29 Best Makeup Affiliate Programs for Beauty & Cosmetics",
      "link": "https://www.digitalfodder.com/makeup-affiliate-programs-beauty-cosmetics/",
      "displayed_link": "www.digitalfodder.com › makeup-affiliate-programs-beauty-cosmetics",
      "date": "Jan 13, 2020",
      "snippet": "Review the best makeup affiliate programs. Also, explore beauty and cosmetics affiliate programs from Avon, Clinique, Mac, Elizabeth Arden, ...",
      "cached_page_link": "https://webcache.googleusercontent.com/search?q=cache:JvsjDtfGLskJ:https://www.digitalfodder.com/makeup-affiliate-programs-beauty-cosmetics/+&cd=15&hl=en&ct=clnk&gl=us"
    },
    {
      "position": 6,
      "title": "Affiliates | Sephora",
      "link": "https://www.sephora.com/beauty/affiliates",
      "displayed_link": "www.sephora.com › beauty › affiliates",
      "snippet": "Learn more about Sephora's affiliate program. Find answers to your questions about the program and how you can get involved.",
      "cached_page_link": "https://webcache.googleusercontent.com/search?q=cache:RvHS4cR7_ZsJ:https://www.sephora.com/beauty/affiliates+&cd=16&hl=en&ct=clnk&gl=us"
    },
    {
      "position": 7,
      "title": "50 Beauty Affiliate Programs To Beautify Your Monthly Income",
      "link": "https://onemorecupof-coffee.com/beauty-affiliate-programs/",
      "displayed_link": "onemorecupof-coffee.com › beauty-affiliate-programs",
      "date": "Dec 5, 2019",
      "snippet": "BH Cosmetics uses Linkshare to manage their affiliate program. Affiliates are allowed to use direct linking and deep linking. They provide ...",
      "cached_page_link": "https://webcache.googleusercontent.com/search?q=cache:sMDyp7kVQ6sJ:https://onemorecupof-coffee.com/beauty-affiliate-programs/+&cd=17&hl=en&ct=clnk&gl=us"
    },
    {
      "position": 8,
      "title": "The Top Ten Makeup Affiliate Programs To Modify Your ...",
      "link": "https://onemorecupof-coffee.com/best-makeup-affiliate-programs/",
      "displayed_link": "onemorecupof-coffee.com › best-makeup-affiliate-programs",
      "date": "Jun 24, 2019",
      "snippet": "Affiliates Can Use These Top Ten Makeup Affiliate Programs To Create Cash Flow As Well As To Enhance Beauty And Promote Skin Health.",
      "cached_page_link": "https://webcache.googleusercontent.com/search?q=cache:m80e00-NMo0J:https://onemorecupof-coffee.com/best-makeup-affiliate-programs/+&cd=18&hl=en&ct=clnk&gl=us"
    },
    {
      "position": 9,
      "title": "10 Makeup Affiliate Programs For Beauty Bloggers - 3HUNDRD",
      "link": "https://3hundrd.com/makeup-affiliate-programs",
      "displayed_link": "3hundrd.com › makeup-affiliate-programs",
      "snippet": "Looking for a few makeup affiliate programs to promote? Here are 10 of the most well-known makeup affiliate programs currently accepting new affiliates.",
      "cached_page_link": "https://webcache.googleusercontent.com/search?q=cache:e52V_Yh-3eAJ:https://3hundrd.com/makeup-affiliate-programs+&cd=19&hl=en&ct=clnk&gl=us"
    },
    {
      "position": 10,
      "title": "Affiliate Program – Juice Beauty",
      "link": "https://juicebeauty.com/pages/affiliate-program",
      "displayed_link": "juicebeauty.com › pages › affiliate-program",
      "snippet": "JuiceBeauty.com's Affiliate Program Who is Juice Beauty? Juice Beauty is a Northern California-based skincare company whose mission is to lead the industry ...",
      "cached_page_link": "https://webcache.googleusercontent.com/search?q=cache:W2pKOK4vlHMJ:https://juicebeauty.com/pages/affiliate-program+&cd=20&hl=en&ct=clnk&gl=us"
    }
  ],
  "related_search_boxes": [
    {
      "position": 1,
      "query": "Top affiliate marketing platforms",
      "results": []
    },
    {
      "position": 2,
      "query": "Unknown makeup brandsView 3+ moreView 3+",
      "results": []
    }
  ],
  "related_searches": [
    {
      "query": "elf affiliate program",
      "link": "https://www.google.com/search?q=elf+affiliate+program&sa=X&ved=2ahUKEwj4x_TQ5JPnAhUOT8AKHTFNDlQQ1QIoAHoECA8QAQ"
    },
    {
      "query": "morphe affiliate program",
      "link": "https://www.google.com/search?q=morphe+affiliate+program&sa=X&ved=2ahUKEwj4x_TQ5JPnAhUOT8AKHTFNDlQQ1QIoAXoECA8QAg"
    },
    {
      "query": "fenty beauty affiliate program",
      "link": "https://www.google.com/search?q=fenty+beauty+affiliate+program&sa=X&ved=2ahUKEwj4x_TQ5JPnAhUOT8AKHTFNDlQQ1QIoAnoECA8QAw"
    },
    {
      "query": "mac makeup affiliate program",
      "link": "https://www.google.com/search?q=mac+makeup+affiliate+program&sa=X&ved=2ahUKEwj4x_TQ5JPnAhUOT8AKHTFNDlQQ1QIoA3oECA8QBA"
    },
    {
      "query": "ulta affiliate program",
      "link": "https://www.google.com/search?q=ulta+affiliate+program&sa=X&ved=2ahUKEwj4x_TQ5JPnAhUOT8AKHTFNDlQQ1QIoBHoECA8QBQ"
    },
    {
      "query": "wet n wild affiliate program",
      "link": "https://www.google.com/search?q=wet+n+wild+affiliate+program&sa=X&ved=2ahUKEwj4x_TQ5JPnAhUOT8AKHTFNDlQQ1QIoBXoECA8QBg"
    },
    {
      "query": "ulta beauty makeup affiliate programs",
      "link": "https://www.google.com/search?q=ulta+beauty+makeup+affiliate+programs&sa=X&ved=2ahUKEwj4x_TQ5JPnAhUOT8AKHTFNDlQQ1QIoBnoECA8QBw"
    },
    {
      "query": "nyx affiliate program",
      "link": "https://www.google.com/search?q=nyx+affiliate+program&sa=X&ved=2ahUKEwj4x_TQ5JPnAhUOT8AKHTFNDlQQ1QIoB3oECA8QCA"
    }
  ],
  "pagination": {
    "current": 1,
    "next": "https://www.google.com/search?q=affiliate+programs+makeup&ei=sXQmXrirLY6egQaxmrmgBQ&start=10&sa=N&ved=2ahUKEwj4x_TQ5JPnAhUOT8AKHTFNDlQQ8NMDegQIEBBB",
    "other_pages": {
      "2": "https://www.google.com/search?q=affiliate+programs+makeup&ei=sXQmXrirLY6egQaxmrmgBQ&start=10&sa=N&ved=2ahUKEwj4x_TQ5JPnAhUOT8AKHTFNDlQQ8tMDegQIEBAv",
      "3": "https://www.google.com/search?q=affiliate+programs+makeup&ei=sXQmXrirLY6egQaxmrmgBQ&start=20&sa=N&ved=2ahUKEwj4x_TQ5JPnAhUOT8AKHTFNDlQQ8tMDegQIEBAx",
      "4": "https://www.google.com/search?q=affiliate+programs+makeup&ei=sXQmXrirLY6egQaxmrmgBQ&start=30&sa=N&ved=2ahUKEwj4x_TQ5JPnAhUOT8AKHTFNDlQQ8tMDegQIEBAz",
      "5": "https://www.google.com/search?q=affiliate+programs+makeup&ei=sXQmXrirLY6egQaxmrmgBQ&start=40&sa=N&ved=2ahUKEwj4x_TQ5JPnAhUOT8AKHTFNDlQQ8tMDegQIEBA1",
      "6": "https://www.google.com/search?q=affiliate+programs+makeup&ei=sXQmXrirLY6egQaxmrmgBQ&start=50&sa=N&ved=2ahUKEwj4x_TQ5JPnAhUOT8AKHTFNDlQQ8tMDegQIEBA3",
      "7": "https://www.google.com/search?q=affiliate+programs+makeup&ei=sXQmXrirLY6egQaxmrmgBQ&start=60&sa=N&ved=2ahUKEwj4x_TQ5JPnAhUOT8AKHTFNDlQQ8tMDegQIEBA5",
      "8": "https://www.google.com/search?q=affiliate+programs+makeup&ei=sXQmXrirLY6egQaxmrmgBQ&start=70&sa=N&ved=2ahUKEwj4x_TQ5JPnAhUOT8AKHTFNDlQQ8tMDegQIEBA7",
      "9": "https://www.google.com/search?q=affiliate+programs+makeup&ei=sXQmXrirLY6egQaxmrmgBQ&start=80&sa=N&ved=2ahUKEwj4x_TQ5JPnAhUOT8AKHTFNDlQQ8tMDegQIEBA9",
      "10": "https://www.google.com/search?q=affiliate+programs+makeup&ei=sXQmXrirLY6egQaxmrmgBQ&start=90&sa=N&ved=2ahUKEwj4x_TQ5JPnAhUOT8AKHTFNDlQQ8tMDegQIEBA_"
    }
  },
  "serpapi_pagination": {
    "current": 1,
    "next_link": "https://serpapi.com/search.json?device=desktop&engine=google&google_domain=google.com&q=affiliate+programs+makeup&start=10&token=865cd7a9c92afb1f",
    "next": "https://serpapi.com/search.json?device=desktop&engine=google&google_domain=google.com&q=affiliate+programs+makeup&start=10&token=865cd7a9c92afb1f",
    "other_pages": {
      "2": "https://serpapi.com/search.json?device=desktop&engine=google&google_domain=google.com&q=affiliate+programs+makeup&start=10&token=865cd7a9c92afb1f",
      "3": "https://serpapi.com/search.json?device=desktop&engine=google&google_domain=google.com&q=affiliate+programs+makeup&start=20&token=aebfd358b44ea27e",
      "4": "https://serpapi.com/search.json?device=desktop&engine=google&google_domain=google.com&q=affiliate+programs+makeup&start=30&token=b563d787f45e42ec",
      "5": "https://serpapi.com/search.json?device=desktop&engine=google&google_domain=google.com&q=affiliate+programs+makeup&start=40&token=c1474771c1ac08dd",
      "6": "https://serpapi.com/search.json?device=desktop&engine=google&google_domain=google.com&q=affiliate+programs+makeup&start=50&token=e08b86c99c093c24",
      "7": "https://serpapi.com/search.json?device=desktop&engine=google&google_domain=google.com&q=affiliate+programs+makeup&start=60&token=0b5848e2ca4fa4dd",
      "8": "https://serpapi.com/search.json?device=desktop&engine=google&google_domain=google.com&q=affiliate+programs+makeup&start=70&token=f568815390b5b8d4",
      "9": "https://serpapi.com/search.json?device=desktop&engine=google&google_domain=google.com&q=affiliate+programs+makeup&start=80&token=58f85480ae7ff80e",
      "10": "https://serpapi.com/search.json?device=desktop&engine=google&google_domain=google.com&q=affiliate+programs+makeup&start=90&token=30b8b6c9f0509ffb"
    }
  }
}