{
  "search_metadata": {
    "id": "",
    "status": "Success",
    "json_endpoint": "",
    "created_at": "2020-01-21 15:09:07 UTC",
    "processed_at": "2020-01-21 15:09:08 UTC",
    "google_url": "https://www.google.com/search?q=affiliate+shopping&oq=affiliate+shopping&sourceid=chrome&ie=UTF-8",
    "raw_html_file": "",
    "total_time_taken": 1.9
  },
  "search_parameters": {
    "engine": "google",
    "q": "affiliate shopping",
    "google_domain": "google.com",
    "device": "desktop"
  },
  "search_information": {
    "organic_results_state": "Results for exact spelling",
    "total_results": 664000000,
    "time_taken_displayed": 0.7,
    "query_displayed": "affiliate shopping"
  },
  "ads": [
    {
      "position": 1,
      "block_position": "top",
      "title": "Shopping Affiliate Program | Start Your 30-Day Free Trial‎",
      "link": "https://try.referralcandy.com/referral-marketing/",
      "displayed_link": "try.referralcandy.com/shopping/affiliate",
      "tracking_link": "https://www.google.com/aclk?sa=l&ai=DChcSEwjrmKXR_JTnAhVSppYKHSzsCf8YABAAGgJ0bA&sig=AOD64_2J9UBh1z8gkbUz9L9U6uKFqWFmVQ&q=&ved=2ahUKEwiY9Z7R_JTnAhXMFYgKHSmzB-cQ0Qx6BAgQEAE&adurl=",
      "description": "Give any Ecommerce Store a Referral Program. Get a No-Risk Free Trial Today! Trusted by 30,000+ online stores. Candy takes the work out of referral programs! Get More Sales. Easy setup. No Developer Skills. Boost Your Sales. Join +30,000 e-Stores. Grow Your Business.",
      "sitelinks": [
        {
          "title": "Start Your Free Trial",
          "link": "http://try.referralcandy.com/referral-marketing"
        },
        {
          "title": "Select Your Platform",
          "link": "https://www.referralcandy.com/setup"
        }
      ]
    }
  ],
  "knowledge_graph": {},
  "related_questions": [
    {
      "question": "What companies offer affiliate programs?",
      "snippet": "What Are the Best Affiliate Programs?Bluehost. The Bluehost affiliate program is super popular in the web hosting space. ... Hostinger. Hostinger is another popular web hosting platform that can offer affiliates up to $150 per sale on a tiered pricing structure.HostGator. ... GreenGeeks. ... BigCommerce. ... Weebly. ... 3dcart. ... Shopify.More items...",
      "title": "97+ Best Affiliate Programs of 2019 (Highest Paying for Beginners)",
      "link": "https://www.adamenfroy.com/best-high-paying-affiliate-programs",
      "displayed_link": "www.adamenfroy.com › best-high-paying-affiliate-programs"
    },
    {
      "question": "What are the highest paying affiliate programs?",
      "snippet": "Fat referral fees. No matter how you say it, these affiliate marketing programs offer some of the highest commissions available....Highest paying affiliate programsSpocket Partner Program. ... ClickFunnels Affiliate Program. ... Wealthy Affiliate Program. ... Constant Contact. ... Media.net. ... Leadpages. ... Shopify Affiliate Program.More items...",
      "title": "The 67+ Best Affiliate Programs of 2019 (Highest Paying)",
      "link": "https://www.forexreferral.com/best-affiliate-programs",
      "displayed_link": "www.forexreferral.com › best-affiliate-programs"
    },
    {
      "question": "How do I become an affiliate?",
      "snippet": "StepsIdentify your niche. ... Purchase a dedicated web domain name. ... Put a website on your domain. ... Choose your affiliate marketing program. ... Create content for your site. ... Place affiliate links in appropriate places. ... Promote your site to your specified niche.Oct 7, 2018",
      "title": "How to Become an Internet Affiliate: 7 Steps (with Pictures)",
      "link": "https://www.wikihow.com/Become-an-Internet-Affiliate",
      "displayed_link": "www.wikihow.com › Become-an-Internet-Affiliate"
    },
    {
      "question": "What are the best affiliate networks?",
      "snippet": "The Best Affiliate Networks in 2019ShareASale.ClickBank.CJ Affiliate (formerly Commission Junction)Amazon Associates.eBay Partner Network (EPN)FlexOffers.Pepperjam.Rakuten Marketing (formerly LinkShare)Sep 25, 2019",
      "title": "The 8 Best Affiliate Networks for Earning Passive Income in 2019",
      "link": "https://smartblogger.com/affiliate-networks/",
      "displayed_link": "smartblogger.com › affiliate-networks"
    }
  ],
  "organic_results": [
    {
      "position": 1,
      "title": "The Beginner's Guide To Creating An Affiliate Ecommerce Store",
      "link": "https://www.abetterlemonadestand.com/ecommerce-affiliate-store/",
      "displayed_link": "www.abetterlemonadestand.com › ecommerce-affiliate-store",
      "date": "May 10, 2019",
      "snippet": "What is an Affiliate Store? In the case of an affiliate store, the publisher's content is product listings in a store that looks just like a real ecommerce store. Instead of listing your own products for sale, you list other retailer's products and redirect visitors to their sites using your affiliate links.",
      "cached_page_link": "https://webcache.googleusercontent.com/search?q=cache:N7J40kpheDYJ:https://www.abetterlemonadestand.com/ecommerce-affiliate-store/+&cd=1&hl=en&ct=clnk&gl=us",
      "related_pages_link": "https://www.google.com/search?q=related:https://www.abetterlemonadestand.com/ecommerce-affiliate-store/+affiliate+shopping&tbo=1&sa=X&ved=2ahUKEwiY9Z7R_JTnAhXMFYgKHSmzB-cQHzAAegQIAxAJ"
    },
    {
      "position": 2,
      "title": "How to Create a Non-Sketchy Amazon Affiliate Store To ...",
      "link": "https://www.ecommerceceo.com/amazon-affiliate-store/",
      "displayed_link": "www.ecommerceceo.com › amazon-affiliate-store",
      "snippet": "Your job, as an Amazon affiliate, is to help online shoppers learn about the products that are best suited to solve their problem – based on your expertise.",
      "cached_page_link": "https://webcache.googleusercontent.com/search?q=cache:WwGXgXQFUi0J:https://www.ecommerceceo.com/amazon-affiliate-store/+&cd=10&hl=en&ct=clnk&gl=us"
    },
    {
      "position": 3,
      "title": "21 Of The Best Affiliate Programs To Find Profitable Products",
      "link": "https://nichehacks.com/best-affiliate-programs/",
      "displayed_link": "nichehacks.com › best-affiliate-programs",
      "date": "Jan 12, 2018",
      "snippet": "Join these 21 best affiliate programs and find profitable and high converting affiliate products to sell on ... Finance, retail shopping, and travel ...",
      "sitelinks": {
        "list": [
          {
            "date": "Cookie Duration‎: ‎24 hours"
          },
          {
            "date": "Product Type‎: ‎Physical and Digital"
          }
        ]
      },
      "rich_snippet": {
        "bottom": {
          "detected_extensions": {
            "average_commission_rate_between_to": 3,
            "cookie_duration_hours": 24
          },
          "extensions": [
            "Average Commission Rate‎: ‎Between 3% to 10%",
            "Cookie Duration‎: ‎24 hours",
            "Niche‎: ‎General",
            "Product Type‎: ‎Physical and Digital"
          ]
        }
      },
      "cached_page_link": "https://webcache.googleusercontent.com/search?q=cache:JDweEeryAjEJ:https://nichehacks.com/best-affiliate-programs/+&cd=11&hl=en&ct=clnk&gl=us"
    },
    {
      "position": 4,
      "title": "Shopping Affiliate Programs | FlexOffers.com",
      "link": "https://www.flexoffers.com/affiliate-programs/shopping/",
      "displayed_link": "www.flexoffers.com › Affiliate Programs",
      "snippet": "FlexOffers.com's Shopping affiliate programs include some of the retail industry's heaviest hitters, both online and otherwise.",
      "cached_page_link": "https://webcache.googleusercontent.com/search?q=cache:kofmCmKujlQJ:https://www.flexoffers.com/affiliate-programs/shopping/+&cd=12&hl=en&ct=clnk&gl=us"
    },
    {
      "position": 5,
      "title": "20+ Best Affiliate Marketing Platforms and Networks of 2020 ...",
      "link": "https://makeawebsitehub.com/affiliate-marketing-networks/",
      "displayed_link": "makeawebsitehub.com › affiliate-marketing-networks",
      "snippet": "AWIN is a very comprehensive affiliate network and works in all verticals. That being said, it is most heavily oriented towards financial, retail shopping (fashion), ...",
      "cached_page_link": "https://webcache.googleusercontent.com/search?q=cache:aedN2w77ZFQJ:https://makeawebsitehub.com/affiliate-marketing-networks/+&cd=13&hl=en&ct=clnk&gl=us",
      "related_pages_link": "https://www.google.com/search?q=related:https://makeawebsitehub.com/affiliate-marketing-networks/+affiliate+shopping&tbo=1&sa=X&ved=2ahUKEwiY9Z7R_JTnAhXMFYgKHSmzB-cQHzAMegQIBBAJ"
    },
    {
      "position": 6,
      "title": "How to Build an Amazon Affiliate Store in WordPress (The ...",
      "link": "https://www.wpbeginner.com/wp-tutorials/how-to-build-an-amazon-affiliate-store-using-wordpress/",
      "displayed_link": "www.wpbeginner.com › wp-tutorials › how-to-build-an-amazon-affili...",
      "date": "Feb 14, 2019",
      "snippet": "Best WordPress themes for affiliate marketers – Our pick of themes suitable for affiliate marketing websites like an Amazon affiliate shop.",
      "sitelinks": {
        "inline": [
          {
            "title": "Best WordPress themes for ...",
            "link": "https://www.wpbeginner.com/showcase/best-wordpress-themes-for-affiliate-marketing/"
          },
          {
            "title": "Best WooCommerce themes",
            "link": "https://www.wpbeginner.com/showcase/best-woocommerce-wordpress-themes/"
          }
        ]
      },
      "cached_page_link": "https://webcache.googleusercontent.com/search?q=cache:FDhqu8vsQCMJ:https://www.wpbeginner.com/wp-tutorials/how-to-build-an-amazon-affiliate-store-using-wordpress/+&cd=14&hl=en&ct=clnk&gl=us"
    },
    {
      "position": 7,
      "title": "Affiliate Programs for Retailers: How To Boost Revenues with ...",
      "link": "https://www.shopify.com/retail/affiliate-programs-for-retailers",
      "displayed_link": "www.shopify.com › retail › affiliate-programs-for-retailers",
      "date": "Dec 11, 2018",
      "snippet": "Amazon enjoys a lot of trust from digital shoppers, so its affiliate program is less about social proof or reach and more about generating demand ...",
      "cached_page_link": "https://webcache.googleusercontent.com/search?q=cache:ukNS1MB2q2IJ:https://www.shopify.com/retail/affiliate-programs-for-retailers+&cd=15&hl=en&ct=clnk&gl=us"
    },
    {
      "position": 8,
      "title": "What Is Affiliate Marketing? (Examples & How to Get Started)",
      "link": "https://www.shopify.com/blog/affiliate-marketing",
      "displayed_link": "www.shopify.com › blog › affiliate-marketing",
      "date": "May 1, 2019",
      "snippet": "Affiliate marketing is an online sales tactic that lets a product owner ... you offer is something you normally sell, because then shoppers can see ...",
      "cached_page_link": "https://webcache.googleusercontent.com/search?q=cache:yv69Ktv7fIwJ:https://www.shopify.com/blog/affiliate-marketing+&cd=16&hl=en&ct=clnk&gl=us"
    },
    {
      "position": 9,
      "title": "How to Create an Affiliate Online Shop - Expand Cart",
      "link": "https://www.expandcart.com/en/18307-create-affiliate-online-shop/",
      "displayed_link": "www.expandcart.com › 18307-create-affiliate-online-shop",
      "date": "Jul 5, 2017",
      "snippet": "If you are looking to start your own online business, one of the easiest ways to do this is by creating an affiliate online shop.",
      "cached_page_link": "https://webcache.googleusercontent.com/search?q=cache:YeD6xQZnmdcJ:https://www.expandcart.com/en/18307-create-affiliate-online-shop/+&cd=17&hl=en&ct=clnk&gl=us"
    },
    {
      "position": 10,
      "title": "Amazon.com Associates Central - Help - Amazon Affiliate ...",
      "link": "https://affiliate-program.amazon.com/tips/t12",
      "displayed_link": "affiliate-program.amazon.com › tips",
      "snippet": "If user clicks on no, then we will continue to hide adult content from the customer during that shopping session. Enabling a link back to your site. If you want your ...",
      "cached_page_link": "https://webcache.googleusercontent.com/search?q=cache:31ipyHWRl_AJ:https://affiliate-program.amazon.com/tips/t12+&cd=18&hl=en&ct=clnk&gl=us",
      "related_pages_link": "https://www.google.com/search?q=related:https://affiliate-program.amazon.com/tips/t12+affiliate+shopping&tbo=1&sa=X&ved=2ahUKEwiY9Z7R_JTnAhXMFYgKHSmzB-cQHzARegQIBRAJ"
    }
  ],
  "related_search_boxes": [
    {
      "position": 1,
      "query": "Affiliate network listView 1+ moreView 1+",
      "results": []
    }
  ],
  "related_searches": [
    {
      "query": "affiliate ecommerce store",
      "link": "https://www.google.com/search?q=affiliate+ecommerce+store&sa=X&ved=2ahUKEwiY9Z7R_JTnAhXMFYgKHSmzB-cQ1QIoAHoECAsQAQ"
    },
    {
      "query": "affiliate marketing",
      "link": "https://www.google.com/search?q=affiliate+marketing&sa=X&ved=2ahUKEwiY9Z7R_JTnAhXMFYgKHSmzB-cQ1QIoAXoECAsQAg"
    },
    {
      "query": "affiliate programs",
      "link": "https://www.google.com/search?q=affiliate+programs&sa=X&ved=2ahUKEwiY9Z7R_JTnAhXMFYgKHSmzB-cQ1QIoAnoECAsQAw"
    },
    {
      "query": "amazon affiliate",
      "link": "https://www.google.com/search?q=amazon+affiliate&sa=X&ved=2ahUKEwiY9Z7R_JTnAhXMFYgKHSmzB-cQ1QIoA3oECAsQBA"
    },
    {
      "query": "amazon affiliate store",
      "link": "https://www.google.com/search?q=amazon+affiliate+store&sa=X&ved=2ahUKEwiY9Z7R_JTnAhXMFYgKHSmzB-cQ1QIoBHoECAsQBQ"
    },
    {
      "query": "amazon affiliate store shopify",
      "link": "https://www.google.com/search?q=amazon+affiliate+store+shopify&sa=X&ved=2ahUKEwiY9Z7R_JTnAhXMFYgKHSmzB-cQ1QIoBXoECAsQBg"
    },
    {
      "query": "affiliate links",
      "link": "https://www.google.com/search?q=affiliate+links&sa=X&ved=2ahUKEwiY9Z7R_JTnAhXMFYgKHSmzB-cQ1QIoBnoECAsQBw"
    },
    {
      "query": "amazon affiliate store wordpress",
      "link": "https://www.google.com/search?q=amazon+affiliate+store+wordpress&sa=X&ved=2ahUKEwiY9Z7R_JTnAhXMFYgKHSmzB-cQ1QIoB3oECAsQCA"
    }
  ],
  "pagination": {
    "current": 1,
    "next": "https://www.google.com/search?q=affiliate+shopping&ei=FBQnXpibJsyroASp5p64Dg&start=10&sa=N&ved=2ahUKEwiY9Z7R_JTnAhXMFYgKHSmzB-cQ8NMDegQIDxBB",
    "other_pages": {
      "2": "https://www.google.com/search?q=affiliate+shopping&ei=FBQnXpibJsyroASp5p64Dg&start=10&sa=N&ved=2ahUKEwiY9Z7R_JTnAhXMFYgKHSmzB-cQ8tMDegQIDxAv",
      "3": "https://www.google.com/search?q=affiliate+shopping&ei=FBQnXpibJsyroASp5p64Dg&start=20&sa=N&ved=2ahUKEwiY9Z7R_JTnAhXMFYgKHSmzB-cQ8tMDegQIDxAx",
      "4": "https://www.google.com/search?q=affiliate+shopping&ei=FBQnXpibJsyroASp5p64Dg&start=30&sa=N&ved=2ahUKEwiY9Z7R_JTnAhXMFYgKHSmzB-cQ8tMDegQIDxAz",
      "5": "https://www.google.com/search?q=affiliate+shopping&ei=FBQnXpibJsyroASp5p64Dg&start=40&sa=N&ved=2ahUKEwiY9Z7R_JTnAhXMFYgKHSmzB-cQ8tMDegQIDxA1",
      "6": "https://www.google.com/search?q=affiliate+shopping&ei=FBQnXpibJsyroASp5p64Dg&start=50&sa=N&ved=2ahUKEwiY9Z7R_JTnAhXMFYgKHSmzB-cQ8tMDegQIDxA3",
      "7": "https://www.google.com/search?q=affiliate+shopping&ei=FBQnXpibJsyroASp5p64Dg&start=60&sa=N&ved=2ahUKEwiY9Z7R_JTnAhXMFYgKHSmzB-cQ8tMDegQIDxA5",
      "8": "https://www.google.com/search?q=affiliate+shopping&ei=FBQnXpibJsyroASp5p64Dg&start=70&sa=N&ved=2ahUKEwiY9Z7R_JTnAhXMFYgKHSmzB-cQ8tMDegQIDxA7",
      "9": "https://www.google.com/search?q=affiliate+shopping&ei=FBQnXpibJsyroASp5p64Dg&start=80&sa=N&ved=2ahUKEwiY9Z7R_JTnAhXMFYgKHSmzB-cQ8tMDegQIDxA9",
      "10": "https://www.google.com/search?q=affiliate+shopping&ei=FBQnXpibJsyroASp5p64Dg&start=90&sa=N&ved=2ahUKEwiY9Z7R_JTnAhXMFYgKHSmzB-cQ8tMDegQIDxA_"
    }
  },
  "serpapi_pagination": {
    "current": 1,
    "next_link": "https://serpapi.com/search.json?device=desktop&engine=google&google_domain=google.com&q=affiliate+shopping&start=10&token=e22d8d39e8d79fd3",
    "next": "https://serpapi.com/search.json?device=desktop&engine=google&google_domain=google.com&q=affiliate+shopping&start=10&token=e22d8d39e8d79fd3",
    "other_pages": {
      "2": "https://serpapi.com/search.json?device=desktop&engine=google&google_domain=google.com&q=affiliate+shopping&start=10&token=e22d8d39e8d79fd3",
      "3": "https://serpapi.com/search.json?device=desktop&engine=google&google_domain=google.com&q=affiliate+shopping&start=20&token=aa848d0075b401bd",
      "4": "https://serpapi.com/search.json?device=desktop&engine=google&google_domain=google.com&q=affiliate+shopping&start=30&token=104a7511739a5baf",
      "5": "https://serpapi.com/search.json?device=desktop&engine=google&google_domain=google.com&q=affiliate+shopping&start=40&token=ba56e72e5d529a2a",
      "6": "https://serpapi.com/search.json?device=desktop&engine=google&google_domain=google.com&q=affiliate+shopping&start=50&token=3118d34a93d4061e",
      "7": "https://serpapi.com/search.json?device=desktop&engine=google&google_domain=google.com&q=affiliate+shopping&start=60&token=2f83d8bc42c1eec5",
      "8": "https://serpapi.com/search.json?device=desktop&engine=google&google_domain=google.com&q=affiliate+shopping&start=70&token=ea6d117544c75d4f",
      "9": "https://serpapi.com/search.json?device=desktop&engine=google&google_domain=google.com&q=affiliate+shopping&start=80&token=15d81d43e9e28d06",
      "10": "https://serpapi.com/search.json?device=desktop&engine=google&google_domain=google.com&q=affiliate+shopping&start=90&token=6a564422165f9a1f"
    }
  }
}