{
  "search_metadata": {
    "id": "",
    "status": "Success",
    "json_endpoint": "",
    "created_at": "2020-01-21 14:13:09 UTC",
    "processed_at": "2020-01-21 14:13:09 UTC",
    "google_url": "https://www.google.com/search?q=affiliate+publisher&oq=affiliate+publisher&sourceid=chrome&ie=UTF-8",
    "raw_html_file": "",
    "total_time_taken": 6.28
  },
  "search_parameters": {
    "engine": "google",
    "q": "affiliate publisher",
    "google_domain": "google.com",
    "device": "desktop"
  },
  "search_information": {
    "organic_results_state": "Results for exact spelling",
    "total_results": 202000000,
    "time_taken_displayed": 0.44,
    "query_displayed": "affiliate publisher"
  },
  "ads": [
    {
      "position": 1,
      "block_position": "bottom",
      "title": "Facebook Audience Network | Earn Money With In-App Ads‎",
      "link": "https://www.facebook.com/audiencenetwork/solutions/overview",
      "displayed_link": "www.facebook.com/",
      "tracking_link": "https://www.google.com/aclk?sa=l&ai=DChcSEwjzzfGR8JTnAhWB2WQKHSl1A-MYABAAGgJwag&sig=AOD64_2NmV4Jpl64bXEYDazzavo4ASQ48Q&q=&ved=2ahUKEwjSneuR8JTnAhXDoFsKHV0EBJ0Q0Qx6BAgQEAE&adurl=",
      "description": "Simple Integration for Android, iOS, and Unity. Compatible with major mediation services. Grow your revenue stream with quality demand from Facebook's global advertisers. Rewarded Video. Grow Ad Revenue. 7M Facebook Advertisers. Maximize Your eCPM.",
      "sitelinks": [
        {
          "title": "Native ads",
          "link": "https://www.facebook.com/audiencenetwork/solutions/native?"
        },
        {
          "title": "Playable ads",
          "link": "https://www.facebook.com/audiencenetwork/solutions/playable-ads?"
        },
        {
          "title": "Get started guide",
          "link": "https://developers.facebook.com/docs/audience-network?"
        },
        {
          "title": "Blog",
          "link": "https://www.facebook.com/audiencenetwork/news-and-insights?"
        },
        {
          "title": "SDK",
          "link": "https://developers.facebook.com/docs/audience-network/download?"
        },
        {
          "title": "Rewarded video",
          "link": "https://www.facebook.com/audiencenetwork/solutions/rewarded-video?"
        }
      ]
    }
  ],
  "knowledge_graph": {},
  "related_questions": [
    {
      "question": "What is the difference between affiliate and publisher?",
      "snippet": "As nouns the difference between affiliate and publisher is that affiliate is someone or something that is affiliated, or associated; a member of a group of associated things while publisher is one who publishes, especially books.",
      "title": "Affiliate vs Publisher - What's the difference? | WikiDiff",
      "link": "https://wikidiff.com/publisher/affiliate",
      "displayed_link": "wikidiff.com › publisher › affiliate"
    },
    {
      "question": "What does CJ Affiliate do?",
      "snippet": "CJ Affiliate by Conversant; previously known as Commission Junction is an affiliate marketplace, where you can find thousands of products to promote and make money.Apr 17, 2019",
      "title": "A Beginner Guide To CJ Affiliate by Conversant MarketPlace (Video)",
      "link": "https://www.shoutmeloud.com/commission-junction-best-place-for-affiliate-marketer.html",
      "displayed_link": "www.shoutmeloud.com › commission-junction-best-place-for-affiliate-..."
    },
    {
      "question": "How do I start an affiliate marketing business?",
      "snippet": "Here's How to Start Affiliate Marketing on Your Blog in 8 Steps:Step 1: Create a Website or A Blog.Step 2: Choose an Industry, and then Niche Down.Step 3: Research Products in Your Niche that You Can Review.Step 4: Sign Up for the Amazon Affiliate Program.More items...•Jan 25, 2019",
      "title": "How to Start Affiliate Marketing for Beginners (A Step by Step Guide)",
      "link": "https://www.locationrebel.com/how-to-start-affiliate-marketing/",
      "displayed_link": "www.locationrebel.com › how-to-start-affiliate-marketing"
    },
    {
      "question": "What is a publisher in digital advertising?",
      "snippet": "A publisher displays ads, text links, or product links on its Web site, in e-mail campaigns, or in search listings and is paid a commission by the respective advertiser when a visitor takes a specific action such as filling out a form, making a purchase or subscribing to a service.",
      "title": "What is difference between publisher and advertiser? - Quora",
      "link": "https://www.quora.com/What-is-difference-between-publisher-and-advertiser",
      "displayed_link": "www.quora.com › What-is-difference-between-publisher-and-advertiser"
    }
  ],
  "organic_results": [
    {
      "position": 1,
      "title": "Become An Affiliate Publisher | Awin",
      "link": "https://www.awin.com/us/publishers",
      "displayed_link": "www.awin.com › publishers",
      "snippet": "Get paid for validated transactions regardless of when Awin is paid by the advertiser. Minimizing payment delays, programs offering accelerated payments can be identified within the Awin plaform by the green circle under 'Payment Status. ... How affiliate marketing works.",
      "cached_page_link": "https://webcache.googleusercontent.com/search?q=cache:HvK5SZex500J:https://www.awin.com/us/publishers+&cd=1&hl=en&ct=clnk&gl=us",
      "related_pages_link": "https://www.google.com/search?q=related:https://www.awin.com/us/publishers+affiliate+publisher&tbo=1&sa=X&ved=2ahUKEwjSneuR8JTnAhXDoFsKHV0EBJ0QHzAAegQIAxAJ"
    },
    {
      "position": 2,
      "title": "Publisher | CJ Affiliate",
      "link": "https://www.cj.com/publisher",
      "displayed_link": "www.cj.com › publisher",
      "snippet": "As the industry's trusted leader in affiliate marketing for over 20 years, the CJ Affiliate network allows you to seamlessly monetize your business at scale, tap into ...",
      "cached_page_link": "https://webcache.googleusercontent.com/search?q=cache:eAfqiHIxH8wJ:https://www.cj.com/publisher+&cd=2&hl=en&ct=clnk&gl=us"
    },
    {
      "position": 3,
      "title": "Six affiliate publisher types: Selecting the right content partner",
      "link": "https://www.conversantmedia.eu/blog/affiliate-publisher-types-selecting-the-right-partner",
      "displayed_link": "www.conversantmedia.eu › blog › affiliate-publisher-types-selecting-t...",
      "date": "Feb 23, 2017",
      "snippet": "Partnering with the right content publishers ensures the success of affiliate programmes - understanding these six affiliate publisher types is ...",
      "cached_page_link": "https://webcache.googleusercontent.com/search?q=cache:PttZzycp9BoJ:https://www.conversantmedia.eu/blog/affiliate-publisher-types-selecting-the-right-partner+&cd=3&hl=en&ct=clnk&gl=us"
    },
    {
      "position": 4,
      "title": "What is an Affiliate Marketing Publisher? A Definition of ...",
      "link": "http://www.affiliatenetworknews.com/affiliate-marketing-tips/what-is-an-affiliate-marketing-publisher/",
      "displayed_link": "www.affiliatenetworknews.com › Affiliate Marketing Tips",
      "date": "Apr 3, 2011",
      "snippet": "An affiliate marketing publisher is an individual website owner or business entity that earns commissions for referring sales, leads, and traffic to an advertiser by placing affiliate marketing advertisements such as links and banners on their websites.",
      "cached_page_link": "http://webcache.googleusercontent.com/search?q=cache:Mn9cTZBEPZUJ:www.affiliatenetworknews.com/affiliate-marketing-tips/what-is-an-affiliate-marketing-publisher/+&cd=12&hl=en&ct=clnk&gl=us",
      "related_pages_link": "https://www.google.com/search?q=related:www.affiliatenetworknews.com/affiliate-marketing-tips/what-is-an-affiliate-marketing-publisher/+affiliate+publisher&tbo=1&sa=X&ved=2ahUKEwjSneuR8JTnAhXDoFsKHV0EBJ0QHzALegQIAhAL"
    },
    {
      "position": 5,
      "title": "What is affiliate marketing? – Publisher Help Center - Rakuten ...",
      "link": "https://pubhelp.rakutenmarketing.com/hc/en-us/articles/201723943-What-is-affiliate-marketing-",
      "displayed_link": "pubhelp.rakutenmarketing.com › en-us › articles › 201723943-What-...",
      "date": "Dec 3, 2019",
      "snippet": "Affiliate marketing is a method of selling products or services by marketing them within the content of publisher websites. Publishers...",
      "cached_page_link": "https://webcache.googleusercontent.com/search?q=cache:8bPOoGbBLCwJ:https://pubhelp.rakutenmarketing.com/hc/en-us/articles/201723943-What-is-affiliate-marketing-+&cd=13&hl=en&ct=clnk&gl=us",
      "related_pages_link": "https://www.google.com/search?q=related:https://pubhelp.rakutenmarketing.com/hc/en-us/articles/201723943-What-is-affiliate-marketing-+affiliate+publisher&tbo=1&sa=X&ved=2ahUKEwjSneuR8JTnAhXDoFsKHV0EBJ0QHzAMegQICBAJ"
    },
    {
      "position": 6,
      "title": "Affiliate for Publishers - Rakuten Marketing",
      "link": "https://rakutenmarketing.com/channels/affiliate/publishers/",
      "displayed_link": "rakutenmarketing.com › channels › affiliate › publishers",
      "snippet": "If you have loyal social media followers or consistent website visitors, you may have considered earning money by becoming an affiliate marketing publisher.",
      "cached_page_link": "https://webcache.googleusercontent.com/search?q=cache:5Jjx_Gq2oLcJ:https://rakutenmarketing.com/channels/affiliate/publishers/+&cd=14&hl=en&ct=clnk&gl=us"
    },
    {
      "position": 7,
      "title": "The Five Key Publishers in Affiliate Marketing - iProspect",
      "link": "https://www.iprospect.com/en/gb/news-and-views/news/the-five-key-publishers-in-affiliate-marketing/",
      "displayed_link": "www.iprospect.com › news-and-views › news › the-five-key-publishe...",
      "date": "Apr 13, 2018",
      "snippet": "This month we are going to share examples of some of the key publisher types in Affiliates. This is by no means an exhaustive list, but should ...",
      "cached_page_link": "https://webcache.googleusercontent.com/search?q=cache:6p-ZKNHPOJoJ:https://www.iprospect.com/en/gb/news-and-views/news/the-five-key-publishers-in-affiliate-marketing/+&cd=15&hl=en&ct=clnk&gl=us"
    },
    {
      "position": 8,
      "title": "Why Publishers Are Moving Toward an Affiliate Model ...",
      "link": "https://www.accelerationpartners.com/blog/why-publishers-are-moving-toward-an-affiliate-model",
      "displayed_link": "www.accelerationpartners.com › blog › why-publishers-are-moving-t...",
      "date": "Feb 1, 2018",
      "snippet": "Publishers like BuzzFeed and merchants like Shopify are embracing affiliate marketing thanks to the mutual benefits of a performance ...",
      "cached_page_link": "https://webcache.googleusercontent.com/search?q=cache:7LgiL2cn_7AJ:https://www.accelerationpartners.com/blog/why-publishers-are-moving-toward-an-affiliate-model+&cd=16&hl=en&ct=clnk&gl=us"
    },
    {
      "position": 9,
      "title": "Advertisers vs Publishers: Difference and Relationship Status",
      "link": "https://www.mobidea.com/academy/advertisers-vs-publishers/",
      "displayed_link": "www.mobidea.com › academy › advertisers-vs-publishers",
      "date": "May 7, 2018",
      "snippet": "Because these affiliate marketing publishers and industry advertisers are actually playing on the same side, just on different parts of the field!",
      "cached_page_link": "https://webcache.googleusercontent.com/search?q=cache:LKQjIGzWS-kJ:https://www.mobidea.com/academy/advertisers-vs-publishers/+&cd=17&hl=en&ct=clnk&gl=us"
    },
    {
      "position": 10,
      "title": "20+ Best Affiliate Marketing Platforms and Networks of 2020 ...",
      "link": "https://makeawebsitehub.com/affiliate-marketing-networks/",
      "displayed_link": "makeawebsitehub.com › affiliate-marketing-networks",
      "snippet": "They have divided these affiliate programs into dozens of broad and hundreds of sub-categories, which makes the publisher's life easier to find exactly what ...",
      "cached_page_link": "https://webcache.googleusercontent.com/search?q=cache:aedN2w77ZFQJ:https://makeawebsitehub.com/affiliate-marketing-networks/+&cd=18&hl=en&ct=clnk&gl=us",
      "related_pages_link": "https://www.google.com/search?q=related:https://makeawebsitehub.com/affiliate-marketing-networks/+affiliate+publisher&tbo=1&sa=X&ved=2ahUKEwjSneuR8JTnAhXDoFsKHV0EBJ0QHzARegQIBhAJ"
    }
  ],
  "related_search_boxes": [
    {
      "position": 1,
      "query": "Affiliate network listView 3+ moreView 3+",
      "results": []
    }
  ],
  "related_searches": [
    {
      "query": "affiliate marketing",
      "link": "https://www.google.com/search?q=affiliate+marketing&sa=X&ved=2ahUKEwjSneuR8JTnAhXDoFsKHV0EBJ0Q1QIoAHoECAwQAQ"
    },
    {
      "query": "cj affiliate publisher sign up",
      "link": "https://www.google.com/search?q=cj+affiliate+publisher+sign+up&sa=X&ved=2ahUKEwjSneuR8JTnAhXDoFsKHV0EBJ0Q1QIoAXoECAwQAg"
    },
    {
      "query": "affiliate publisher types",
      "link": "https://www.google.com/search?q=affiliate+publisher+types&sa=X&ved=2ahUKEwjSneuR8JTnAhXDoFsKHV0EBJ0Q1QIoAnoECAwQAw"
    },
    {
      "query": "rakuten affiliate",
      "link": "https://www.google.com/search?q=rakuten+affiliate&sa=X&ved=2ahUKEwjSneuR8JTnAhXDoFsKHV0EBJ0Q1QIoA3oECAwQBA"
    },
    {
      "query": "affiliate advertiser",
      "link": "https://www.google.com/search?q=affiliate+advertiser&sa=X&ved=2ahUKEwjSneuR8JTnAhXDoFsKHV0EBJ0Q1QIoBHoECAwQBQ"
    },
    {
      "query": "cj affiliate review",
      "link": "https://www.google.com/search?q=cj+affiliate+review&sa=X&ved=2ahUKEwjSneuR8JTnAhXDoFsKHV0EBJ0Q1QIoBXoECAwQBg"
    },
    {
      "query": "top affiliate publishers uk",
      "link": "https://www.google.com/search?q=top+affiliate+publishers+uk&sa=X&ved=2ahUKEwjSneuR8JTnAhXDoFsKHV0EBJ0Q1QIoBnoECAwQBw"
    },
    {
      "query": "affiliate window",
      "link": "https://www.google.com/search?q=affiliate+window&sa=X&ved=2ahUKEwjSneuR8JTnAhXDoFsKHV0EBJ0Q1QIoB3oECAwQCA"
    }
  ],
  "pagination": {
    "current": 1,
    "next": "https://www.google.com/search?q=affiliate+publisher&ei=-gYnXtK4GsPB7gLdiJDoCQ&start=10&sa=N&ved=2ahUKEwjSneuR8JTnAhXDoFsKHV0EBJ0Q8NMDegQIDxBB",
    "other_pages": {
      "2": "https://www.google.com/search?q=affiliate+publisher&ei=-gYnXtK4GsPB7gLdiJDoCQ&start=10&sa=N&ved=2ahUKEwjSneuR8JTnAhXDoFsKHV0EBJ0Q8tMDegQIDxAv",
      "3": "https://www.google.com/search?q=affiliate+publisher&ei=-gYnXtK4GsPB7gLdiJDoCQ&start=20&sa=N&ved=2ahUKEwjSneuR8JTnAhXDoFsKHV0EBJ0Q8tMDegQIDxAx",
      "4": "https://www.google.com/search?q=affiliate+publisher&ei=-gYnXtK4GsPB7gLdiJDoCQ&start=30&sa=N&ved=2ahUKEwjSneuR8JTnAhXDoFsKHV0EBJ0Q8tMDegQIDxAz",
      "5": "https://www.google.com/search?q=affiliate+publisher&ei=-gYnXtK4GsPB7gLdiJDoCQ&start=40&sa=N&ved=2ahUKEwjSneuR8JTnAhXDoFsKHV0EBJ0Q8tMDegQIDxA1",
      "6": "https://www.google.com/search?q=affiliate+publisher&ei=-gYnXtK4GsPB7gLdiJDoCQ&start=50&sa=N&ved=2ahUKEwjSneuR8JTnAhXDoFsKHV0EBJ0Q8tMDegQIDxA3",
      "7": "https://www.google.com/search?q=affiliate+publisher&ei=-gYnXtK4GsPB7gLdiJDoCQ&start=60&sa=N&ved=2ahUKEwjSneuR8JTnAhXDoFsKHV0EBJ0Q8tMDegQIDxA5",
      "8": "https://www.google.com/search?q=affiliate+publisher&ei=-gYnXtK4GsPB7gLdiJDoCQ&start=70&sa=N&ved=2ahUKEwjSneuR8JTnAhXDoFsKHV0EBJ0Q8tMDegQIDxA7",
      "9": "https://www.google.com/search?q=affiliate+publisher&ei=-gYnXtK4GsPB7gLdiJDoCQ&start=80&sa=N&ved=2ahUKEwjSneuR8JTnAhXDoFsKHV0EBJ0Q8tMDegQIDxA9",
      "10": "https://www.google.com/search?q=affiliate+publisher&ei=-gYnXtK4GsPB7gLdiJDoCQ&start=90&sa=N&ved=2ahUKEwjSneuR8JTnAhXDoFsKHV0EBJ0Q8tMDegQIDxA_"
    }
  },
  "serpapi_pagination": {
    "current": 1,
    "next_link": "https://serpapi.com/search.json?device=desktop&engine=google&google_domain=google.com&q=affiliate+publisher&start=10&token=b73d0b57be47e053",
    "next": "https://serpapi.com/search.json?device=desktop&engine=google&google_domain=google.com&q=affiliate+publisher&start=10&token=b73d0b57be47e053",
    "other_pages": {
      "2": "https://serpapi.com/search.json?device=desktop&engine=google&google_domain=google.com&q=affiliate+publisher&start=10&token=b73d0b57be47e053",
      "3": "https://serpapi.com/search.json?device=desktop&engine=google&google_domain=google.com&q=affiliate+publisher&start=20&token=67c3ea21d4c94b1b",
      "4": "https://serpapi.com/search.json?device=desktop&engine=google&google_domain=google.com&q=affiliate+publisher&start=30&token=8a0da8a18b83594d",
      "5": "https://serpapi.com/search.json?device=desktop&engine=google&google_domain=google.com&q=affiliate+publisher&start=40&token=5c7c9d6770442cab",
      "6": "https://serpapi.com/search.json?device=desktop&engine=google&google_domain=google.com&q=affiliate+publisher&start=50&token=3dec3183a8e09777",
      "7": "https://serpapi.com/search.json?device=desktop&engine=google&google_domain=google.com&q=affiliate+publisher&start=60&token=872b4fa6d82e4623",
      "8": "https://serpapi.com/search.json?device=desktop&engine=google&google_domain=google.com&q=affiliate+publisher&start=70&token=75efae05171b8018",
      "9": "https://serpapi.com/search.json?device=desktop&engine=google&google_domain=google.com&q=affiliate+publisher&start=80&token=71ef5f20034db595",
      "10": "https://serpapi.com/search.json?device=desktop&engine=google&google_domain=google.com&q=affiliate+publisher&start=90&token=ef1e326bd2fd9ed1"
    }
  }
}