{
  "search_metadata": {
    "id": "",
    "status": "Success",
    "json_endpoint": "",
    "created_at": "2020-01-21 03:44:56 UTC",
    "processed_at": "2020-01-21 03:44:56 UTC",
    "google_url": "https://www.google.com/search?q=affiliate+app+shopify&oq=affiliate+app+shopify&sourceid=chrome&ie=UTF-8",
    "raw_html_file": "",
    "total_time_taken": 1.65
  },
  "search_parameters": {
    "engine": "google",
    "q": "affiliate app shopify",
    "google_domain": "google.com",
    "device": "desktop"
  },
  "search_information": {
    "organic_results_state": "Results for exact spelling",
    "total_results": 9460000,
    "time_taken_displayed": 0.44,
    "query_displayed": "affiliate app shopify"
  },
  "ads": [
    {
      "position": 1,
      "block_position": "bottom",
      "title": "#1 Affiliate App for Shopify | Track & Optimize Your Campaigs‎",
      "link": "https://www.growthhero.io/",
      "displayed_link": "www.growthhero.io/",
      "tracking_link": "https://www.google.com/aclk?sa=l&ai=DChcSEwjQ2NHa45PnAhVG1sAKHSnyCccYABAAGgJpbQ&sig=AOD64_2vgmskthFO_s0qX6N2iD98J1PZjA&q=&ved=2ahUKEwjnw8ra45PnAhWbGM0KHWSKBmsQ0Qx6BAgPEAE&adurl=",
      "description": "All-in-one Shopify App for Affiliate Marketing. Generate Links, Track Results & Optimize! Detailed Reporting of Influencers, Bloggers and Partners Performance + Many More. Get it! Join Now For Free. Advacned Analytics. Simple And Clear Pricing. Split Testing Links.",
      "sitelinks": [
        {
          "title": "Browse Features",
          "link": "https://www.growthhero.io/#features"
        },
        {
          "title": "Pricing Plans",
          "link": "https://www.growthhero.io/#pricing"
        },
        {
          "title": "Contact Us",
          "link": "https://www.growthhero.io/#contact"
        },
        {
          "title": "View Benefits",
          "link": "https://www.growthhero.io/#whyus"
        }
      ]
    }
  ],
  "knowledge_graph": {},
  "related_questions": [
    {
      "question": "Can you do affiliate marketing on Shopify?",
      "snippet": "If you don't want to use an affiliate network, you can build your own tracking system. For example Shopify shops have plugins and modules that you can install to start your own affiliate marketing program. It's just up to you to advertise your program well enough to get affiliate marketers to join.",
      "title": "How To Use Affiliate Marketing as a Sales Channel for ... - Shopify",
      "link": "https://www.shopify.com/guides/make-your-first-ecommerce-sale/affiliate-marketing?ref=hazel-hoyle",
      "displayed_link": "www.shopify.com › guides › make-your-first-ecommerce-sale › affiliate..."
    },
    {
      "question": "How does Shopify affiliate program work?",
      "snippet": "The program is free to join, and allows affiliates to monetize their audience and earn commissions from each new Shopify merchant referral. Affiliates can earn an average of $58 for each user who signs up for a paid plan with your unique affiliate link, and $2000 for each Shopify Plus referral.",
      "title": "About the Shopify Affiliate Program · Shopify Help Center",
      "link": "https://help.shopify.com/en/affiliates/about",
      "displayed_link": "help.shopify.com › affiliates › about"
    },
    {
      "question": "How do I start an affiliate program?",
      "snippet": "Here are the exact steps you'll need to take.Pick an Affiliate Platform. ... Decide Your Affiliate Structure. ... Create Banners and Other Promotional Materials. ... Recruit Affiliates. ... Keep Your Affiliates Happy. ... 2 thoughts on “5 Steps to Launching Your First Affiliate Program”Dec 5, 2014",
      "title": "5 Steps to Launching Your First Affiliate Program",
      "link": "http://ecommerceinsiders.com/5-steps-launching-affiliate-program-3121/",
      "displayed_link": "ecommerceinsiders.com › 5-steps-launching-affiliate-program-3121"
    },
    {
      "question": "Does Spotify have an affiliate program?",
      "snippet": "It appears that Spotify does not have an affiliate program at this time. Based on our search of the popular affiliate networks such as Commission Junction, Linkshare, Pepperjam and Shareasale, we were not able to find an active affiliate program for Spotify.",
      "title": "Does Spotify offer an affiliate program? — Knoji",
      "link": "https://spotify.knoji.com/questions/spotify-affiliate-program/",
      "displayed_link": "spotify.knoji.com › questions › spotify-affiliate-program"
    }
  ],
  "organic_results": [
    {
      "position": 1,
      "title": "Affiliate programs apps on Shopify Ecommerce App Store.",
      "link": "https://apps.shopify.com/browse/marketing-affiliate-programs",
      "displayed_link": "apps.shopify.com › browse › marketing-affiliate-programs",
      "date": "Results 1 24 of 37",
      "snippet": "Affiliate programs apps for your Shopify ecommerce store. Affiliate programs plugins developed by Shopify geeks and our partners. Shopify ...",
      "sitelinks": {
        "inline": [
          {
            "title": "Referral Candy",
            "link": "https://apps.shopify.com/referralcandy"
          },
          {
            "title": "Affiliate Marketing Goaffpro",
            "link": "https://apps.shopify.com/goaffpro"
          },
          {
            "title": "Affiliate programs apps on ...",
            "link": "https://apps.shopify.com/browse/marketing-affiliate-programs?page=2"
          }
        ]
      },
      "cached_page_link": "https://webcache.googleusercontent.com/search?q=cache:IGS8hxGo464J:https://apps.shopify.com/browse/marketing-affiliate-programs+&cd=1&hl=en&ct=clnk&gl=us"
    },
    {
      "position": 2,
      "title": "Refersion - Shopify App Store",
      "link": "https://apps.shopify.com/refersion",
      "displayed_link": "apps.shopify.com › refersion",
      "snippet": "Refersion is a fully-loaded affiliate and influencer marketing platform that you can launch in minutes; we ...",
      "rich_snippet": {
        "top": {
          "detected_extensions": {
            "days_ago_rating": 7,
            "votes": 758
          },
          "extensions": [
            "7 days ago - Rating: 4.7",
            "758 votes"
          ]
        }
      },
      "related_pages_link": "https://www.google.com/search?q=related:https://apps.shopify.com/refersion+affiliate+app+shopify&tbo=1&sa=X&ved=2ahUKEwjnw8ra45PnAhWbGM0KHWSKBmsQHzABegQIBBAI"
    },
    {
      "position": 3,
      "title": "Affiliate Programs: A Step-By-Step Guide to Getting ... - Shopify",
      "link": "https://www.shopify.com/blog/53669701-how-to-set-up-an-affiliate-program-for-your-shopify-store",
      "displayed_link": "www.shopify.com › blog › 53669701-how-to-set-up-an-affiliate-prog...",
      "date": "Jul 6, 2018",
      "snippet": "The Beginner's Guide to Setting Up an Affiliate Program for Your Shopify ... How to create an affiliate program with Shopify apps; How to find the ...",
      "cached_page_link": "https://webcache.googleusercontent.com/search?q=cache:bnLLWfFzXV8J:https://www.shopify.com/blog/53669701-how-to-set-up-an-affiliate-program-for-your-shopify-store+&cd=3&hl=en&ct=clnk&gl=us",
      "related_pages_link": "https://www.google.com/search?q=related:https://www.shopify.com/blog/53669701-how-to-set-up-an-affiliate-program-for-your-shopify-store+affiliate+app+shopify&tbo=1&sa=X&ved=2ahUKEwjnw8ra45PnAhWbGM0KHWSKBmsQHzACegQIBxAJ"
    },
    {
      "position": 4,
      "title": "Affiliatly – Ecommerce Plugins for Online Stores – Shopify App ...",
      "link": "https://apps.shopify.com/affiliatly",
      "displayed_link": "apps.shopify.com › affiliatly",
      "snippet": "Affiliatly is an affiliate marketing software for e-commerce store owners. We created Affiliatly to help you start an affiliate marketing program quickly and easily.",
      "rich_snippet": {
        "top": {
          "detected_extensions": {
            "rating": 4.6,
            "votes": 94
          },
          "extensions": [
            "Rating: 4.6",
            "94 votes"
          ]
        }
      },
      "cached_page_link": "https://webcache.googleusercontent.com/search?q=cache:1ZF4qHIBOM0J:https://apps.shopify.com/affiliatly+&cd=12&hl=en&ct=clnk&gl=us",
      "related_pages_link": "https://www.google.com/search?q=related:https://apps.shopify.com/affiliatly+affiliate+app+shopify&tbo=1&sa=X&ved=2ahUKEwjnw8ra45PnAhWbGM0KHWSKBmsQHzALegQIAhAJ"
    },
    {
      "position": 5,
      "title": "LeadDyno Affiliate Marketing - Shopify App Store",
      "link": "https://apps.shopify.com/leaddyno",
      "displayed_link": "apps.shopify.com › leaddyno",
      "snippet": "Easy Influencer & Affiliate Marketing (Plus MLM Support!)",
      "rich_snippet": {
        "top": {
          "detected_extensions": {
            "rating": 4.5,
            "votes": 567
          },
          "extensions": [
            "Rating: 4.5",
            "567 votes"
          ]
        }
      },
      "cached_page_link": "https://webcache.googleusercontent.com/search?q=cache:BOP1Uj4rk5wJ:https://apps.shopify.com/leaddyno+&cd=13&hl=en&ct=clnk&gl=us",
      "related_pages_link": "https://www.google.com/search?q=related:https://apps.shopify.com/leaddyno+affiliate+app+shopify&tbo=1&sa=X&ved=2ahUKEwjnw8ra45PnAhWbGM0KHWSKBmsQHzAMegQIAxAJ"
    },
    {
      "position": 6,
      "title": "AAA ‑ Affiliate Marketing PRO - Shopify App Store",
      "link": "https://apps.shopify.com/affiliate",
      "displayed_link": "apps.shopify.com › affiliate",
      "snippet": "Grow with Affiliates to Boost Sales - Affordable Affiliate App.",
      "rich_snippet": {
        "top": {
          "detected_extensions": {
            "nov_rating": 13,
            "votes": 34
          },
          "extensions": [
            "Nov 13, 2019 - Rating: 3.5",
            "34 votes"
          ]
        }
      }
    },
    {
      "position": 7,
      "title": "Affiliate Marketing Goaffpro - Shopify App Store",
      "link": "https://apps.shopify.com/goaffpro",
      "displayed_link": "apps.shopify.com › goaffpro",
      "snippet": "Goaffpro is a complete affiliate and influencer marketing solution for your store. With goaffpro, you can set up a custom branded affiliate portal for your Shopify ...",
      "rich_snippet": {
        "top": {
          "detected_extensions": {
            "rating": 4.9,
            "votes": 330
          },
          "extensions": [
            "Rating: 4.9",
            "330 votes"
          ]
        }
      },
      "cached_page_link": "https://webcache.googleusercontent.com/search?q=cache:EbtarPN3LGIJ:https://apps.shopify.com/goaffpro+&cd=15&hl=en&ct=clnk&gl=us"
    },
    {
      "position": 8,
      "title": "Secomapp: Affiliate Marketing - Shopify App Store",
      "link": "https://apps.shopify.com/affliate-by-secomapp",
      "displayed_link": "apps.shopify.com › affliate-by-secomapp",
      "snippet": "Powerful influencer/referral/affiliate programs to grow sales.",
      "rich_snippet": {
        "top": {
          "detected_extensions": {
            "rating": 4.8,
            "votes": 324
          },
          "extensions": [
            "Rating: 4.8",
            "324 votes"
          ]
        }
      },
      "cached_page_link": "https://webcache.googleusercontent.com/search?q=cache:4UWg4ha5PlgJ:https://apps.shopify.com/affliate-by-secomapp+&cd=16&hl=en&ct=clnk&gl=us"
    },
    {
      "position": 9,
      "title": "[6 Best] Shopify Affiliate Apps for Loyalty & Referral Programs",
      "link": "https://acquireconvert.com/shopify-affiliate-app/",
      "displayed_link": "acquireconvert.com › shopify-affiliate-app",
      "date": "Dec 27, 2019",
      "snippet": "Want to learn which Shopify affiliate app you should you be using for loyalty and referral programs? Then keep reading to find the best Shopify ...",
      "cached_page_link": "https://webcache.googleusercontent.com/search?q=cache:-DJTXOiGAJAJ:https://acquireconvert.com/shopify-affiliate-app/+&cd=17&hl=en&ct=clnk&gl=us"
    },
    {
      "position": 10,
      "title": "7 Powerful Shopify Apps for Loyalty, Referrals & Affiliate ...",
      "link": "https://www.statementagency.com/blog/2017/05/7-powerful-shopify-apps-for-loyalty-referrals-affiliate-marketing/",
      "displayed_link": "www.statementagency.com › blog › 2017/05 › 7-powerful-shopify-a...",
      "date": "May 23, 2017",
      "snippet": "Shopify's app store is a fantastic resource for merchants looking to add functionality to their store that will improve sales - and that's no different ...",
      "cached_page_link": "https://webcache.googleusercontent.com/search?q=cache:oHmnbyDygcMJ:https://www.statementagency.com/blog/2017/05/7-powerful-shopify-apps-for-loyalty-referrals-affiliate-marketing/+&cd=18&hl=en&ct=clnk&gl=us"
    }
  ],
  "related_search_boxes": [
    {
      "position": 1,
      "query": "Top affiliate marketing platforms",
      "results": []
    }
  ],
  "related_searches": [
    {
      "query": "shareasale shopify app",
      "link": "https://www.google.com/search?q=shareasale+shopify+app&sa=X&ved=2ahUKEwjnw8ra45PnAhWbGM0KHWSKBmsQ1QIoAHoECA0QAQ"
    },
    {
      "query": "shopify apps",
      "link": "https://www.google.com/search?q=shopify+apps&sa=X&ved=2ahUKEwjnw8ra45PnAhWbGM0KHWSKBmsQ1QIoAXoECA0QAg"
    },
    {
      "query": "selling affiliate products on shopify",
      "link": "https://www.google.com/search?q=selling+affiliate+products+on+shopify&sa=X&ved=2ahUKEwjnw8ra45PnAhWbGM0KHWSKBmsQ1QIoAnoECA0QAw"
    },
    {
      "query": "shopify influencer app",
      "link": "https://www.google.com/search?q=shopify+influencer+app&sa=X&ved=2ahUKEwjnw8ra45PnAhWbGM0KHWSKBmsQ1QIoA3oECA0QBA"
    },
    {
      "query": "shopify affiliate theme",
      "link": "https://www.google.com/search?q=shopify+affiliate+theme&sa=X&ved=2ahUKEwjnw8ra45PnAhWbGM0KHWSKBmsQ1QIoBHoECA0QBQ"
    },
    {
      "query": "shopify plus apps",
      "link": "https://www.google.com/search?q=shopify+plus+apps&sa=X&ved=2ahUKEwjnw8ra45PnAhWbGM0KHWSKBmsQ1QIoBXoECA0QBg"
    },
    {
      "query": "shopify app exchange",
      "link": "https://www.google.com/search?q=shopify+app+exchange&sa=X&ved=2ahUKEwjnw8ra45PnAhWbGM0KHWSKBmsQ1QIoBnoECA0QBw"
    },
    {
      "query": "shopify affiliate plan cost",
      "link": "https://www.google.com/search?q=shopify+affiliate+plan+cost&sa=X&ved=2ahUKEwjnw8ra45PnAhWbGM0KHWSKBmsQ1QIoB3oECA0QCA"
    }
  ],
  "pagination": {
    "current": 1,
    "next": "https://www.google.com/search?q=affiliate+app+shopify&ei=uXMmXqeDJJuxtAbklJrYBg&start=10&sa=N&ved=2ahUKEwjnw8ra45PnAhWbGM0KHWSKBmsQ8NMDegQIDhBB",
    "other_pages": {
      "2": "https://www.google.com/search?q=affiliate+app+shopify&ei=uXMmXqeDJJuxtAbklJrYBg&start=10&sa=N&ved=2ahUKEwjnw8ra45PnAhWbGM0KHWSKBmsQ8tMDegQIDhAv",
      "3": "https://www.google.com/search?q=affiliate+app+shopify&ei=uXMmXqeDJJuxtAbklJrYBg&start=20&sa=N&ved=2ahUKEwjnw8ra45PnAhWbGM0KHWSKBmsQ8tMDegQIDhAx",
      "4": "https://www.google.com/search?q=affiliate+app+shopify&ei=uXMmXqeDJJuxtAbklJrYBg&start=30&sa=N&ved=2ahUKEwjnw8ra45PnAhWbGM0KHWSKBmsQ8tMDegQIDhAz",
      "5": "https://www.google.com/search?q=affiliate+app+shopify&ei=uXMmXqeDJJuxtAbklJrYBg&start=40&sa=N&ved=2ahUKEwjnw8ra45PnAhWbGM0KHWSKBmsQ8tMDegQIDhA1",
      "6": "https://www.google.com/search?q=affiliate+app+shopify&ei=uXMmXqeDJJuxtAbklJrYBg&start=50&sa=N&ved=2ahUKEwjnw8ra45PnAhWbGM0KHWSKBmsQ8tMDegQIDhA3",
      "7": "https://www.google.com/search?q=affiliate+app+shopify&ei=uXMmXqeDJJuxtAbklJrYBg&start=60&sa=N&ved=2ahUKEwjnw8ra45PnAhWbGM0KHWSKBmsQ8tMDegQIDhA5",
      "8": "https://www.google.com/search?q=affiliate+app+shopify&ei=uXMmXqeDJJuxtAbklJrYBg&start=70&sa=N&ved=2ahUKEwjnw8ra45PnAhWbGM0KHWSKBmsQ8tMDegQIDhA7",
      "9": "https://www.google.com/search?q=affiliate+app+shopify&ei=uXMmXqeDJJuxtAbklJrYBg&start=80&sa=N&ved=2ahUKEwjnw8ra45PnAhWbGM0KHWSKBmsQ8tMDegQIDhA9",
      "10": "https://www.google.com/search?q=affiliate+app+shopify&ei=uXMmXqeDJJuxtAbklJrYBg&start=90&sa=N&ved=2ahUKEwjnw8ra45PnAhWbGM0KHWSKBmsQ8tMDegQIDhA_"
    }
  },
  "serpapi_pagination": {
    "current": 1,
    "next_link": "https://serpapi.com/search.json?device=desktop&engine=google&google_domain=google.com&q=affiliate+app+shopify&start=10&token=14d6ced69ccefb7b",
    "next": "https://serpapi.com/search.json?device=desktop&engine=google&google_domain=google.com&q=affiliate+app+shopify&start=10&token=14d6ced69ccefb7b",
    "other_pages": {
      "2": "https://serpapi.com/search.json?device=desktop&engine=google&google_domain=google.com&q=affiliate+app+shopify&start=10&token=14d6ced69ccefb7b",
      "3": "https://serpapi.com/search.json?device=desktop&engine=google&google_domain=google.com&q=affiliate+app+shopify&start=20&token=88212f9de88bd025",
      "4": "https://serpapi.com/search.json?device=desktop&engine=google&google_domain=google.com&q=affiliate+app+shopify&start=30&token=5fa26d35a3425630",
      "5": "https://serpapi.com/search.json?device=desktop&engine=google&google_domain=google.com&q=affiliate+app+shopify&start=40&token=4bd0ff662645d201",
      "6": "https://serpapi.com/search.json?device=desktop&engine=google&google_domain=google.com&q=affiliate+app+shopify&start=50&token=64e821fd4644145a",
      "7": "https://serpapi.com/search.json?device=desktop&engine=google&google_domain=google.com&q=affiliate+app+shopify&start=60&token=b56e07e94acdf766",
      "8": "https://serpapi.com/search.json?device=desktop&engine=google&google_domain=google.com&q=affiliate+app+shopify&start=70&token=292bc0b11d640b0d",
      "9": "https://serpapi.com/search.json?device=desktop&engine=google&google_domain=google.com&q=affiliate+app+shopify&start=80&token=927e42a1a933eb2a",
      "10": "https://serpapi.com/search.json?device=desktop&engine=google&google_domain=google.com&q=affiliate+app+shopify&start=90&token=d42e8ad2c438d985"
    }
  }
}