{
  "search_metadata": {
    "id": "",
    "status": "Success",
    "json_endpoint": "",
    "created_at": "2020-01-21 13:56:39 UTC",
    "processed_at": "2020-01-21 13:56:39 UTC",
    "google_url": "https://www.google.com/search?q=affiliate+entity&oq=affiliate+entity&sourceid=chrome&ie=UTF-8",
    "raw_html_file": "",
    "total_time_taken": 1.49
  },
  "search_parameters": {
    "engine": "google",
    "q": "affiliate entity",
    "google_domain": "google.com",
    "device": "desktop"
  },
  "search_information": {
    "organic_results_state": "Results for exact spelling",
    "total_results": 40700000,
    "time_taken_displayed": 0.5,
    "query_displayed": "affiliate entity"
  },
  "knowledge_graph": {
    "see_more_about": []
  },
  "related_questions": [
    {
      "question": "What is the difference between a subsidiary and an affiliate?",
      "snippet": "A subsidiary is a company whose parent is a majority shareholder that owns more than 50% of all shares. For corporate, securities and capital markets, an affiliate is a person or entity directly or indirectly controlling, being controlled by, or under common control with another person or entity.Apr 14, 2019",
      "title": "Subsidiary vs. Affiliate: What's the Difference? - Investopedia",
      "link": "https://www.investopedia.com/ask/answers/06/subsidiaries.asp",
      "displayed_link": "www.investopedia.com › ask › answers › subsidiaries"
    },
    {
      "question": "Is an affiliate a separate legal entity?",
      "snippet": "Affiliates Versus Subsidiaries But subsidiaries remain separate legal entities from their parents, meaning they are liable for their own taxes, liabilities, and governance. ... An example of a subsidiary is the relationship between the Walt Disney Corporation and sports network ESPN.Jun 1, 2019",
      "title": "Affiliated Companies Definition - Investopedia",
      "link": "https://www.investopedia.com/terms/a/affiliatedcompanies.asp",
      "displayed_link": "www.investopedia.com › terms › affiliatedcompanies"
    },
    {
      "question": "What is an affiliate transaction?",
      "snippet": "Affiliate Transaction means any agreement, contract, arrangement or other transaction or series of related transactions (including, without limitation, any purchase, sale, transfer, assignment, lease, license, conveyance or exchange of assets or property, any merger, consolidation or similar transaction or any ...",
      "title": "Affiliate Transaction | legal definition of Affiliate Transaction by ...",
      "link": "https://www.lawinsider.com/dictionary/affiliate-transaction",
      "displayed_link": "www.lawinsider.com › dictionary › affiliate-transaction"
    }
  ],
  "answer_box": {
    "type": "organic_result",
    "title": "Affiliated entity — AccountingTools",
    "date": "Mar 11, 2018",
    "link": "https://www.accountingtools.com/articles/2018/3/11/affiliated-entity",
    "snippet": "An affiliated entity is an organization that directly or indirectly controls another entity, or is directly or indirectly controlled by another entity, or which is under common control alongside another entity. Thus, an affiliated entity could be a parent company or a subsidiary company."
  },
  "organic_results": [
    {
      "position": 1,
      "title": "Subsidiary vs. Affiliate: What's the Difference? - Investopedia",
      "link": "https://www.investopedia.com/ask/answers/06/subsidiaries.asp",
      "displayed_link": "www.investopedia.com › Business › Business Essentials",
      "date": "Apr 14, 2019",
      "snippet": "Depending on the level of ownership an entity has in a connected business, they may be termed as an affiliate, associate, or subsidiary of a ...",
      "cached_page_link": "https://webcache.googleusercontent.com/search?q=cache:zZ7MG_A6QKQJ:https://www.investopedia.com/ask/answers/06/subsidiaries.asp+&cd=9&hl=en&ct=clnk&gl=us"
    },
    {
      "position": 2,
      "title": "Affiliated Companies Definition - Investopedia",
      "link": "https://www.investopedia.com/terms/a/affiliatedcompanies.asp",
      "displayed_link": "www.investopedia.com › ... › Mergers & Acquisitions",
      "date": "Jun 1, 2019",
      "snippet": "Companies are affiliated when one company is a minority shareholder of ... But subsidiaries remain separate legal entities from their parents, ...",
      "cached_page_link": "https://webcache.googleusercontent.com/search?q=cache:drz_xtqb7S4J:https://www.investopedia.com/terms/a/affiliatedcompanies.asp+&cd=10&hl=en&ct=clnk&gl=us"
    },
    {
      "position": 3,
      "title": "Affiliated entity — AccountingTools",
      "link": "https://www.accountingtools.com/articles/2018/3/11/affiliated-entity",
      "displayed_link": "www.accountingtools.com › articles › affiliated-entity",
      "date": "Mar 11, 2018",
      "snippet": "An affiliated entity is an organization that directly or indirectly controls another entity, or is directly or indirectly controlled by another entity, or which is under common control alongside another entity. Thus, an affiliated entity could be a parent company or a subsidiary company.",
      "cached_page_link": "https://webcache.googleusercontent.com/search?q=cache:b8FxpnSet5gJ:https://www.accountingtools.com/articles/2018/3/11/affiliated-entity+&cd=11&hl=en&ct=clnk&gl=us"
    },
    {
      "position": 4,
      "title": "Affiliated Entity | legal definition of Affiliated Entity by Law Insider",
      "link": "https://www.lawinsider.com/dictionary/affiliated-entity",
      "displayed_link": "www.lawinsider.com › Dictionary",
      "snippet": "Affiliated Entity means any corporation, partnership, limited liability company or other form of legal entity in which a majority of the partnership or other similar ...",
      "cached_page_link": "https://webcache.googleusercontent.com/search?q=cache:vE87dQIT-dEJ:https://www.lawinsider.com/dictionary/affiliated-entity+&cd=12&hl=en&ct=clnk&gl=us"
    },
    {
      "position": 5,
      "title": "What Is an Affiliate in the Business World?",
      "link": "https://www.thebalancesmb.com/affiliates-and-affiliate-agreements-in-business-398119",
      "displayed_link": "www.thebalancesmb.com › ... › Business Law & Taxes › Glossary",
      "snippet": "An affiliate, in general business terms, is an \"official attachment\" of one business entity to another. Official attachment implies a contract or agreement of some ...",
      "cached_page_link": "https://webcache.googleusercontent.com/search?q=cache:0BSVcKFP3WQJ:https://www.thebalancesmb.com/affiliates-and-affiliate-agreements-in-business-398119+&cd=13&hl=en&ct=clnk&gl=us"
    },
    {
      "position": 6,
      "title": "Are You Confused by the Terms: Subsidiary, Affiliate, Division ...",
      "link": "http://www.stellarrisk.com/are-you-confused-by-the-terms-subsidiary-affiliate-division-and-others/",
      "displayed_link": "www.stellarrisk.com › are-you-confused-by-the-terms-subsidiary-affil...",
      "snippet": "For example, two terms which often get interchanged are “affiliate” and “subsidiary”. ... The parent company establishes ownership by either creating the entity or ...",
      "cached_page_link": "http://webcache.googleusercontent.com/search?q=cache:0tx5Mx4cs6EJ:www.stellarrisk.com/are-you-confused-by-the-terms-subsidiary-affiliate-division-and-others/+&cd=14&hl=en&ct=clnk&gl=us"
    },
    {
      "position": 7,
      "title": "Affiliate | Practical Law - Westlaw",
      "link": "https://content.next.westlaw.com/1-382-3221?transitionType=Default&contextData=(sc.Default)&__lrTS=20200117133025626",
      "displayed_link": "content.next.westlaw.com › ...",
      "date": "4 days ago",
      "snippet": "It excludes entities holding securities in a fiduciary or agency ... An affiliate is also an entity whose business or substantially all of whose ...",
      "cached_page_link": "https://webcache.googleusercontent.com/search?q=cache:vaEYcHCD7VMJ:https://content.next.westlaw.com/1-382-3221%3FtransitionType%3DDefault%26contextData%3D(sc.Default)%26__lrTS%3D20200117133025626+&cd=15&hl=en&ct=clnk&gl=us"
    },
    {
      "position": 8,
      "title": "Legal Definition of Affiliate: Everything You Need to Know",
      "link": "https://www.upcounsel.com/legal-definition-of-affiliate",
      "displayed_link": "www.upcounsel.com › legal-definition-of-affiliate",
      "snippet": "It is quite possible that existing (or future) affiliates from the opposing side are competitors or an entity you'd prefer to not associate or conduct business with.",
      "cached_page_link": "https://webcache.googleusercontent.com/search?q=cache:BmD_2vpG3sIJ:https://www.upcounsel.com/legal-definition-of-affiliate+&cd=16&hl=en&ct=clnk&gl=us"
    },
    {
      "position": 9,
      "title": "Affiliated Companies Clauses: Everything You Need to Know",
      "link": "https://www.upcounsel.com/affiliated-companies-clause",
      "displayed_link": "www.upcounsel.com › affiliated-companies-clause",
      "snippet": "An affiliated companies clause is applicable to any subsidiary or parent company of an organization. An affiliated company may be an entity that already exists, ...",
      "cached_page_link": "https://webcache.googleusercontent.com/search?q=cache:VFsYTtHWpk4J:https://www.upcounsel.com/affiliated-companies-clause+&cd=17&hl=en&ct=clnk&gl=us"
    },
    {
      "position": 10,
      "title": "Affiliate (commerce) - Wikipedia",
      "link": "https://en.wikipedia.org/wiki/Affiliate_(commerce)",
      "displayed_link": "en.wikipedia.org › wiki › Affiliate_(commerce)",
      "snippet": "The term affiliate is used to describe the relationship between two entities wherein one owns less than a majority stake in the other's stock. Affiliations can also ...",
      "cached_page_link": "https://webcache.googleusercontent.com/search?q=cache:jH6sXgpV_x0J:https://en.wikipedia.org/wiki/Affiliate_(commerce)+&cd=18&hl=en&ct=clnk&gl=us",
      "related_pages_link": "https://www.google.com/search?q=related:https://en.wikipedia.org/wiki/Affiliate_(commerce)+affiliate+entity&tbo=1&sa=X&ved=2ahUKEwjmufG37JTnAhUYXc0KHXbqBDoQHzARegQIAhAJ"
    }
  ],
  "related_searches": [
    {
      "query": "affiliated companies examples",
      "link": "https://www.google.com/search?q=affiliated+companies+examples&sa=X&ved=2ahUKEwjmufG37JTnAhUYXc0KHXbqBDoQ1QIoAHoECA4QAQ"
    },
    {
      "query": "legal definition of affiliate",
      "link": "https://www.google.com/search?q=legal+definition+of+affiliate&sa=X&ved=2ahUKEwjmufG37JTnAhUYXc0KHXbqBDoQ1QIoAXoECA4QAg"
    },
    {
      "query": "what are affiliates",
      "link": "https://www.google.com/search?q=what+are+affiliates&sa=X&ved=2ahUKEwjmufG37JTnAhUYXc0KHXbqBDoQ1QIoAnoECA4QAw"
    },
    {
      "query": "affiliate company definition uk",
      "link": "https://www.google.com/search?q=affiliate+company+definition+uk&sa=X&ved=2ahUKEwjmufG37JTnAhUYXc0KHXbqBDoQ1QIoA3oECA4QBA"
    },
    {
      "query": "subsidiary company",
      "link": "https://www.google.com/search?q=subsidiary+company&sa=X&ved=2ahUKEwjmufG37JTnAhUYXc0KHXbqBDoQ1QIoBHoECA4QBQ"
    },
    {
      "query": "company affiliation example",
      "link": "https://www.google.com/search?q=company+affiliation+example&sa=X&ved=2ahUKEwjmufG37JTnAhUYXc0KHXbqBDoQ1QIoBXoECA4QBg"
    },
    {
      "query": "parent affiliate",
      "link": "https://www.google.com/search?q=parent+affiliate&sa=X&ved=2ahUKEwjmufG37JTnAhUYXc0KHXbqBDoQ1QIoBnoECA4QBw"
    },
    {
      "query": "affiliated undertaking",
      "link": "https://www.google.com/search?q=affiliated+undertaking&sa=X&ved=2ahUKEwjmufG37JTnAhUYXc0KHXbqBDoQ1QIoB3oECA4QCA"
    }
  ],
  "pagination": {
    "current": 1,
    "next": "https://www.google.com/search?q=affiliate+entity&ei=GAMnXubNHZi6tQb21JPQAw&start=10&sa=N&ved=2ahUKEwjmufG37JTnAhUYXc0KHXbqBDoQ8NMDegQIDRA_",
    "other_pages": {
      "2": "https://www.google.com/search?q=affiliate+entity&ei=GAMnXubNHZi6tQb21JPQAw&start=10&sa=N&ved=2ahUKEwjmufG37JTnAhUYXc0KHXbqBDoQ8tMDegQIDRAt",
      "3": "https://www.google.com/search?q=affiliate+entity&ei=GAMnXubNHZi6tQb21JPQAw&start=20&sa=N&ved=2ahUKEwjmufG37JTnAhUYXc0KHXbqBDoQ8tMDegQIDRAv",
      "4": "https://www.google.com/search?q=affiliate+entity&ei=GAMnXubNHZi6tQb21JPQAw&start=30&sa=N&ved=2ahUKEwjmufG37JTnAhUYXc0KHXbqBDoQ8tMDegQIDRAx",
      "5": "https://www.google.com/search?q=affiliate+entity&ei=GAMnXubNHZi6tQb21JPQAw&start=40&sa=N&ved=2ahUKEwjmufG37JTnAhUYXc0KHXbqBDoQ8tMDegQIDRAz",
      "6": "https://www.google.com/search?q=affiliate+entity&ei=GAMnXubNHZi6tQb21JPQAw&start=50&sa=N&ved=2ahUKEwjmufG37JTnAhUYXc0KHXbqBDoQ8tMDegQIDRA1",
      "7": "https://www.google.com/search?q=affiliate+entity&ei=GAMnXubNHZi6tQb21JPQAw&start=60&sa=N&ved=2ahUKEwjmufG37JTnAhUYXc0KHXbqBDoQ8tMDegQIDRA3",
      "8": "https://www.google.com/search?q=affiliate+entity&ei=GAMnXubNHZi6tQb21JPQAw&start=70&sa=N&ved=2ahUKEwjmufG37JTnAhUYXc0KHXbqBDoQ8tMDegQIDRA5",
      "9": "https://www.google.com/search?q=affiliate+entity&ei=GAMnXubNHZi6tQb21JPQAw&start=80&sa=N&ved=2ahUKEwjmufG37JTnAhUYXc0KHXbqBDoQ8tMDegQIDRA7",
      "10": "https://www.google.com/search?q=affiliate+entity&ei=GAMnXubNHZi6tQb21JPQAw&start=90&sa=N&ved=2ahUKEwjmufG37JTnAhUYXc0KHXbqBDoQ8tMDegQIDRA9"
    }
  },
  "serpapi_pagination": {
    "current": 1,
    "next_link": "https://serpapi.com/search.json?device=desktop&engine=google&google_domain=google.com&q=affiliate+entity&start=10&token=1706feb3c8cd9a03",
    "next": "https://serpapi.com/search.json?device=desktop&engine=google&google_domain=google.com&q=affiliate+entity&start=10&token=1706feb3c8cd9a03",
    "other_pages": {
      "2": "https://serpapi.com/search.json?device=desktop&engine=google&google_domain=google.com&q=affiliate+entity&start=10&token=1706feb3c8cd9a03",
      "3": "https://serpapi.com/search.json?device=desktop&engine=google&google_domain=google.com&q=affiliate+entity&start=20&token=f8c2875aff4b89d1",
      "4": "https://serpapi.com/search.json?device=desktop&engine=google&google_domain=google.com&q=affiliate+entity&start=30&token=198e4e1258f135c8",
      "5": "https://serpapi.com/search.json?device=desktop&engine=google&google_domain=google.com&q=affiliate+entity&start=40&token=e471c201f55d130e",
      "6": "https://serpapi.com/search.json?device=desktop&engine=google&google_domain=google.com&q=affiliate+entity&start=50&token=b904b4231a83621d",
      "7": "https://serpapi.com/search.json?device=desktop&engine=google&google_domain=google.com&q=affiliate+entity&start=60&token=872a383d51d4ad45",
      "8": "https://serpapi.com/search.json?device=desktop&engine=google&google_domain=google.com&q=affiliate+entity&start=70&token=c99f689b799866dc",
      "9": "https://serpapi.com/search.json?device=desktop&engine=google&google_domain=google.com&q=affiliate+entity&start=80&token=bec7bc8757667a5a",
      "10": "https://serpapi.com/search.json?device=desktop&engine=google&google_domain=google.com&q=affiliate+entity&start=90&token=174f94e83a0813c2"
    }
  }
}