{
  "search_metadata": {
    "id": "",
    "status": "Success",
    "json_endpoint": "",
    "created_at": "2020-01-21 03:35:27 UTC",
    "processed_at": "2020-01-21 03:35:27 UTC",
    "google_url": "https://www.google.com/search?q=affiliate+wordpress+plugin&oq=affiliate+wordpress+plugin&sourceid=chrome&ie=UTF-8",
    "raw_html_file": "",
    "total_time_taken": 1.83
  },
  "search_parameters": {
    "engine": "google",
    "q": "affiliate wordpress plugin",
    "google_domain": "google.com",
    "device": "desktop"
  },
  "search_information": {
    "organic_results_state": "Results for exact spelling",
    "total_results": 21200000,
    "time_taken_displayed": 0.34,
    "query_displayed": "affiliate wordpress plugin"
  },
  "knowledge_graph": {},
  "related_questions": [
    {
      "question": "What is the best affiliate plugin for WordPress?",
      "snippet": "SEMRush is one of the best SEO tools on the market. ... WPForms is the most beginner-friendly WordPress contact form plugin. ... AdSanity is the best ad management plugin for WordPress. ... Affiliate Royale is a powerful affiliate tracking and management tool for businesses that want to start their own affiliate program.Más elementos...•8 feb. 2018",
      "title": "10 Best Affiliate Marketing Tools and Plugins for WordPress",
      "link": "https://www.wpbeginner.com/showcase/10-best-affiliate-marketing-tools-and-plugins-for-wordpress/",
      "displayed_link": "www.wpbeginner.com › showcase › 10-best-affiliate-marketing-tools-an..."
    },
    {
      "question": "How do I create an affiliate program on WordPress?",
      "snippet": "How to Set Up Affiliate or Referral Program on Your WordPress SiteStep 1: Install the Plugin. ... Step 2: Define Your Settings. ... Step 3: Finish Setting Up Your Pages. ... Step 4: Integrate with Your Other Plugins. ... Step 5: Create Your Affiliate Links or Ads. ... Step 6: Acquaint Yourself with the Dashboard and Start Paying.4 may. 2018",
      "title": "How to Set Up an Affiliate or Referral Program on Your WordPress Site",
      "link": "https://premium.wpmudev.org/blog/how-to-set-up-an-affiliate-or-referral-program-on-your-wordpress-site/",
      "displayed_link": "premium.wpmudev.org › blog › how-to-set-up-an-affiliate-or-referral-p..."
    },
    {
      "question": "Is WordPress good for affiliate marketing?",
      "snippet": "WordPress.com is not a good idea for an affiliate marketing site or blog. WordPress.com is a free hosting site, and it has a lot of good points, but it is not entirely suitable for affiliate marketing. ... You can't use certain plugins that could help you to optimise your site for SEO.20 jun. 2017",
      "title": "Affiliate Marketing On A WordPress.com Site: Is It A Good Idea ...",
      "link": "https://thirstyaffiliates.com/optimizing-results/affiliate-marketing-wordpress-com-site-good-idea",
      "displayed_link": "thirstyaffiliates.com › optimizing-results › affiliate-marketing-wordpress..."
    },
    {
      "question": "Does WooCommerce have an affiliate program?",
      "snippet": "With a simple plugin you can immediately add an affiliate marketing program to your WooCommerce website, give registered affiliates their own dashboard with statistics and revenue, pay them via PayPal or Stripe either manually, immediately or monthly and basically do absolutely no coding or complex set up.",
      "title": "WooCommerce: How to Run an Affiliate / Referral Program?",
      "link": "https://businessbloomer.com/woocommerce-how-to-run-an-affiliate-referral-program/",
      "displayed_link": "businessbloomer.com › woocommerce-how-to-run-an-affiliate-referral-..."
    }
  ],
  "organic_results": [
    {
      "position": 1,
      "title": "AffiliateWP - Affiliate Plugin for WordPress",
      "link": "https://affiliatewp.com/",
      "displayed_link": "affiliatewp.com",
      "snippet": "AffiliateWP is the easiest and best affiliate management plugin for WordPress.",
      "sitelinks": {
        "inline": [
          {
            "title": "WooCommerce",
            "link": "https://affiliatewp.com/integrations/woocommerce/"
          },
          {
            "title": "Pricing",
            "link": "https://affiliatewp.com/pricing/"
          },
          {
            "title": "Screenshots",
            "link": "https://affiliatewp.com/screenshots/"
          },
          {
            "title": "Account",
            "link": "https://affiliatewp.com/account/"
          }
        ]
      },
      "cached_page_link": "https://webcache.googleusercontent.com/search?q=cache:PSZm2IwoojwJ:https://affiliatewp.com/+&cd=1&hl=es&ct=clnk&gl=es",
      "related_pages_link": "https://www.google.com/search?q=related:https://affiliatewp.com/+affiliate+wordpress+plugin&tbo=1&sa=X&ved=2ahUKEwiZpvfK4ZPnAhVGh1wKHVAOClcQHzAAegQIBRAH"
    },
    {
      "position": 2,
      "title": "The 10 Best Affiliate WordPress Plugins - WPExplorer",
      "link": "https://www.wpexplorer.com/best-affiliate-wordpress-plugins/",
      "displayed_link": "www.wpexplorer.com › Plugin Collections",
      "date": "30 sept. 2019",
      "snippet": "The best affiliate WordPress plugins. Learn about the best WordPress plugins to create & manage a full-featured affiliate program, increase ...",
      "cached_page_link": "https://webcache.googleusercontent.com/search?q=cache:7bp4UPbZ2aQJ:https://www.wpexplorer.com/best-affiliate-wordpress-plugins/+&cd=2&hl=es&ct=clnk&gl=es"
    },
    {
      "position": 3,
      "title": "Plugins categorized as affiliate plugin | WordPress.org Español",
      "link": "https://es.wordpress.org/plugins/tags/affiliate-plugin/",
      "displayed_link": "es.wordpress.org › plugins › tags › affiliate-plugin",
      "snippet": "El plugin Affiliates Manager puede ayudarte a gestionar tu programa de afiliados para llevar más… wp.insider, wpaffiliatemgr 10.000+ instalaciones activas ...",
      "cached_page_link": "https://webcache.googleusercontent.com/search?q=cache:xhGK6sHzecEJ:https://es.wordpress.org/plugins/tags/affiliate-plugin/+&cd=3&hl=es&ct=clnk&gl=es"
    },
    {
      "position": 4,
      "title": "Affiliates Manager – WordPress plugin | WordPress.org",
      "link": "https://wordpress.org/plugins/affiliates-manager/",
      "displayed_link": "wordpress.org › WordPress Plugins",
      "snippet": "Description. Running your WordPress site with an e-Commerce plugin or solution? WP Affiliate Manager can help you manage an affiliate marketing program to ...",
      "rich_snippet": {
        "top": {
          "detected_extensions": {
            "valoracion": 45,
            "votos": 45
          },
          "extensions": [
            "Valoración: 4,5",
            "45 votos",
            "Gratis"
          ]
        }
      },
      "cached_page_link": "https://webcache.googleusercontent.com/search?q=cache:uBf2VTOs6SMJ:https://wordpress.org/plugins/affiliates-manager/+&cd=4&hl=es&ct=clnk&gl=es",
      "related_pages_link": "https://www.google.com/search?q=related:https://wordpress.org/plugins/affiliates-manager/+affiliate+wordpress+plugin&tbo=1&sa=X&ved=2ahUKEwiZpvfK4ZPnAhVGh1wKHVAOClcQHzADegQIAxAL"
    },
    {
      "position": 5,
      "title": "13 Best WordPress Affiliate Plugins | Elegant Themes Blog",
      "link": "https://www.elegantthemes.com/blog/wordpress/best-wordpress-affiliate-plugins",
      "displayed_link": "www.elegantthemes.com › blog › best-wordpress-...",
      "date": "12 ene. 2019",
      "snippet": "In this article, we'll look at the 13 best WordPress affiliate plugins. Many have both a free and a pro version. I'm providing the prices for the ...",
      "cached_page_link": "https://webcache.googleusercontent.com/search?q=cache:VIn7wXdllLwJ:https://www.elegantthemes.com/blog/wordpress/best-wordpress-affiliate-plugins+&cd=5&hl=es&ct=clnk&gl=es"
    },
    {
      "position": 6,
      "title": "Amazon Affiliate WordPress Plugin",
      "link": "https://getaawp.com/",
      "displayed_link": "getaawp.com",
      "snippet": "Amazon Affiliate for WordPress is the best plugin to advertise Amazon products and earn commissions by using product boxes and Amazon bestseller lists.",
      "cached_page_link": "https://webcache.googleusercontent.com/search?q=cache:wm5AWarHiJoJ:https://getaawp.com/+&cd=14&hl=es&ct=clnk&gl=es"
    },
    {
      "position": 7,
      "title": "NEW! 12 Best WordPress Affiliate Plugins for 2020 - WPForms",
      "link": "https://wpforms.com/best-wordpress-affiliate-plugins/",
      "displayed_link": "wpforms.com › best-wordpress-affiliate-plugins",
      "date": "11 oct. 2019",
      "snippet": "Looking for WordPress affiliate plugins to skyrocket your online sales? Check out our hand-picked list of the very best affiliate marketing tools ...",
      "cached_page_link": "https://webcache.googleusercontent.com/search?q=cache:TXjTauqEQd0J:https://wpforms.com/best-wordpress-affiliate-plugins/+&cd=15&hl=es&ct=clnk&gl=es"
    },
    {
      "position": 8,
      "title": "WordPress Affiliate Manager",
      "link": "https://wpaffiliatemanager.com/",
      "displayed_link": "wpaffiliatemanager.com",
      "snippet": "Running your WordPress site with an e-Commerce plugin or solution? or Maybe you are running a membership site? WP Affiliate Manager can help you ...",
      "cached_page_link": "https://webcache.googleusercontent.com/search?q=cache:HgCnyDWx_JYJ:https://wpaffiliatemanager.com/+&cd=16&hl=es&ct=clnk&gl=es",
      "related_pages_link": "https://www.google.com/search?q=related:https://wpaffiliatemanager.com/+affiliate+wordpress+plugin&tbo=1&sa=X&ved=2ahUKEwiZpvfK4ZPnAhVGh1wKHVAOClcQHzAPegQICRAH"
    },
    {
      "position": 9,
      "title": "Comparativa de los Mejores Plugins de Afiliados para ...",
      "link": "https://code.tutsplus.com/es/tutorials/best-affiliate-woocommerce-plugins-compared--cms-29556",
      "displayed_link": "code.tutsplus.com › tutorials › best-affiliate-woocommerce-plugins-co...",
      "date": "26 jun. 2019",
      "snippet": "Empecemos con el plugin Ultimate Affiliate Pro WordPress. Es posiblemente uno de los plugins de afiliados para WooCommerce más robustos ...",
      "cached_page_link": "https://webcache.googleusercontent.com/search?q=cache:_YMVSe7INmkJ:https://code.tutsplus.com/es/tutorials/best-affiliate-woocommerce-plugins-compared--cms-29556+&cd=17&hl=es&ct=clnk&gl=es"
    },
    {
      "position": 10,
      "title": "10 Best Affiliate Marketing Tools and Plugins for WordPress",
      "link": "https://www.wpbeginner.com/showcase/10-best-affiliate-marketing-tools-and-plugins-for-wordpress/",
      "displayed_link": "www.wpbeginner.com › Blog › Showcase",
      "date": "8 oct. 2019",
      "snippet": "Are you looking for the best affiliate marketing tools and plugins? Affiliate marketing is a smart way to make money online by promoting ...",
      "cached_page_link": "https://webcache.googleusercontent.com/search?q=cache:L5mXZ_1c8MoJ:https://www.wpbeginner.com/showcase/10-best-affiliate-marketing-tools-and-plugins-for-wordpress/+&cd=18&hl=es&ct=clnk&gl=es"
    }
  ],
  "related_searches": [
    {
      "query": "affiliate marketing wordpress",
      "link": "https://www.google.com/search?q=affiliate+marketing+wordpress&sa=X&ved=2ahUKEwiZpvfK4ZPnAhVGh1wKHVAOClcQ1QIoAHoECAwQAQ"
    },
    {
      "query": "affiliate software wordpress",
      "link": "https://www.google.com/search?q=affiliate+software+wordpress&sa=X&ved=2ahUKEwiZpvfK4ZPnAhVGh1wKHVAOClcQ1QIoAXoECAwQAg"
    },
    {
      "query": "wordpress affiliate manager",
      "link": "https://www.google.com/search?q=wordpress+affiliate+manager&sa=X&ved=2ahUKEwiZpvfK4ZPnAhVGh1wKHVAOClcQ1QIoAnoECAwQAw"
    },
    {
      "query": "affiliates pro",
      "link": "https://www.google.com/search?q=affiliates+pro&sa=X&ved=2ahUKEwiZpvfK4ZPnAhVGh1wKHVAOClcQ1QIoA3oECAwQBA"
    },
    {
      "query": "affiliate wp gratis",
      "link": "https://www.google.com/search?q=affiliate+wp+gratis&sa=X&ved=2ahUKEwiZpvfK4ZPnAhVGh1wKHVAOClcQ1QIoBHoECAwQBQ"
    },
    {
      "query": "woocommerce affiliate",
      "link": "https://www.google.com/search?q=woocommerce+affiliate&sa=X&ved=2ahUKEwiZpvfK4ZPnAhVGh1wKHVAOClcQ1QIoBXoECAwQBg"
    },
    {
      "query": "plugin referidos wordpress",
      "link": "https://www.google.com/search?q=plugin+referidos+wordpress&sa=X&ved=2ahUKEwiZpvfK4ZPnAhVGh1wKHVAOClcQ1QIoBnoECAwQBw"
    },
    {
      "query": "best wordpress affiliate plugin",
      "link": "https://www.google.com/search?q=best+wordpress+affiliate+plugin&sa=X&ved=2ahUKEwiZpvfK4ZPnAhVGh1wKHVAOClcQ1QIoB3oECAwQCA"
    }
  ],
  "pagination": {
    "current": 1,
    "next": "https://www.google.com/search?q=affiliate+wordpress+plugin&ei=f3EmXtnqNsaO8gLQnKi4BQ&start=10&sa=N&ved=2ahUKEwiZpvfK4ZPnAhVGh1wKHVAOClcQ8NMDegQIDRBN",
    "other_pages": {
      "2": "https://www.google.com/search?q=affiliate+wordpress+plugin&ei=f3EmXtnqNsaO8gLQnKi4BQ&start=10&sa=N&ved=2ahUKEwiZpvfK4ZPnAhVGh1wKHVAOClcQ8tMDegQIDRA7",
      "3": "https://www.google.com/search?q=affiliate+wordpress+plugin&ei=f3EmXtnqNsaO8gLQnKi4BQ&start=20&sa=N&ved=2ahUKEwiZpvfK4ZPnAhVGh1wKHVAOClcQ8tMDegQIDRA9",
      "4": "https://www.google.com/search?q=affiliate+wordpress+plugin&ei=f3EmXtnqNsaO8gLQnKi4BQ&start=30&sa=N&ved=2ahUKEwiZpvfK4ZPnAhVGh1wKHVAOClcQ8tMDegQIDRA_",
      "5": "https://www.google.com/search?q=affiliate+wordpress+plugin&ei=f3EmXtnqNsaO8gLQnKi4BQ&start=40&sa=N&ved=2ahUKEwiZpvfK4ZPnAhVGh1wKHVAOClcQ8tMDegQIDRBB",
      "6": "https://www.google.com/search?q=affiliate+wordpress+plugin&ei=f3EmXtnqNsaO8gLQnKi4BQ&start=50&sa=N&ved=2ahUKEwiZpvfK4ZPnAhVGh1wKHVAOClcQ8tMDegQIDRBD",
      "7": "https://www.google.com/search?q=affiliate+wordpress+plugin&ei=f3EmXtnqNsaO8gLQnKi4BQ&start=60&sa=N&ved=2ahUKEwiZpvfK4ZPnAhVGh1wKHVAOClcQ8tMDegQIDRBF",
      "8": "https://www.google.com/search?q=affiliate+wordpress+plugin&ei=f3EmXtnqNsaO8gLQnKi4BQ&start=70&sa=N&ved=2ahUKEwiZpvfK4ZPnAhVGh1wKHVAOClcQ8tMDegQIDRBH",
      "9": "https://www.google.com/search?q=affiliate+wordpress+plugin&ei=f3EmXtnqNsaO8gLQnKi4BQ&start=80&sa=N&ved=2ahUKEwiZpvfK4ZPnAhVGh1wKHVAOClcQ8tMDegQIDRBJ",
      "10": "https://www.google.com/search?q=affiliate+wordpress+plugin&ei=f3EmXtnqNsaO8gLQnKi4BQ&start=90&sa=N&ved=2ahUKEwiZpvfK4ZPnAhVGh1wKHVAOClcQ8tMDegQIDRBL"
    }
  },
  "serpapi_pagination": {
    "current": 1,
    "next_link": "https://serpapi.com/search.json?device=desktop&engine=google&google_domain=google.com&q=affiliate+wordpress+plugin&start=10&token=1b5cb0f3849d367b",
    "next": "https://serpapi.com/search.json?device=desktop&engine=google&google_domain=google.com&q=affiliate+wordpress+plugin&start=10&token=1b5cb0f3849d367b",
    "other_pages": {
      "2": "https://serpapi.com/search.json?device=desktop&engine=google&google_domain=google.com&q=affiliate+wordpress+plugin&start=10&token=1b5cb0f3849d367b",
      "3": "https://serpapi.com/search.json?device=desktop&engine=google&google_domain=google.com&q=affiliate+wordpress+plugin&start=20&token=2db0b1938cfb2a61",
      "4": "https://serpapi.com/search.json?device=desktop&engine=google&google_domain=google.com&q=affiliate+wordpress+plugin&start=30&token=7f006ab87e0c0cb7",
      "5": "https://serpapi.com/search.json?device=desktop&engine=google&google_domain=google.com&q=affiliate+wordpress+plugin&start=40&token=d7cac0d7599e0614",
      "6": "https://serpapi.com/search.json?device=desktop&engine=google&google_domain=google.com&q=affiliate+wordpress+plugin&start=50&token=4431e22a83f30454",
      "7": "https://serpapi.com/search.json?device=desktop&engine=google&google_domain=google.com&q=affiliate+wordpress+plugin&start=60&token=87e2486baa471bcf",
      "8": "https://serpapi.com/search.json?device=desktop&engine=google&google_domain=google.com&q=affiliate+wordpress+plugin&start=70&token=30e6123bb9be1154",
      "9": "https://serpapi.com/search.json?device=desktop&engine=google&google_domain=google.com&q=affiliate+wordpress+plugin&start=80&token=eb8b77e58b7d5d84",
      "10": "https://serpapi.com/search.json?device=desktop&engine=google&google_domain=google.com&q=affiliate+wordpress+plugin&start=90&token=80ea52f035c96474"
    }
  }
}