{
  "search_metadata": {
    "id": "",
    "status": "Success",
    "json_endpoint": "",
    "created_at": "2020-01-21 15:17:54 UTC",
    "processed_at": "2020-01-21 15:17:54 UTC",
    "google_url": "https://www.google.com/search?q=affiliate+coupon+codes&oq=affiliate+coupon+codes&sourceid=chrome&ie=UTF-8",
    "raw_html_file": "",
    "total_time_taken": 1.74
  },
  "search_parameters": {
    "engine": "google",
    "q": "affiliate coupon codes",
    "google_domain": "google.com",
    "device": "desktop"
  },
  "search_information": {
    "organic_results_state": "Results for exact spelling",
    "total_results": 61100000,
    "time_taken_displayed": 0.48,
    "query_displayed": "affiliate coupon codes"
  },
  "knowledge_graph": {},
  "related_questions": [
    {
      "question": "How do I get Google promo codes?",
      "snippet": "Where to enter your promotional codeSign in to your Google Ads account.Click the tools icon and choose Billing & payments.Click Settings from the menu on the left.Scroll to the bottom of the page, then click Manage promotional codes.Enter your promotional code.Click Save.",
      "title": "Use your promotional codes (coupons) - Google Ads Help",
      "link": "https://support.google.com/google-ads/answer/1703648?hl=en",
      "displayed_link": "support.google.com › google-ads › answer"
    },
    {
      "question": "What is an affiliate code?",
      "snippet": "Affiliate code is a unique code of 3-5 letters and a key mechanism in registering the clients referred by an Affiliate to InstaForex Company. Affiliate code in work: ... Paying the commissions to the Affiliate from the trades conducted by the client of his affiliate group.",
      "title": "Affiliate Code - InstaForex",
      "link": "https://www.instaforex.com/partners_code.php",
      "displayed_link": "www.instaforex.com › partners_code"
    },
    {
      "question": "How do I create a coupon affiliate website?",
      "snippet": "2:116:36Suggested clip · 116 secondsHow To Build A Coupon Website On WordPress - YouTubeYouTubeStart of suggested clipEnd of suggested clip",
      "title": "How To Build A Coupon Website On WordPress - YouTube",
      "link": "https://www.youtube.com/watch?v=m19DhMpz0Jk",
      "displayed_link": "www.youtube.com › watch"
    },
    {
      "question": "How do I get an Amazon promotional code?",
      "snippet": "From WebsitesGo to sites like RetailMeNot, Tech Bargains, Deal Coupon, Current Codes and Savings.com. ... Enter “Amazon” into the search bar on the sites.Look for the coupon you would like to use.Evaluate the likelihood of the promotional code working. ... Click on the “Use this Coupon” or “Activate” button.More items...",
      "title": "How to Get Amazon Promotional Codes (with Pictures) - wikiHow",
      "link": "https://www.wikihow.com/Get-Amazon-Promotional-Codes",
      "displayed_link": "www.wikihow.com › Get-Amazon-Promotional-Codes"
    }
  ],
  "organic_results": [
    {
      "position": 1,
      "title": "How to find affiliate coupon codes - Affiliates - Namecheap.com",
      "link": "https://www.namecheap.com/support/knowledgebase/article.aspx/10011/55/how-to-find-affiliate-coupon-codes",
      "displayed_link": "www.namecheap.com › support › knowledgebase › article.aspx › ho...",
      "snippet": "How to find affiliate coupon codes. Finding coupon codes to use in your affiliate marketing efforts is an easy task. Below you can check the steps for each of the ...",
      "cached_page_link": "https://webcache.googleusercontent.com/search?q=cache:Okr7UkM60n0J:https://www.namecheap.com/support/knowledgebase/article.aspx/10011/55/how-to-find-affiliate-coupon-codes+&cd=1&hl=en&ct=clnk&gl=us"
    },
    {
      "position": 2,
      "title": "The Marketer's Playbook for Working with Coupon Affiliate ...",
      "link": "https://www.wordstream.com/blog/ws/2018/05/18/coupon-affiliate-programs",
      "displayed_link": "www.wordstream.com › blog › 2018/05/18 › coupon-affiliate-progra...",
      "date": "Aug 19, 2019",
      "snippet": "The Marketer's Playbook for Working with Coupon Affiliate Websites ... Some less trustworthy sites may display promo codes for your brand ...",
      "cached_page_link": "https://webcache.googleusercontent.com/search?q=cache:F-4gjuYzJOgJ:https://www.wordstream.com/blog/ws/2018/05/18/coupon-affiliate-programs+&cd=2&hl=en&ct=clnk&gl=us"
    },
    {
      "position": 3,
      "title": "The Beginner's Guide to Working With Coupon Affiliate Sites",
      "link": "https://bootstrappingecommerce.com/coupon-affiliate-sites/",
      "displayed_link": "bootstrappingecommerce.com › coupon-affiliate-sites",
      "date": "May 21, 2018",
      "snippet": "With coupon affiliate marketing, you partner up with affiliate networks, who distribute your promo codes to large coupon websites. Some examples of these affiliate networks include: CJ Affiliate (formerly Commission Junction) ShareASale.",
      "cached_page_link": "https://webcache.googleusercontent.com/search?q=cache:IIh5g0NYN70J:https://bootstrappingecommerce.com/coupon-affiliate-sites/+&cd=3&hl=en&ct=clnk&gl=us"
    },
    {
      "position": 4,
      "title": "Affiliate Coupons, Promo Codes & Deals - January 2020",
      "link": "https://www.retailmenot.com/coupons/affiliate",
      "displayed_link": "www.retailmenot.com › coupons › affiliate",
      "snippet": "Save with Affiliate coupons, coupon codes, sales for great discounts in January 2020.",
      "related_pages_link": "https://www.google.com/search?q=related:https://www.retailmenot.com/coupons/affiliate+affiliate+coupon+codes&tbo=1&sa=X&ved=2ahUKEwjIq6LM_pTnAhWoUN4KHfVABkcQHzADegQIAxAK"
    },
    {
      "position": 5,
      "title": "How To Get Started With Affiliate Coupon and Deal Sites - Tinuiti",
      "link": "https://tinuiti.com/blog/affiliate-marketing/affiliate-coupon-marketing/",
      "displayed_link": "tinuiti.com › blog › affiliate-marketing › affiliate-coupon-marketing",
      "date": "Jan 23, 2019",
      "snippet": "When considering affiliate coupon marketing, most brands choose to ... by brands and category and provide users with a coupon code to use ...",
      "cached_page_link": "https://webcache.googleusercontent.com/search?q=cache:aV5uefLk2S4J:https://tinuiti.com/blog/affiliate-marketing/affiliate-coupon-marketing/+&cd=5&hl=en&ct=clnk&gl=us"
    },
    {
      "position": 6,
      "title": "What are Affiliate-Exclusive Coupon Codes? - AM Navigator",
      "link": "https://www.amnavigator.com/blog/2010/01/25/what-are-affiliate-exclusive-coupon-codes/",
      "displayed_link": "www.amnavigator.com › blog › 2010/01/25 › what-are-affiliate-exclu...",
      "date": "Jan 25, 2010",
      "snippet": "The technique of enticing coupon affiliates with exclusive codes is a widely-spread one. In simple language, it entails offering an affiliate a ...",
      "cached_page_link": "https://webcache.googleusercontent.com/search?q=cache:Ll2vniP7XrcJ:https://www.amnavigator.com/blog/2010/01/25/what-are-affiliate-exclusive-coupon-codes/+&cd=14&hl=en&ct=clnk&gl=us"
    },
    {
      "position": 7,
      "title": "Start a Coupon Site and Make Money Online as an Affiliate ...",
      "link": "https://workfromhomehappiness.com/start-a-coupon-site/",
      "displayed_link": "workfromhomehappiness.com › start-a-coupon-site",
      "date": "Jan 29, 2017",
      "snippet": "When you start a coupon site, you can help people do just that. And there's certainly a huge demand for coupon codes, promotions, and other ...",
      "cached_page_link": "https://webcache.googleusercontent.com/search?q=cache:wWpqdit7gboJ:https://workfromhomehappiness.com/start-a-coupon-site/+&cd=15&hl=en&ct=clnk&gl=us"
    },
    {
      "position": 8,
      "title": "How to Add Coupon Affiliate Sites to your Affiliate Marketing Mix",
      "link": "https://www.inboundnow.com/how-to-add-coupon-affiliate-sites-to-your-affiliate-marketing-mix/",
      "displayed_link": "www.inboundnow.com › Blog",
      "date": "May 1, 2018",
      "snippet": "Affiliate marketing is one vertical that remains largely untouched by ... Start by browsing their site and testing out a few coupon codes yourself.",
      "cached_page_link": "https://webcache.googleusercontent.com/search?q=cache:eMC-k74WwTgJ:https://www.inboundnow.com/how-to-add-coupon-affiliate-sites-to-your-affiliate-marketing-mix/+&cd=16&hl=en&ct=clnk&gl=us"
    },
    {
      "position": 9,
      "title": "Where do I get coupon codes for my affiliate website and how do ...",
      "link": "https://www.quora.com/Where-do-I-get-coupon-codes-for-my-affiliate-website-and-how-do-they-work",
      "displayed_link": "www.quora.com › Where-do-I-get-coupon-codes-for-my-affiliate-websi...",
      "snippet": "Coupon codes are usually part of your dashboard when you join an affiliate program. When you log in to your control panel, somewhere, you'll see the coupons ...",
      "rich_snippet": {
        "top": {
          "detected_extensions": {
            "answers": 6
          },
          "extensions": [
            "6 answers"
          ]
        }
      }
    },
    {
      "position": 10,
      "title": "Discount coupon codes | Affiliate program | Cabanova",
      "link": "https://www.cabanova.com/page/affiliate-coupons",
      "displayed_link": "www.cabanova.com › page › affiliate-coupons",
      "snippet": "Your affiliate code doubles as a coupon code which you can then pass on to everybody. When they place their first order at Cabanova, they will use your coupon ...",
      "cached_page_link": "https://webcache.googleusercontent.com/search?q=cache:W66KlWmxhB4J:https://www.cabanova.com/page/affiliate-coupons+&cd=18&hl=en&ct=clnk&gl=us",
      "related_pages_link": "https://www.google.com/search?q=related:https://www.cabanova.com/page/affiliate-coupons+affiliate+coupon+codes&tbo=1&sa=X&ved=2ahUKEwjIq6LM_pTnAhWoUN4KHfVABkcQHzARegQIBxAJ"
    }
  ],
  "related_searches": [
    {
      "query": "amazon affiliate coupon codes",
      "link": "https://www.google.com/search?q=amazon+affiliate+coupon+codes&sa=X&ved=2ahUKEwjIq6LM_pTnAhWoUN4KHfVABkcQ1QIoAHoECAsQAQ"
    },
    {
      "query": "discount codes affiliate marketing",
      "link": "https://www.google.com/search?q=discount+codes+affiliate+marketing&sa=X&ved=2ahUKEwjIq6LM_pTnAhWoUN4KHfVABkcQ1QIoAXoECAsQAg"
    },
    {
      "query": "coupon affiliate networks",
      "link": "https://www.google.com/search?q=coupon+affiliate+networks&sa=X&ved=2ahUKEwjIq6LM_pTnAhWoUN4KHfVABkcQ1QIoAnoECAsQAw"
    },
    {
      "query": "affiliate codes",
      "link": "https://www.google.com/search?q=affiliate+codes&sa=X&ved=2ahUKEwjIq6LM_pTnAhWoUN4KHfVABkcQ1QIoA3oECAsQBA"
    },
    {
      "query": "cj affiliate products",
      "link": "https://www.google.com/search?q=cj+affiliate+products&sa=X&ved=2ahUKEwjIq6LM_pTnAhWoUN4KHfVABkcQ1QIoBHoECAsQBQ"
    },
    {
      "query": "coupons today",
      "link": "https://www.google.com/search?q=coupons+today&sa=X&ved=2ahUKEwjIq6LM_pTnAhWoUN4KHfVABkcQ1QIoBXoECAsQBg"
    },
    {
      "query": "how to start a coupon website",
      "link": "https://www.google.com/search?q=how+to+start+a+coupon+website&sa=X&ved=2ahUKEwjIq6LM_pTnAhWoUN4KHfVABkcQ1QIoBnoECAsQBw"
    },
    {
      "query": "retailmenot",
      "link": "https://www.google.com/search?q=retailmenot&sa=X&ved=2ahUKEwjIq6LM_pTnAhWoUN4KHfVABkcQ1QIoB3oECAsQCA"
    }
  ],
  "pagination": {
    "current": 1,
    "next": "https://www.google.com/search?q=affiliate+coupon+codes&ei=IxYnXoiOBKih-Qb1gZm4BA&start=10&sa=N&ved=2ahUKEwjIq6LM_pTnAhWoUN4KHfVABkcQ8NMDegQIDRBA",
    "other_pages": {
      "2": "https://www.google.com/search?q=affiliate+coupon+codes&ei=IxYnXoiOBKih-Qb1gZm4BA&start=10&sa=N&ved=2ahUKEwjIq6LM_pTnAhWoUN4KHfVABkcQ8tMDegQIDRAu",
      "3": "https://www.google.com/search?q=affiliate+coupon+codes&ei=IxYnXoiOBKih-Qb1gZm4BA&start=20&sa=N&ved=2ahUKEwjIq6LM_pTnAhWoUN4KHfVABkcQ8tMDegQIDRAw",
      "4": "https://www.google.com/search?q=affiliate+coupon+codes&ei=IxYnXoiOBKih-Qb1gZm4BA&start=30&sa=N&ved=2ahUKEwjIq6LM_pTnAhWoUN4KHfVABkcQ8tMDegQIDRAy",
      "5": "https://www.google.com/search?q=affiliate+coupon+codes&ei=IxYnXoiOBKih-Qb1gZm4BA&start=40&sa=N&ved=2ahUKEwjIq6LM_pTnAhWoUN4KHfVABkcQ8tMDegQIDRA0",
      "6": "https://www.google.com/search?q=affiliate+coupon+codes&ei=IxYnXoiOBKih-Qb1gZm4BA&start=50&sa=N&ved=2ahUKEwjIq6LM_pTnAhWoUN4KHfVABkcQ8tMDegQIDRA2",
      "7": "https://www.google.com/search?q=affiliate+coupon+codes&ei=IxYnXoiOBKih-Qb1gZm4BA&start=60&sa=N&ved=2ahUKEwjIq6LM_pTnAhWoUN4KHfVABkcQ8tMDegQIDRA4",
      "8": "https://www.google.com/search?q=affiliate+coupon+codes&ei=IxYnXoiOBKih-Qb1gZm4BA&start=70&sa=N&ved=2ahUKEwjIq6LM_pTnAhWoUN4KHfVABkcQ8tMDegQIDRA6",
      "9": "https://www.google.com/search?q=affiliate+coupon+codes&ei=IxYnXoiOBKih-Qb1gZm4BA&start=80&sa=N&ved=2ahUKEwjIq6LM_pTnAhWoUN4KHfVABkcQ8tMDegQIDRA8",
      "10": "https://www.google.com/search?q=affiliate+coupon+codes&ei=IxYnXoiOBKih-Qb1gZm4BA&start=90&sa=N&ved=2ahUKEwjIq6LM_pTnAhWoUN4KHfVABkcQ8tMDegQIDRA-"
    }
  },
  "serpapi_pagination": {
    "current": 1,
    "next_link": "https://serpapi.com/search.json?device=desktop&engine=google&google_domain=google.com&q=affiliate+coupon+codes&start=10&token=e70404c3b65c879c",
    "next": "https://serpapi.com/search.json?device=desktop&engine=google&google_domain=google.com&q=affiliate+coupon+codes&start=10&token=e70404c3b65c879c",
    "other_pages": {
      "2": "https://serpapi.com/search.json?device=desktop&engine=google&google_domain=google.com&q=affiliate+coupon+codes&start=10&token=e70404c3b65c879c",
      "3": "https://serpapi.com/search.json?device=desktop&engine=google&google_domain=google.com&q=affiliate+coupon+codes&start=20&token=7169a53e266fe480",
      "4": "https://serpapi.com/search.json?device=desktop&engine=google&google_domain=google.com&q=affiliate+coupon+codes&start=30&token=dccd10ea8e3b6cfb",
      "5": "https://serpapi.com/search.json?device=desktop&engine=google&google_domain=google.com&q=affiliate+coupon+codes&start=40&token=fe893edc673f1b1d",
      "6": "https://serpapi.com/search.json?device=desktop&engine=google&google_domain=google.com&q=affiliate+coupon+codes&start=50&token=424225a328befb8f",
      "7": "https://serpapi.com/search.json?device=desktop&engine=google&google_domain=google.com&q=affiliate+coupon+codes&start=60&token=bf9d3c9661cb16c8",
      "8": "https://serpapi.com/search.json?device=desktop&engine=google&google_domain=google.com&q=affiliate+coupon+codes&start=70&token=7797db59da7eee1a",
      "9": "https://serpapi.com/search.json?device=desktop&engine=google&google_domain=google.com&q=affiliate+coupon+codes&start=80&token=a2652d28a2c2c20c",
      "10": "https://serpapi.com/search.json?device=desktop&engine=google&google_domain=google.com&q=affiliate+coupon+codes&start=90&token=4258188b2541ec06"
    }
  }
}