{
  "search_metadata": {
    "id": "",
    "status": "Success",
    "json_endpoint": "",
    "created_at": "2020-01-21 14:48:01 UTC",
    "processed_at": "2020-01-21 14:48:01 UTC",
    "google_url": "https://www.google.com/search?q=7+affiliated+college&oq=7+affiliated+college&sourceid=chrome&ie=UTF-8",
    "raw_html_file": "",
    "total_time_taken": 1.6
  },
  "search_parameters": {
    "engine": "google",
    "q": "7 affiliated college",
    "google_domain": "google.com",
    "device": "desktop"
  },
  "search_information": {
    "organic_results_state": "Results for exact spelling",
    "total_results": 402000000,
    "time_taken_displayed": 0.44,
    "query_displayed": "7 affiliated college"
  },
  "knowledge_graph": {},
  "related_questions": [
    {
      "question": "Which colleges are under Dhaka?",
      "snippet": "List of Government Medical Colleges under Dhaka UniversitySl.Name of Medical College / Institute4Sher-E-Bangla Medical College5Faridpur Medical College6Shaheed Suhrawardi Medical College7Shaheed Syed Nazrul Islam Medical College4 more rows•Sep 8, 2019",
      "title": "Medical Colleges under Dhaka University | MBBS in Bangladesh",
      "link": "https://www.mbbsbangladesh.com/medical-colleges-under-dhaka-university/",
      "displayed_link": "www.mbbsbangladesh.com › medical-colleges-under-dhaka-university"
    },
    {
      "question": "How many colleges are under DU?",
      "snippet": "At present, there are 16 faculties, 86 academic departments, 77 colleges and 5 other recognised institutes spread across city, with 132,435 regular students (114,494 undergraduates and 17,941 postgraduates).",
      "title": "University of Delhi - Wikipedia",
      "link": "https://en.wikipedia.org/wiki/University_of_Delhi",
      "displayed_link": "en.wikipedia.org › wiki › University_of_Delhi"
    },
    {
      "question": "How many national universities are there in Dhaka?",
      "snippet": "Dhaka division is home to thirteen public universities, among which eight are in Dhaka City.",
      "title": "List of universities in Bangladesh - Wikipedia",
      "link": "https://en.wikipedia.org/wiki/List_of_universities_in_Bangladesh",
      "displayed_link": "en.wikipedia.org › wiki › List_of_universities_in_Bangladesh"
    }
  ],
  "organic_results": [
    {
      "position": 1,
      "title": "7College - University of Dhaka",
      "link": "http://7college.du.ac.bd/",
      "displayed_link": "7college.du.ac.bd",
      "snippet": "7 COLLEGE HONOURS 1ST YEAR EXAMINATION-2018 RESULT OF RE-SCRUTINY ... 7 COLLEGE HONOURS 3RD EXAMINATION-2017 RESULT OF ...",
      "sitelinks": {
        "inline": [
          {
            "title": "ঢাবি অধিভুক্ত ৭টি সরকারী ...",
            "link": "http://7college.du.ac.bd/frontend/news/11"
          },
          {
            "title": "পুনঃনিরীক্ষণ, সাময়িক ...",
            "link": "http://7college.du.ac.bd/frontend/news/13"
          },
          {
            "title": "২০১৮ সনের ৩য় বর্ষ অনার্স ...",
            "link": "http://7college.du.ac.bd/frontend/notice/310"
          }
        ]
      },
      "cached_page_link": "http://webcache.googleusercontent.com/search?q=cache:Mf2oLAkP37sJ:7college.du.ac.bd/+&cd=1&hl=en&ct=clnk&gl=us"
    },
    {
      "position": 2,
      "title": "Admission Test: 2019-20 - 7 College",
      "link": "https://7collegedu.com/index.php?act=apply/login",
      "displayed_link": "7collegedu.com › login",
      "snippet": "Applicant`s Login Panel. Application ID. Applicant`s Mobile Number. Captcha Code, b 8 z g r S o. Login. © 2020 University of Dhaka, All Rights Reserved.",
      "cached_page_link": "https://webcache.googleusercontent.com/search?q=cache:W6P-h6lgXOAJ:https://7collegedu.com/index.php%3Fact%3Dapply/login+&cd=2&hl=en&ct=clnk&gl=us"
    },
    {
      "position": 3,
      "title": "7 College",
      "link": "https://7collegedu.com/",
      "displayed_link": "7collegedu.com",
      "snippet": "বাণিজ্য ইউনিট থেকে কলা ও সামাজিক বিজ্ঞান ইউনিটে ভর্তি হতে ইচ্ছুক শিক্ষার্থীগনকে আগামী ২০/০১/২০২০ তারিখ বিকাল ৫:০০ ঘটিকার মধ্যে \"Choice Form\" পূরণ করার জন্য ...",
      "cached_page_link": "https://webcache.googleusercontent.com/search?q=cache:gYUKX3TcStkJ:https://7collegedu.com/+&cd=3&hl=en&ct=clnk&gl=us"
    },
    {
      "position": 4,
      "title": "List of Constituent Colleges/Institutes under the University of ...",
      "link": "https://en.wikipedia.org/wiki/List_of_Constituent_Colleges/Institutes_under_the_University_of_Dhaka",
      "displayed_link": "en.wikipedia.org › wiki › Institutes_under_the_University_of_Dhaka",
      "snippet": "List of constituent colleges/institutes under the University of Dhaka. Contents. 1 Honours colleges; 2 Affiliated health sciences institutions ... \"Seven colleges affiliated to Dhaka University\". NTV Online. Retrieved 28 February 2017.",
      "cached_page_link": "https://webcache.googleusercontent.com/search?q=cache:QtQP6uahFbYJ:https://en.wikipedia.org/wiki/List_of_Constituent_Colleges/Institutes_under_the_University_of_Dhaka+&cd=4&hl=en&ct=clnk&gl=us",
      "related_pages_link": "https://www.google.com/search?q=related:https://en.wikipedia.org/wiki/List_of_Constituent_Colleges/Institutes_under_the_University_of_Dhaka+7+affiliated+college&tbo=1&sa=X&ved=2ahUKEwi1xan195TnAhWWQN4KHUE0AbQQHzADegQICRAJ"
    },
    {
      "position": 5,
      "title": "DU 7 College Admission Circular 2019-20 । 7college.du.ac.bd ...",
      "link": "https://www.admissionwar.com/7college-du-ac-bd-admission-circular/",
      "displayed_link": "www.admissionwar.com › 7college-du-ac-bd-admission-circular",
      "snippet": "Before apply you should know details about DU 7 College Circular 2019-20. According to Dhaka University (DU) Affiliated Seven Colleges honours first year ...",
      "cached_page_link": "https://webcache.googleusercontent.com/search?q=cache:7QKQLiHmOK4J:https://www.admissionwar.com/7college-du-ac-bd-admission-circular/+&cd=11&hl=en&ct=clnk&gl=us"
    },
    {
      "position": 6,
      "title": "Top Seventh Day Adventists Colleges : Nationwide Ranked ...",
      "link": "https://www.collegefactual.com/rankings/religion/seventh_day_adventists/",
      "displayed_link": "www.collegefactual.com › All Rankings › Religion",
      "snippet": "Best for students looking for a Seventh Day Adventists college(Nationwide) ... Best Colleges Affiliated As Seventh Day Adventists : Nationwide. (page 1 of 2).",
      "cached_page_link": "https://webcache.googleusercontent.com/search?q=cache:qfy-uwoyEI4J:https://www.collegefactual.com/rankings/religion/seventh_day_adventists/+&cd=12&hl=en&ct=clnk&gl=us"
    },
    {
      "position": 7,
      "title": "7 college affiliated university of Dhaka crush & confessions ...",
      "link": "https://www.facebook.com/pages/category/College---University/7-college-affiliated-university-of-Dhaka-crush-confessions-664063293990783/",
      "displayed_link": "www.facebook.com › pages › category › 7-college-affiliated-university-...",
      "snippet": "7 college affiliated university of Dhaka crush & confessions. 875 likes · 24 talking about this. College & University."
    },
    {
      "position": 8,
      "title": "Business unit admission test of 7 DU-affiliated colleges Friday ...",
      "link": "https://www.dhakatribune.com/bangladesh/education/2019/11/14/business-unit-admission-test-of-7-du-affiliated-colleges-friday",
      "displayed_link": "www.dhakatribune.com › bangladesh › education › 2019/11/14 › bus...",
      "date": "Nov 14, 2019",
      "snippet": "Seven affiliated colleges of Dhaka University (DU) will hold the admission test (business unit) for honors courses for 2019-20 session on Friday.",
      "cached_page_link": "https://webcache.googleusercontent.com/search?q=cache:g4ATaWQZ5ekJ:https://www.dhakatribune.com/bangladesh/education/2019/11/14/business-unit-admission-test-of-7-du-affiliated-colleges-friday+&cd=14&hl=en&ct=clnk&gl=us"
    },
    {
      "position": 9,
      "title": "Help Desk Govt. 7 Affiliated College Under DU - About ...",
      "link": "https://www.facebook.com/helpdeskdu7/about/",
      "displayed_link": "www.facebook.com › helpdeskdu7 › about",
      "snippet": "Help Desk Govt. 7 Affiliated College Under DU - Mirpur -1, Dhaka, Bangladesh - Rated 4.8 based on 4 Reviews \"Its very helpful for us. It can make a great...",
      "cached_page_link": "https://webcache.googleusercontent.com/search?q=cache:orukhEFnkf8J:https://www.facebook.com/helpdeskdu7/about/+&cd=15&hl=en&ct=clnk&gl=us"
    },
    {
      "position": 10,
      "title": "Conundrum of seven DU-affiliated colleges - New Age",
      "link": "http://www.newagebd.net/article/80548/conundrum-of-seven-du-affiliated-colleges",
      "displayed_link": "www.newagebd.net › article › conundrum-of-seven-du-affiliated-coll...",
      "date": "Aug 4, 2019",
      "snippet": "The affiliation of seven colleges with University of Dhaka in February 2017 has drawn protests from students of seven colleges as well as DU.",
      "cached_page_link": "http://webcache.googleusercontent.com/search?q=cache:xisLA_YPsXoJ:www.newagebd.net/article/80548/conundrum-of-seven-du-affiliated-colleges+&cd=16&hl=en&ct=clnk&gl=us"
    }
  ],
  "related_searches": [
    {
      "query": "7 college login",
      "link": "https://www.google.com/search?q=7+college+login&sa=X&ved=2ahUKEwi1xan195TnAhWWQN4KHUE0AbQQ1QIoAHoECAsQAQ"
    },
    {
      "query": "7 college notice",
      "link": "https://www.google.com/search?q=7+college+notice&sa=X&ved=2ahUKEwi1xan195TnAhWWQN4KHUE0AbQQ1QIoAXoECAsQAg"
    },
    {
      "query": "7 college admission",
      "link": "https://www.google.com/search?q=7+college+admission&sa=X&ved=2ahUKEwi1xan195TnAhWWQN4KHUE0AbQQ1QIoAnoECAsQAw"
    },
    {
      "query": "7 college admission login",
      "link": "https://www.google.com/search?q=7+college+admission+login&sa=X&ved=2ahUKEwi1xan195TnAhWWQN4KHUE0AbQQ1QIoA3oECAsQBA"
    },
    {
      "query": "du 7 college result",
      "link": "https://www.google.com/search?q=du+7+college+result&sa=X&ved=2ahUKEwi1xan195TnAhWWQN4KHUE0AbQQ1QIoBHoECAsQBQ"
    },
    {
      "query": "7 college admission notice",
      "link": "https://www.google.com/search?q=7+college+admission+notice&sa=X&ved=2ahUKEwi1xan195TnAhWWQN4KHUE0AbQQ1QIoBXoECAsQBg"
    },
    {
      "query": "du 7 college login",
      "link": "https://www.google.com/search?q=du+7+college+login&sa=X&ved=2ahUKEwi1xan195TnAhWWQN4KHUE0AbQQ1QIoBnoECAsQBw"
    },
    {
      "query": "du 7 college admission",
      "link": "https://www.google.com/search?q=du+7+college+admission&sa=X&ved=2ahUKEwi1xan195TnAhWWQN4KHUE0AbQQ1QIoB3oECAsQCA"
    }
  ],
  "pagination": {
    "current": 1,
    "next": "https://www.google.com/search?q=7+affiliated+college&ei=Ig8nXrWsB5aB-QbB6ISgCw&start=10&sa=N&ved=2ahUKEwi1xan195TnAhWWQN4KHUE0AbQQ8NMDegQIDRBA",
    "other_pages": {
      "2": "https://www.google.com/search?q=7+affiliated+college&ei=Ig8nXrWsB5aB-QbB6ISgCw&start=10&sa=N&ved=2ahUKEwi1xan195TnAhWWQN4KHUE0AbQQ8tMDegQIDRAu",
      "3": "https://www.google.com/search?q=7+affiliated+college&ei=Ig8nXrWsB5aB-QbB6ISgCw&start=20&sa=N&ved=2ahUKEwi1xan195TnAhWWQN4KHUE0AbQQ8tMDegQIDRAw",
      "4": "https://www.google.com/search?q=7+affiliated+college&ei=Ig8nXrWsB5aB-QbB6ISgCw&start=30&sa=N&ved=2ahUKEwi1xan195TnAhWWQN4KHUE0AbQQ8tMDegQIDRAy",
      "5": "https://www.google.com/search?q=7+affiliated+college&ei=Ig8nXrWsB5aB-QbB6ISgCw&start=40&sa=N&ved=2ahUKEwi1xan195TnAhWWQN4KHUE0AbQQ8tMDegQIDRA0",
      "6": "https://www.google.com/search?q=7+affiliated+college&ei=Ig8nXrWsB5aB-QbB6ISgCw&start=50&sa=N&ved=2ahUKEwi1xan195TnAhWWQN4KHUE0AbQQ8tMDegQIDRA2",
      "7": "https://www.google.com/search?q=7+affiliated+college&ei=Ig8nXrWsB5aB-QbB6ISgCw&start=60&sa=N&ved=2ahUKEwi1xan195TnAhWWQN4KHUE0AbQQ8tMDegQIDRA4",
      "8": "https://www.google.com/search?q=7+affiliated+college&ei=Ig8nXrWsB5aB-QbB6ISgCw&start=70&sa=N&ved=2ahUKEwi1xan195TnAhWWQN4KHUE0AbQQ8tMDegQIDRA6",
      "9": "https://www.google.com/search?q=7+affiliated+college&ei=Ig8nXrWsB5aB-QbB6ISgCw&start=80&sa=N&ved=2ahUKEwi1xan195TnAhWWQN4KHUE0AbQQ8tMDegQIDRA8",
      "10": "https://www.google.com/search?q=7+affiliated+college&ei=Ig8nXrWsB5aB-QbB6ISgCw&start=90&sa=N&ved=2ahUKEwi1xan195TnAhWWQN4KHUE0AbQQ8tMDegQIDRA-"
    }
  },
  "serpapi_pagination": {
    "current": 1,
    "next_link": "https://serpapi.com/search.json?device=desktop&engine=google&google_domain=google.com&q=7+affiliated+college&start=10&token=bfa2d79167f15c06",
    "next": "https://serpapi.com/search.json?device=desktop&engine=google&google_domain=google.com&q=7+affiliated+college&start=10&token=bfa2d79167f15c06",
    "other_pages": {
      "2": "https://serpapi.com/search.json?device=desktop&engine=google&google_domain=google.com&q=7+affiliated+college&start=10&token=bfa2d79167f15c06",
      "3": "https://serpapi.com/search.json?device=desktop&engine=google&google_domain=google.com&q=7+affiliated+college&start=20&token=5ca43224cb430fe5",
      "4": "https://serpapi.com/search.json?device=desktop&engine=google&google_domain=google.com&q=7+affiliated+college&start=30&token=dc682f7184fbed99",
      "5": "https://serpapi.com/search.json?device=desktop&engine=google&google_domain=google.com&q=7+affiliated+college&start=40&token=18d96094b6adcd40",
      "6": "https://serpapi.com/search.json?device=desktop&engine=google&google_domain=google.com&q=7+affiliated+college&start=50&token=0536317d5b4b88fb",
      "7": "https://serpapi.com/search.json?device=desktop&engine=google&google_domain=google.com&q=7+affiliated+college&start=60&token=05bcb21724ac5a1f",
      "8": "https://serpapi.com/search.json?device=desktop&engine=google&google_domain=google.com&q=7+affiliated+college&start=70&token=30661c8ed8227008",
      "9": "https://serpapi.com/search.json?device=desktop&engine=google&google_domain=google.com&q=7+affiliated+college&start=80&token=a508e8a96376cc9a",
      "10": "https://serpapi.com/search.json?device=desktop&engine=google&google_domain=google.com&q=7+affiliated+college&start=90&token=790fac4a80436982"
    }
  }
}