{
  "search_metadata": {
    "id": "",
    "status": "Success",
    "json_endpoint": "",
    "created_at": "2020-01-21 14:43:18 UTC",
    "processed_at": "2020-01-21 14:43:18 UTC",
    "google_url": "https://www.google.com/search?q=affiliate+management+software&oq=affiliate+management+software&sourceid=chrome&ie=UTF-8",
    "raw_html_file": "",
    "total_time_taken": 13.98
  },
  "search_parameters": {
    "engine": "google",
    "q": "affiliate management software",
    "google_domain": "google.com",
    "device": "desktop"
  },
  "search_information": {
    "organic_results_state": "Results for exact spelling",
    "total_results": 202000000,
    "time_taken_displayed": 0.66,
    "query_displayed": "affiliate management software"
  },
  "ads": [
    {
      "position": 1,
      "block_position": "top",
      "title": "Affiliate management software | Request a Demo | impact.com‎",
      "link": "http://go.impact.com/Demo-PC-Optimize-Affiliate-Program.html",
      "displayed_link": "go.impact.com/",
      "tracking_link": "https://www.google.com/aclk?sa=l&ai=DChcSEwjikoH09pTnAhUCPmAKHdvfBJoYABAAGgJ0bQ&sig=AOD64_2oYgoEhXocVWXjb2eCPF8UdSNSUA&q=&ved=2ahUKEwiYofrz9pTnAhXaBIgKHQNUDOcQ0Qx6BAgPEAE&adurl=",
      "description": "Grow Your Affiliate Program with Our Flexible Technology & Real-Time Insights. Learn More. Partner Without Limits. Gain Confidence to Grow. Types: Partner Marketing, Ad Fraud Detection, Marketing Intelligence.",
      "sitelinks": [
        {
          "title": "Radius by Impact",
          "link": "https://impact.com/manage-engage/"
        },
        {
          "title": "Affiliate Marketers",
          "link": "https://impact.com/affiliate-marketers/"
        },
        {
          "title": "Request a Demo",
          "link": "https://impact.com/contact/?_bt=%7Bcreative%7D&_bk=%7Bkeyword%7D&_bm=%7BmatchType%7D&_bn=%7Bnetwork%7D#demo"
        },
        {
          "title": "Optimize Partner Programs",
          "link": "http://go.impact.com/Demo-PC-Optimize-Affiliate-Program.html"
        }
      ]
    },
    {
      "position": 2,
      "block_position": "top",
      "title": "Best Rated Affiliate Software | More of Your Best Customers‎",
      "link": "https://www.getambassador.com/demo-request-affiliate",
      "displayed_link": "www.getambassador.com/affiliate/software",
      "tracking_link": "https://www.google.com/aclk?sa=l&ai=DChcSEwjikoH09pTnAhUCPmAKHdvfBJoYABAFGgJ0bQ&sig=AOD64_32EBNF5Ri8nTex_PdnI4UhckjoRg&q=&ved=2ahUKEwiYofrz9pTnAhXaBIgKHQNUDOcQ0Qx6BAgYEAE&adurl=",
      "description": "Effectively manage your affiliate marketing program to drive remarkable ROI. Easily scale affiliate marketing in a predictable, high ROI channel. GDPR compliant. Multi-program/campaign. Learn best practices. Custom share codes."
    },
    {
      "position": 3,
      "block_position": "top",
      "title": "Affiliate Marketing Software | Rock Solid & Reliable Tracking‎",
      "link": "https://www.postaffiliatepro.com/affiliate-marketing-software/",
      "displayed_link": "www.postaffiliatepro.com/",
      "tracking_link": "https://www.google.com/aclk?sa=l&ai=DChcSEwjikoH09pTnAhUCPmAKHdvfBJoYABAIGgJ0bQ&sig=AOD64_3zZVbG4FSSZoynoceRd63NbpEWfw&q=&ved=2ahUKEwiYofrz9pTnAhXaBIgKHQNUDOcQ0Qx6BAgXEAE&adurl=",
      "description": "We Help Companies Get More Sales By Creating Their Own Affiliate Programs. Win More..."
    },
    {
      "position": 4,
      "block_position": "top",
      "title": "Affiliate Marketing Software | Optimize Affiliate Performance‎",
      "link": "https://getcake.com/affiliate-marketing/",
      "displayed_link": "www.getcake.com/",
      "tracking_link": "https://www.google.com/aclk?sa=l&ai=DChcSEwjikoH09pTnAhUCPmAKHdvfBJoYABAKGgJ0bQ&sig=AOD64_00qvfFbjcSbrA11DPZbj30U6rSdg&q=&ved=2ahUKEwiYofrz9pTnAhXaBIgKHQNUDOcQ0Qx6BAgUEAE&adurl=",
      "description": "Leading Affiliate Marketing Tool Trusted By More Than 500 Advertisers And Networks"
    },
    {
      "position": 5,
      "block_position": "bottom",
      "title": "Affiliate Marketing Software Software | Try TUNE Free for 30 Day‎",
      "link": "https://mkt.tune.com/sem-affiliate-marketing-software.html?utm_campaign=americas-demo&utm_source=google&utm_medium=cpc&utm_term=affiliate-marketing-software",
      "displayed_link": "mkt.tune.com/Software/Free-Trial",
      "tracking_link": "https://www.google.com/aclk?sa=l&ai=DChcSEwjikoH09pTnAhUCPmAKHdvfBJoYABAJGgJ0bQ&sig=AOD64_2ZaHlXtxE8FkCbcGt1igc_blNfHQ&q=&ved=2ahUKEwiYofrz9pTnAhXaBIgKHQNUDOcQ0Qx6BAgREAE&adurl=",
      "description": "Premier Performance Marketing Software Trusted By Top Networks. Request A Demo! Fully customizable. Real time reporting. Cloud-based solution. Platform-wide API. 99.9% uptime. Multi-currency & language. Services: Affiliate Management, Affiliate Payment."
    },
    {
      "position": 6,
      "block_position": "bottom",
      "title": "AffiliateManager.com | Affiliate Program Management‎",
      "link": "https://affiliatemanager.com/",
      "displayed_link": "www.affiliatemanager.com/",
      "tracking_link": "https://www.google.com/aclk?sa=l&ai=DChcSEwjikoH09pTnAhUCPmAKHdvfBJoYABAGGgJ0bQ&sig=AOD64_1sW82gm34McDgmh8PgvL_q2sWw9w&q=&ved=2ahUKEwiYofrz9pTnAhXaBIgKHQNUDOcQ0Qx6BAgSEAE&adurl=",
      "description": "We Launch Brand New Affiliate Programs And Revitalize Existing Campaigns. Over 13 Years Experience. Affiliate Recruitment. Services: Affiliate Recruitment, Tool Development, Program Setups & Launches, Ongoing Management, Proven Process.",
      "sitelinks": [
        {
          "title": "Our Clients",
          "link": "http://affiliatemanager.com/clients.php"
        },
        {
          "title": "Services",
          "link": "https://affiliatemanager.com/request-quote/"
        },
        {
          "title": "Request A Quote",
          "link": "https://affiliatemanager.com/request-quote.php"
        },
        {
          "title": "About Us",
          "link": "https://affiliatemanager.com/about/"
        }
      ]
    },
    {
      "position": 7,
      "block_position": "bottom",
      "title": "Affiliate Marketing Ad Network | Boost Your Affiliate Profits‎",
      "link": "https://lp.outbrain.com/affiliate-increase-direct-revenue/",
      "displayed_link": "lp.outbrain.com/Affiliate/Software",
      "tracking_link": "https://www.google.com/aclk?sa=l&ai=DChcSEwjikoH09pTnAhUCPmAKHdvfBJoYABAOGgJ0bQ&sig=AOD64_3PB_AwE3giphd15D6Olec2vSP8gw&q=&ved=2ahUKEwiYofrz9pTnAhXaBIgKHQNUDOcQ0Qx6BAgQEAE&adurl=",
      "description": "Make Your Ads ROI Positive with Outbrain Amplify's Native Advertising Platform. Start Now!",
      "sitelinks": [
        {
          "title": "What's Outbrain?",
          "link": "https://www.outbrain.com/about/company"
        },
        {
          "title": "Request A Demo",
          "link": "https://www.outbrain.com/contact/?who=advertiser"
        },
        {
          "title": "Case Studies",
          "link": "https://www.outbrain.com/case-studies"
        },
        {
          "title": "See How Native Ads Work",
          "link": "https://www.outbrain.com/try-outbrain-demo/"
        }
      ]
    }
  ],
  "knowledge_graph": {},
  "related_questions": [
    {
      "question": "What is affiliate management system?",
      "snippet": "Facebook Twitter LinkedIn Pinterest Share. Affiliate Management is the process of building and growing a channel of marketers to drive traffic to your store, business or offer. Affiliate programs, networks and managers are the three major components of affiliate management.Aug 7, 2017",
      "title": "What is Affiliate Management? - Adam Riemer Marketing",
      "link": "https://www.adamriemer.me/what-is-affiliate-management/",
      "displayed_link": "www.adamriemer.me › what-is-affiliate-management"
    },
    {
      "question": "What is the best affiliate platform?",
      "snippet": "Let's get into the top 15 affiliate websites any level of blogger can benefit from.ShareASale Affiliates. ... Amazon Associates. ... eBay Partners. ... Shopify Affiliate Program. ... Clickbank. ... Rakuten Marketing Affiliates. ... Leadpages Partner Program. ... StudioPress Affiliate Website.More items...•Oct 27, 2018",
      "title": "Top 15 Affiliate Marketing Websites & Programs For 2019 | Solvid",
      "link": "https://solvid.co.uk/top-affiliate-marketing-websites-and-programs/",
      "displayed_link": "solvid.co.uk › top-affiliate-marketing-websites-and-programs"
    },
    {
      "question": "What is an affiliate platform?",
      "snippet": "Simply put, affiliate programs, also called associate programs, are arrangements in which an online merchant Web site pays affiliate Web sites a commission to send them traffic. These affiliate Web sites post links to the merchant site and are paid according to a particular agreement.",
      "title": "What Are Affiliate Programs? - How Affiliate Programs Work ...",
      "link": "https://money.howstuffworks.com/affiliate-program1.htm",
      "displayed_link": "money.howstuffworks.com › affiliate-program1"
    },
    {
      "question": "What is LeadDyno?",
      "snippet": "LeadDyno is a platform that automatically runs affiliate programs, tracking them from lead sources. The system, which works with any website, is very useful in affiliate recruitment, aiding them in promoting and increasing returns via social sharing.Sep 9, 2019",
      "title": "LeadDyno Reviews: Overview, Pricing and Features",
      "link": "https://reviews.financesonline.com/p/leaddyno/",
      "displayed_link": "reviews.financesonline.com › leaddyno"
    }
  ],
  "organic_results": [
    {
      "position": 1,
      "title": "Best Affiliate Software | 2020 Reviews of the Most Popular ...",
      "link": "https://www.capterra.com/affiliate-software/",
      "displayed_link": "www.capterra.com › affiliate-software",
      "snippet": "Everflow is a Affiliate Marketing Platform- Manage unlimited affiliates, unlock influencers with clickless promo codes, and optimize. Learn more about Everflow.",
      "cached_page_link": "https://webcache.googleusercontent.com/search?q=cache:McPAAkl41GYJ:https://www.capterra.com/affiliate-software/+&cd=1&hl=en&ct=clnk&gl=us"
    },
    {
      "position": 2,
      "title": "Top 10 Affiliate Marketing Tracking Software Platforms",
      "link": "https://www.entrepreneur.com/article/291042",
      "displayed_link": "www.entrepreneur.com › article",
      "date": "Mar 24, 2017",
      "snippet": "While it can be a vexing task to manage your affiliate program along with ... This affiliate and digital marketing tracking software can track leads, ...",
      "cached_page_link": "https://webcache.googleusercontent.com/search?q=cache:-Vrm5nwxwrsJ:https://www.entrepreneur.com/article/291042+&cd=2&hl=en&ct=clnk&gl=us",
      "related_pages_link": "https://www.google.com/search?q=related:https://www.entrepreneur.com/article/291042+affiliate+management+software&tbo=1&sa=X&ved=2ahUKEwiYofrz9pTnAhXaBIgKHQNUDOcQHzABegQIAhAJ"
    },
    {
      "position": 3,
      "title": "10 Best Affiliate Management Software For Your Business ...",
      "link": "https://fetchprofits.com/best-affiliate-management-software/",
      "displayed_link": "fetchprofits.com › best-affiliate-management-software",
      "date": "Feb 13, 2019",
      "snippet": "TL;DR: Looking for the best affiliate management software? Of all the affiliate management software tools available for your business, I highly ...",
      "cached_page_link": "https://webcache.googleusercontent.com/search?q=cache:vtFl_88rZn4J:https://fetchprofits.com/best-affiliate-management-software/+&cd=3&hl=en&ct=clnk&gl=us"
    },
    {
      "position": 4,
      "title": "The 7 Most Trusted Affiliate Tracking Software Solutions for 2019",
      "link": "https://www.namogoo.com/blog/the-7-most-trusted-affiliate-tracking-solutions-for-2019/",
      "displayed_link": "www.namogoo.com › eCommerce Hub › Consumer Data Insights",
      "date": "Jan 14, 2019",
      "snippet": "And when those issues appear, software solutions follow close behind. ... In a nutshell, Tapfiliate is cloud based affiliate management software.",
      "cached_page_link": "https://webcache.googleusercontent.com/search?q=cache:T2VEXiDVjccJ:https://www.namogoo.com/blog/the-7-most-trusted-affiliate-tracking-solutions-for-2019/+&cd=4&hl=en&ct=clnk&gl=us"
    },
    {
      "position": 5,
      "title": "LeadDyno - Easy Affiliate Marketing & Instant Affiliate Network",
      "link": "https://www.leaddyno.com/",
      "displayed_link": "www.leaddyno.com",
      "snippet": "We created LeadDyno because we wanted easy affiliate management system for ourselves, and for ... The best affiliate marketing software just got even better!",
      "sitelinks": {
        "inline": [
          {
            "title": "Pricing",
            "link": "https://www.leaddyno.com/pricing/"
          },
          {
            "title": "Network",
            "link": "https://www.leaddyno.com/affiliate-network/"
          },
          {
            "title": "Demo",
            "link": "https://www.leaddyno.com/demo/"
          },
          {
            "title": "Contact",
            "link": "https://www.leaddyno.com/contact/"
          }
        ]
      },
      "cached_page_link": "https://webcache.googleusercontent.com/search?q=cache:4D6HGX_7PnUJ:https://www.leaddyno.com/+&cd=5&hl=en&ct=clnk&gl=us",
      "related_pages_link": "https://www.google.com/search?q=related:https://www.leaddyno.com/+affiliate+management+software&tbo=1&sa=X&ved=2ahUKEwiYofrz9pTnAhXaBIgKHQNUDOcQHzAEegQICRAH"
    },
    {
      "position": 6,
      "title": "Tapfiliate: Affiliate Tracking Software",
      "link": "https://tapfiliate.com/",
      "displayed_link": "tapfiliate.com",
      "snippet": "Create, track and grow your affiliate program. Tapfiliate helps businesses and influencers grow together, through affiliate ... Affiliate marketing software ... to manage a lot in a single place, which is great given the size of our affiliate program.",
      "cached_page_link": "https://webcache.googleusercontent.com/search?q=cache:6unKbBc7vocJ:https://tapfiliate.com/+&cd=6&hl=en&ct=clnk&gl=us",
      "related_pages_link": "https://www.google.com/search?q=related:https://tapfiliate.com/+affiliate+management+software&tbo=1&sa=X&ved=2ahUKEwiYofrz9pTnAhXaBIgKHQNUDOcQHzAFegQIBxAH"
    },
    {
      "position": 7,
      "title": "Affiliate Management Software: 18 Best Tools and Systems ...",
      "link": "https://khrisdigital.com/affiliate-management-software/",
      "displayed_link": "khrisdigital.com › Affiliate Marketing",
      "date": "Jul 9, 2019",
      "snippet": "Wondering which is the best affiliate marketing management software platform for managing and taking care of your program? See how I have ...",
      "cached_page_link": "https://webcache.googleusercontent.com/search?q=cache:b9UKATlPe5EJ:https://khrisdigital.com/affiliate-management-software/+&cd=7&hl=en&ct=clnk&gl=us"
    },
    {
      "position": 8,
      "title": "20 Best Affiliate Marketing Software Solutions of 2020 ...",
      "link": "https://financesonline.com/top-20-affiliate-marketing-software-solutions/",
      "displayed_link": "financesonline.com › B2B News",
      "snippet": "The best affiliate marketing software solution of 2020 is Everflow for its comprehensive features and unified management interface. Equipped with tools for ...",
      "cached_page_link": "https://webcache.googleusercontent.com/search?q=cache:LCEZzhWIRfQJ:https://financesonline.com/top-20-affiliate-marketing-software-solutions/+&cd=8&hl=en&ct=clnk&gl=us"
    },
    {
      "position": 9,
      "title": "Affiliate Program Software, Affiliate Tracking Software Marketing",
      "link": "https://www.osiaffiliate.com/",
      "displayed_link": "www.osiaffiliate.com",
      "snippet": "Omnistar Affiliate Software provides you with affordable affiliate tracking software to grow your business. The software is used by over 14000 companies ...",
      "cached_page_link": "https://webcache.googleusercontent.com/search?q=cache:HSEA9wWCBPcJ:https://www.osiaffiliate.com/+&cd=9&hl=en&ct=clnk&gl=us"
    },
    {
      "position": 10,
      "title": "Affiliate Tracking & Affiliate Program Software",
      "link": "https://www.postaffiliatepro.com/",
      "displayed_link": "www.postaffiliatepro.com",
      "snippet": "Post Affiliate Pro is the #1 ranked affiliate software, trusted by more than 30000 ... for both merchants and affiliates makes it easy to navigate and manage.",
      "cached_page_link": "https://webcache.googleusercontent.com/search?q=cache:3Eo3VVXKIsAJ:https://www.postaffiliatepro.com/+&cd=18&hl=en&ct=clnk&gl=us",
      "related_pages_link": "https://www.google.com/search?q=related:https://www.postaffiliatepro.com/+affiliate+management+software&tbo=1&sa=X&ved=2ahUKEwiYofrz9pTnAhXaBIgKHQNUDOcQHzARegQIBBAH"
    }
  ],
  "related_search_boxes": [
    {
      "position": 1,
      "query": "Top affiliate marketing platforms",
      "results": []
    }
  ],
  "related_searches": [
    {
      "query": "automated affiliate marketing software",
      "link": "https://www.google.com/search?q=automated+affiliate+marketing+software&sa=X&ved=2ahUKEwiYofrz9pTnAhXaBIgKHQNUDOcQ1QIoAHoECA0QAQ"
    },
    {
      "query": "self hosted affiliate software",
      "link": "https://www.google.com/search?q=self+hosted+affiliate+software&sa=X&ved=2ahUKEwiYofrz9pTnAhXaBIgKHQNUDOcQ1QIoAXoECA0QAg"
    },
    {
      "query": "best affiliate software 2019",
      "link": "https://www.google.com/search?q=best+affiliate+software+2019&sa=X&ved=2ahUKEwiYofrz9pTnAhXaBIgKHQNUDOcQ1QIoAnoECA0QAw"
    },
    {
      "query": "simple affiliate tracking software",
      "link": "https://www.google.com/search?q=simple+affiliate+tracking+software&sa=X&ved=2ahUKEwiYofrz9pTnAhXaBIgKHQNUDOcQ1QIoA3oECA0QBA"
    },
    {
      "query": "post affiliate pro",
      "link": "https://www.google.com/search?q=post+affiliate+pro&sa=X&ved=2ahUKEwiYofrz9pTnAhXaBIgKHQNUDOcQ1QIoBHoECA0QBQ"
    },
    {
      "query": "best affiliate software 2018",
      "link": "https://www.google.com/search?q=best+affiliate+software+2018&sa=X&ved=2ahUKEwiYofrz9pTnAhXaBIgKHQNUDOcQ1QIoBXoECA0QBg"
    },
    {
      "query": "linktrust",
      "link": "https://www.google.com/search?q=linktrust&sa=X&ved=2ahUKEwiYofrz9pTnAhXaBIgKHQNUDOcQ1QIoBnoECA0QBw"
    },
    {
      "query": "affiliate tracker",
      "link": "https://www.google.com/search?q=affiliate+tracker&sa=X&ved=2ahUKEwiYofrz9pTnAhXaBIgKHQNUDOcQ1QIoB3oECA0QCA"
    }
  ],
  "pagination": {
    "current": 1,
    "next": "https://www.google.com/search?q=affiliate+management+software&ei=Eg4nXpjQMdqJoASDqLG4Dg&start=10&sa=N&ved=2ahUKEwiYofrz9pTnAhXaBIgKHQNUDOcQ8NMDegQIDhBC",
    "other_pages": {
      "2": "https://www.google.com/search?q=affiliate+management+software&ei=Eg4nXpjQMdqJoASDqLG4Dg&start=10&sa=N&ved=2ahUKEwiYofrz9pTnAhXaBIgKHQNUDOcQ8tMDegQIDhAw",
      "3": "https://www.google.com/search?q=affiliate+management+software&ei=Eg4nXpjQMdqJoASDqLG4Dg&start=20&sa=N&ved=2ahUKEwiYofrz9pTnAhXaBIgKHQNUDOcQ8tMDegQIDhAy",
      "4": "https://www.google.com/search?q=affiliate+management+software&ei=Eg4nXpjQMdqJoASDqLG4Dg&start=30&sa=N&ved=2ahUKEwiYofrz9pTnAhXaBIgKHQNUDOcQ8tMDegQIDhA0",
      "5": "https://www.google.com/search?q=affiliate+management+software&ei=Eg4nXpjQMdqJoASDqLG4Dg&start=40&sa=N&ved=2ahUKEwiYofrz9pTnAhXaBIgKHQNUDOcQ8tMDegQIDhA2",
      "6": "https://www.google.com/search?q=affiliate+management+software&ei=Eg4nXpjQMdqJoASDqLG4Dg&start=50&sa=N&ved=2ahUKEwiYofrz9pTnAhXaBIgKHQNUDOcQ8tMDegQIDhA4",
      "7": "https://www.google.com/search?q=affiliate+management+software&ei=Eg4nXpjQMdqJoASDqLG4Dg&start=60&sa=N&ved=2ahUKEwiYofrz9pTnAhXaBIgKHQNUDOcQ8tMDegQIDhA6",
      "8": "https://www.google.com/search?q=affiliate+management+software&ei=Eg4nXpjQMdqJoASDqLG4Dg&start=70&sa=N&ved=2ahUKEwiYofrz9pTnAhXaBIgKHQNUDOcQ8tMDegQIDhA8",
      "9": "https://www.google.com/search?q=affiliate+management+software&ei=Eg4nXpjQMdqJoASDqLG4Dg&start=80&sa=N&ved=2ahUKEwiYofrz9pTnAhXaBIgKHQNUDOcQ8tMDegQIDhA-",
      "10": "https://www.google.com/search?q=affiliate+management+software&ei=Eg4nXpjQMdqJoASDqLG4Dg&start=90&sa=N&ved=2ahUKEwiYofrz9pTnAhXaBIgKHQNUDOcQ8tMDegQIDhBA"
    }
  },
  "serpapi_pagination": {
    "current": 1,
    "next_link": "https://serpapi.com/search.json?device=desktop&engine=google&google_domain=google.com&q=affiliate+management+software&start=10&token=55dcf379c3b4d014",
    "next": "https://serpapi.com/search.json?device=desktop&engine=google&google_domain=google.com&q=affiliate+management+software&start=10&token=55dcf379c3b4d014",
    "other_pages": {
      "2": "https://serpapi.com/search.json?device=desktop&engine=google&google_domain=google.com&q=affiliate+management+software&start=10&token=55dcf379c3b4d014",
      "3": "https://serpapi.com/search.json?device=desktop&engine=google&google_domain=google.com&q=affiliate+management+software&start=20&token=0f70cf8619ec9847",
      "4": "https://serpapi.com/search.json?device=desktop&engine=google&google_domain=google.com&q=affiliate+management+software&start=30&token=6de5b9455089deab",
      "5": "https://serpapi.com/search.json?device=desktop&engine=google&google_domain=google.com&q=affiliate+management+software&start=40&token=a11701f98800fc9a",
      "6": "https://serpapi.com/search.json?device=desktop&engine=google&google_domain=google.com&q=affiliate+management+software&start=50&token=b31a03249ef49d71",
      "7": "https://serpapi.com/search.json?device=desktop&engine=google&google_domain=google.com&q=affiliate+management+software&start=60&token=9aa4ce4f8da31aa8",
      "8": "https://serpapi.com/search.json?device=desktop&engine=google&google_domain=google.com&q=affiliate+management+software&start=70&token=55636ace399eef49",
      "9": "https://serpapi.com/search.json?device=desktop&engine=google&google_domain=google.com&q=affiliate+management+software&start=80&token=ccaa368db7f60b31",
      "10": "https://serpapi.com/search.json?device=desktop&engine=google&google_domain=google.com&q=affiliate+management+software&start=90&token=b4abcec7edcc3ab7"
    }
  }
}