{
  "search_metadata": {
    "id": "",
    "status": "Success",
    "json_endpoint": "",
    "created_at": "2020-01-21 15:03:54 UTC",
    "processed_at": "2020-01-21 15:03:54 UTC",
    "google_url": "https://www.google.com/search?q=affiliate+marketing+help&oq=affiliate+marketing+help&sourceid=chrome&ie=UTF-8",
    "raw_html_file": "",
    "total_time_taken": 1.85
  },
  "search_parameters": {
    "engine": "google",
    "q": "affiliate marketing help",
    "google_domain": "google.com",
    "device": "desktop"
  },
  "search_information": {
    "organic_results_state": "Results for exact spelling",
    "total_results": 463000000,
    "time_taken_displayed": 0.58,
    "query_displayed": "affiliate marketing help"
  },
  "ads": [
    {
      "position": 1,
      "block_position": "top",
      "title": "Affiliate Marketing Strategies | Boost Your Affiliate Ad Sales‎",
      "link": "https://lp.outbrain.com/affiliate-increase-direct-revenue/",
      "displayed_link": "lp.outbrain.com/Affiliate/Marketing",
      "tracking_link": "https://www.google.com/aclk?sa=l&ai=DChcSEwjg3eW7-5TnAhWaq5YKHUtRBEMYABAAGgJ0bA&ae=2&sig=AOD64_2Bj_76uh71CpWrAjAf_tWTEXf6Nw&q=&ved=2ahUKEwif1N-7-5TnAhU_yosBHZJMCI4Q0Qx6BAgVEAE&adurl=",
      "description": "Boost Your Ads ROI with Outbrain Amplify Smart Targeting. Start Your Campaign Now! Leverage Your Affiliate Campaigns with Outbrain Amplify. Start Profiting Today. Get Conversions. Global Reach. Easy Set-up. Services: Blog Promotion, Website Promotion.",
      "sitelinks": [
        {
          "title": "Native Advertising",
          "link": "https://www.outbrain.com/native-advertising/"
        },
        {
          "title": "Outbrain Blog",
          "link": "https://www.outbrain.com/blog"
        }
      ]
    },
    {
      "position": 2,
      "block_position": "top",
      "title": "Sell Online with Shopify | No Inventory Needed | shopify.com‎",
      "link": "https://www.shopify.com/oberlo",
      "displayed_link": "www.shopify.com/",
      "tracking_link": "https://www.google.com/aclk?sa=l&ai=DChcSEwjg3eW7-5TnAhWaq5YKHUtRBEMYABAGGgJ0bA&ae=2&sig=AOD64_2em9EawqRsvA0ohEGkdDwYQ6QLiA&q=&ved=2ahUKEwif1N-7-5TnAhU_yosBHZJMCI4Q0Qx6BAgSEAE&adurl=",
      "description": "Quick & Easy Setup - No Inventory Needed - Free 14 Day Trial. Fully Hosted. Secure Shopping Cart. Drop Shipping Integration. 100+ Professional Themes. Unlimited 24/7 Support. Fulfillment Integration. Fraud Prevention. 99.99% Average Uptime.",
      "sitelinks": [
        {
          "title": "Find Products To Sell",
          "link": "http://www.shopify.com/oberlo"
        },
        {
          "title": "See Plans & Pricing",
          "link": "http://www.shopify.com/pricing"
        },
        {
          "title": "Shopify® POS System",
          "link": "http://www.shopify.com/pos"
        },
        {
          "title": "Market",
          "link": "https://www.shopify.com/market"
        },
        {
          "title": "Start",
          "link": "https://www.shopify.com/start"
        },
        {
          "title": "Sell",
          "link": "https://www.shopify.com/omnichannel"
        }
      ]
    },
    {
      "position": 3,
      "block_position": "bottom",
      "title": "Largest Affiliate Agency | 20 Years of Experience‎",
      "link": "https://gen3marketing.com/affiliate-account-audit/",
      "displayed_link": "www.gen3marketing.com/",
      "tracking_link": "https://www.google.com/aclk?sa=l&ai=DChcSEwjg3eW7-5TnAhWaq5YKHUtRBEMYABALGgJ0bA&ae=2&sig=AOD64_0a6PdyKtKudxIJ3FqKir22k7W-KA&q=&ved=2ahUKEwif1N-7-5TnAhU_yosBHZJMCI4Q0Qx6BAgTEAE&adurl=",
      "description": "We Will Build You a Personalized Affiliate Solution Specific to Your Industry, Learn More. Learn How We Can Partner Together to Grow Your Traffic & ROAS - Contact Us Today! Award-Winning Solutions. Get A Free Account Audit.",
      "sitelinks": [
        {
          "title": "Contact Us",
          "link": "https://gen3marketing.com/contact/"
        },
        {
          "title": "Affiliate Marketing",
          "link": "https://gen3marketing.com/affiliate-marketing/"
        },
        {
          "title": "Search Marketing",
          "link": "https://gen3marketing.com/search-marketing/"
        },
        {
          "title": "About Us",
          "link": "https://gen3marketing.com/about/"
        },
        {
          "title": "Digital Marketing",
          "link": "https://gen3marketing.com/digital-marketing/"
        }
      ]
    },
    {
      "position": 4,
      "block_position": "bottom",
      "title": "Affiliate Profits New Heights | New Heights with Ascend‎",
      "link": "https://www.pepperjam.com/",
      "displayed_link": "www.pepperjam.com/",
      "tracking_link": "https://www.google.com/aclk?sa=l&ai=DChcSEwjg3eW7-5TnAhWaq5YKHUtRBEMYABANGgJ0bA&ae=2&sig=AOD64_2VF1yUfPlmKsX0uuZrs7DtraujwQ&q=&ved=2ahUKEwif1N-7-5TnAhU_yosBHZJMCI4Q0Qx6BAgWEAE&adurl=",
      "description": "Elevated Affiliate Marketing. Everything You Need For Affiliate Marketing Success. Reach, Engage & Convert. Pay-for-Performance. Service Flexibility. Types: Customer Centric, Transparent, Accountable."
    },
    {
      "position": 5,
      "block_position": "bottom",
      "title": "All-In-One Marketing Software | Ontraport 14 Day Free Trial‎",
      "link": "https://ontraport.com/features/marketing-automation",
      "displayed_link": "www.ontraport.com/",
      "tracking_link": "https://www.google.com/aclk?sa=l&ai=DChcSEwjg3eW7-5TnAhWaq5YKHUtRBEMYABAMGgJ0bA&ae=2&sig=AOD64_1u6brH6ZgQoe7txtmti0XXGOT5yg&q=&ved=2ahUKEwif1N-7-5TnAhU_yosBHZJMCI4Q0Qx6BAgUEAE&adurl=",
      "description": "Ontraport helps you organize and launch quality campaigns in minutes. Integrate multiple CRM structures with our marketing automation system. Business Automation. Ecommerce. Lead Management. Earn Recurring Revenue. One-on-One Implementation.",
      "sitelinks": [
        {
          "title": "Pricing Options",
          "link": "https://ontraport.com/pricing?mr_aff=491836&utm_source=AdWords&utm_medium=Comparisons&utm_campaign=Convert&utm_term=Business&utm_content=sitelink_pricing"
        },
        {
          "title": "Campaign Builder",
          "link": "https://ontraport.com/features/marketing-automation?mr_aff=491836&utm_source=AdWords&utm_medium=Comparisons&utm_campaign=Convert&utm_term=Marketing_Automation&utm_content=sitelink_campaign_builder"
        },
        {
          "title": "Software Comparisons",
          "link": "https://ontraport.com/blog/software-comparisons/?mr_aff=491836&utm_source=AdWords&utm_medium=Comparisons&utm_campaign=Convert&utm_term=Business&utm_content=sitelink_comparisons"
        },
        {
          "title": "Marketing Automation",
          "link": "https://ontraport.com/features/marketing-automation?mr_aff=491836&utm_source=AdWords&utm_medium=Comparisons&utm_campaign=Convert&utm_term=Marketing_Automation&utm_content=sitelink_marketing_automation"
        },
        {
          "title": "CRM",
          "link": "https://ontraport.com/features/crm?mr_aff=491836&utm_source=AdWords&utm_medium=Comparisons&utm_campaign=Convert&utm_term=CRM&utm_content=sitelink_CRM"
        }
      ]
    }
  ],
  "knowledge_graph": {
    "see_more_about": [
      {
        "title": null
      },
      {
        "title": null
      }
    ]
  },
  "related_questions": [
    {
      "question": "How do I become a successful affiliate marketer?",
      "snippet": "Tips on Becoming a Successful Affiliate MarketerOnly Choose a Handful of Good Products. ... Use Several Traffic Sources to Promote Products. ... Test, Measure and Track Your Affiliate Campaign. ... Research the Demand of the Product. ... Stay Current with New Methods and Techniques. ... Choose the Right Merchant. ... Use Helpful Tools.Sep 18, 2016",
      "title": "Can You Make Money from Affiliate Marketing? - Tips and Tricks HQ",
      "link": "https://www.tipsandtricks-hq.com/can-you-make-money-from-affiliate-marketing-if-so-how-2473",
      "displayed_link": "www.tipsandtricks-hq.com › can-you-make-money-from-affiliate-marke..."
    },
    {
      "question": "Can you really make money with affiliate marketing?",
      "snippet": "Can you make money with affiliate marketing? The short answer is yes, affiliate programs can earn extra money and even a full-time income from home.",
      "title": "Can You Really Make Money with Affiliate Marketing?",
      "link": "https://www.thebalancesmb.com/can-you-really-make-money-with-affiliate-marketing-1794168",
      "displayed_link": "www.thebalancesmb.com › can-you-really-make-money-with-affiliate-..."
    },
    {
      "question": "How much do affiliate marketers earn?",
      "snippet": "Another survey from VigLink offers a closer look at just how much income affiliate marketers are bringing in. According to the survey, 9% generated more than $50,000 in affiliate income in 2016. The majority, 65%, said they were making between 5% and 20% of their annual revenue from affiliate programs.Dec 18, 2018",
      "title": "Make Money With Affiliate Marketing - Investopedia",
      "link": "https://www.investopedia.com/personal-finance/affiliate-marketing-can-you-really-make-money/",
      "displayed_link": "www.investopedia.com › personal-finance › affiliate-marketing-can-you..."
    },
    {
      "question": "How do you promote affiliate marketing?",
      "snippet": "Use these as inspiration and pick a method or two to promote your own favorite affiliate product.Create an amazing bonus offer around it. ... Mention product in an epic content post. ... Create a course around it. ... Put together a product giveaway. ... Compile a list of people using the product. ... Do a mega comparison post.More items...•Jun 24, 2019",
      "title": "The Best Affiliate Programs and 26 Ways To Promote Them",
      "link": "http://smartbusinesstrends.com/best-affiliate-programs/",
      "displayed_link": "smartbusinesstrends.com › best-affiliate-programs"
    }
  ],
  "organic_results": [
    {
      "position": 1,
      "title": "Affiliate Marketing Made Simple: A Step-by-Step Guide",
      "link": "https://neilpatel.com/what-is-affiliate-marketing/",
      "displayed_link": "neilpatel.com › what-is-affiliate-marketing",
      "snippet": "Affiliate marketing is the process of earning a commission by promoting other ... affiliates to promote your product and this is where affiliate networks can help.",
      "rich_snippet": {
        "bottom": {
          "questions": [
            "What is affiliate marketing?",
            "How much money can you make as an affiliate marketer?",
            "What are some of the most popular affilaite networks?",
            "Is affiliate marketing a pyramid scheme?"
          ]
        }
      }
    },
    {
      "position": 2,
      "title": "Affiliate Marketing in 2020: What It Is + How Beginners Can Start",
      "link": "https://www.bigcommerce.com/blog/affiliate-marketing/",
      "displayed_link": "www.bigcommerce.com › blog › affiliate-marketing",
      "snippet": "How Do Affiliate Marketers Get Paid? Why Be an Affiliate Marketer? Common Types of Affiliate Marketing Channels; Tips to Help You Become A Successful ...",
      "sitelinks": {
        "inline": [
          {
            "title": "How Does Affiliate ...",
            "link": "https://www.bigcommerce.com/blog/affiliate-marketing/#how-does-affiliate-marketing-work"
          },
          {
            "title": "Tips to Help You Become A ...",
            "link": "https://www.bigcommerce.com/blog/affiliate-marketing/#tips-to-help-you-become-a-successful-affiliate-marketer"
          },
          {
            "title": "What Affiliate Marketing ...",
            "link": "https://www.bigcommerce.com/blog/affiliate-marketing/#what-affiliate-marketing-strategies-should-you-employ-in-2020"
          }
        ]
      },
      "cached_page_link": "https://webcache.googleusercontent.com/search?q=cache:u3DLER_kwN8J:https://www.bigcommerce.com/blog/affiliate-marketing/+&cd=11&hl=en&ct=clnk&gl=us"
    },
    {
      "position": 3,
      "title": "Can You Make Money from Affiliate Marketing?",
      "link": "https://www.tipsandtricks-hq.com/can-you-make-money-from-affiliate-marketing-if-so-how-2473",
      "displayed_link": "www.tipsandtricks-hq.com › can-you-make-money-from-affiliate-mar...",
      "date": "Sep 18, 2016",
      "snippet": "What affiliate marketing is and the different types of affiliate marketing. ... are no magical tips in this article that will help you get rich overnight.",
      "cached_page_link": "https://webcache.googleusercontent.com/search?q=cache:QU9oMG2BKKAJ:https://www.tipsandtricks-hq.com/can-you-make-money-from-affiliate-marketing-if-so-how-2473+&cd=12&hl=en&ct=clnk&gl=us",
      "related_pages_link": "https://www.google.com/search?q=related:https://www.tipsandtricks-hq.com/can-you-make-money-from-affiliate-marketing-if-so-how-2473+affiliate+marketing+help&tbo=1&sa=X&ved=2ahUKEwif1N-7-5TnAhU_yosBHZJMCI4QHzALegQIARAJ"
    },
    {
      "position": 4,
      "title": "How to Make Money While You Sleep With Affiliate Marketing",
      "link": "https://optinmonster.com/get-started-with-affiliate-marketing/",
      "displayed_link": "optinmonster.com › get-started-with-affiliate-marketing",
      "date": "Jan 3, 2020",
      "snippet": "If you're brand new to it, this post will help you get started. If you're already into affiliate marketing, you'll probably still find something in here ...",
      "cached_page_link": "https://webcache.googleusercontent.com/search?q=cache:tfZ0n3ZEtykJ:https://optinmonster.com/get-started-with-affiliate-marketing/+&cd=13&hl=en&ct=clnk&gl=us"
    },
    {
      "position": 5,
      "title": "7 Big Mistakes New Affiliate Marketers Make - Marketing Land",
      "link": "https://marketingland.com/7-big-mistakes-new-affiliate-marketers-make-19195",
      "displayed_link": "marketingland.com › 7-big-mistakes-new-affiliate-marketers-make-19...",
      "date": "Aug 24, 2012",
      "snippet": "When I first started in affiliate marketing, all I wanted was to just make money. ... I didn't help the reader learn why they should have this product.",
      "cached_page_link": "https://webcache.googleusercontent.com/search?q=cache:CffuOB7FBfYJ:https://marketingland.com/7-big-mistakes-new-affiliate-marketers-make-19195+&cd=14&hl=en&ct=clnk&gl=us"
    },
    {
      "position": 6,
      "title": "How to Start Affiliate Marketing for Beginners (A Step by Step ...",
      "link": "https://www.locationrebel.com/how-to-start-affiliate-marketing/",
      "displayed_link": "www.locationrebel.com › how-to-start-affiliate-marketing",
      "date": "Jan 25, 2019",
      "snippet": "Learning how to start affiliate marketing isn't nearly as hard as you ... for a year and was designed to help you build a business during that time.",
      "cached_page_link": "https://webcache.googleusercontent.com/search?q=cache:5Zfn7zS4XyYJ:https://www.locationrebel.com/how-to-start-affiliate-marketing/+&cd=15&hl=en&ct=clnk&gl=us",
      "related_pages_link": "https://www.google.com/search?q=related:https://www.locationrebel.com/how-to-start-affiliate-marketing/+affiliate+marketing+help&tbo=1&sa=X&ved=2ahUKEwif1N-7-5TnAhU_yosBHZJMCI4QHzAOegQIBxAJ"
    },
    {
      "position": 7,
      "title": "Affiliate Marketing for Beginners: How to Make Your First ...",
      "link": "https://www.affilorama.com/blog/first-affiliate-marketing-sale",
      "displayed_link": "www.affilorama.com › Affiliate Marketing Blog",
      "date": "Oct 17, 2018",
      "snippet": "All the work you put in is to help you make your first affiliate marketing sale. There is nothing like a first sale to motivate you and make you keep ...",
      "cached_page_link": "https://webcache.googleusercontent.com/search?q=cache:0VDbL9iRLw8J:https://www.affilorama.com/blog/first-affiliate-marketing-sale+&cd=16&hl=en&ct=clnk&gl=us",
      "related_pages_link": "https://www.google.com/search?q=related:https://www.affilorama.com/blog/first-affiliate-marketing-sale+affiliate+marketing+help&tbo=1&sa=X&ved=2ahUKEwif1N-7-5TnAhU_yosBHZJMCI4QHzAPegQICBAL"
    },
    {
      "position": 8,
      "title": "Can You Really Make Money with Affiliate Marketing?",
      "link": "https://www.thebalancesmb.com/can-you-really-make-money-with-affiliate-marketing-1794168",
      "displayed_link": "www.thebalancesmb.com › ... › Home Business Ideas › Ideas",
      "snippet": "Like any form of self-employment or business model, affiliate marketing has both advantages and disadvantages. Understanding these will help you decide ...",
      "cached_page_link": "https://webcache.googleusercontent.com/search?q=cache:aCOscJyPEbkJ:https://www.thebalancesmb.com/can-you-really-make-money-with-affiliate-marketing-1794168+&cd=17&hl=en&ct=clnk&gl=us"
    },
    {
      "position": 9,
      "title": "The Definitive Guide To Affiliate Marketing - Forbes",
      "link": "https://www.forbes.com/sites/robertadams/2017/05/25/the-definitive-guide-to-affiliate-marketing/",
      "displayed_link": "www.forbes.com › sites › robertadams › 2017/05/25 › the-definitive-...",
      "date": "May 25, 2017",
      "snippet": "The large rate of failure helps to mystify and obfuscate this world of affiliate marketing because so many are trying to penetrate this market but ...",
      "cached_page_link": "https://webcache.googleusercontent.com/search?q=cache:fZEI7TeFDy0J:https://www.forbes.com/sites/robertadams/2017/05/25/the-definitive-guide-to-affiliate-marketing/+&cd=18&hl=en&ct=clnk&gl=us"
    }
  ],
  "related_search_boxes": [
    {
      "position": 1,
      "query": "Top affiliate marketing platforms",
      "results": []
    }
  ],
  "related_searches": [
    {
      "query": "how to start affiliate marketing",
      "link": "https://www.google.com/search?q=how+to+start+affiliate+marketing&sa=X&ved=2ahUKEwif1N-7-5TnAhU_yosBHZJMCI4Q1QIoAHoECA8QAQ"
    },
    {
      "query": "affiliate marketing for beginners",
      "link": "https://www.google.com/search?q=affiliate+marketing+for+beginners&sa=X&ved=2ahUKEwif1N-7-5TnAhU_yosBHZJMCI4Q1QIoAXoECA8QAg"
    },
    {
      "query": "affiliate marketing companies",
      "link": "https://www.google.com/search?q=affiliate+marketing+companies&sa=X&ved=2ahUKEwif1N-7-5TnAhU_yosBHZJMCI4Q1QIoAnoECA8QAw"
    },
    {
      "query": "affiliate marketing examples",
      "link": "https://www.google.com/search?q=affiliate+marketing+examples&sa=X&ved=2ahUKEwif1N-7-5TnAhU_yosBHZJMCI4Q1QIoA3oECA8QBA"
    },
    {
      "query": "affiliate marketing definition",
      "link": "https://www.google.com/search?q=affiliate+marketing+definition&sa=X&ved=2ahUKEwif1N-7-5TnAhU_yosBHZJMCI4Q1QIoBHoECA8QBQ"
    },
    {
      "query": "what is affiliate marketing and how does it work",
      "link": "https://www.google.com/search?q=what+is+affiliate+marketing+and+how+does+it+work&sa=X&ved=2ahUKEwif1N-7-5TnAhU_yosBHZJMCI4Q1QIoBXoECA8QBg"
    },
    {
      "query": "affiliate marketing amazon",
      "link": "https://www.google.com/search?q=affiliate+marketing+amazon&sa=X&ved=2ahUKEwif1N-7-5TnAhU_yosBHZJMCI4Q1QIoBnoECA8QBw"
    },
    {
      "query": "clickbank affiliate marketing",
      "link": "https://www.google.com/search?q=clickbank+affiliate+marketing&sa=X&ved=2ahUKEwif1N-7-5TnAhU_yosBHZJMCI4Q1QIoB3oECA8QCA"
    }
  ],
  "pagination": {
    "current": 1,
    "next": "https://www.google.com/search?q=affiliate+marketing+help&ei=2xInXt_6Br-Ur7wPkpmh8Ag&start=10&sa=N&ved=2ahUKEwif1N-7-5TnAhU_yosBHZJMCI4Q8NMDegQIERBB",
    "other_pages": {
      "2": "https://www.google.com/search?q=affiliate+marketing+help&ei=2xInXt_6Br-Ur7wPkpmh8Ag&start=10&sa=N&ved=2ahUKEwif1N-7-5TnAhU_yosBHZJMCI4Q8tMDegQIERAv",
      "3": "https://www.google.com/search?q=affiliate+marketing+help&ei=2xInXt_6Br-Ur7wPkpmh8Ag&start=20&sa=N&ved=2ahUKEwif1N-7-5TnAhU_yosBHZJMCI4Q8tMDegQIERAx",
      "4": "https://www.google.com/search?q=affiliate+marketing+help&ei=2xInXt_6Br-Ur7wPkpmh8Ag&start=30&sa=N&ved=2ahUKEwif1N-7-5TnAhU_yosBHZJMCI4Q8tMDegQIERAz",
      "5": "https://www.google.com/search?q=affiliate+marketing+help&ei=2xInXt_6Br-Ur7wPkpmh8Ag&start=40&sa=N&ved=2ahUKEwif1N-7-5TnAhU_yosBHZJMCI4Q8tMDegQIERA1",
      "6": "https://www.google.com/search?q=affiliate+marketing+help&ei=2xInXt_6Br-Ur7wPkpmh8Ag&start=50&sa=N&ved=2ahUKEwif1N-7-5TnAhU_yosBHZJMCI4Q8tMDegQIERA3",
      "7": "https://www.google.com/search?q=affiliate+marketing+help&ei=2xInXt_6Br-Ur7wPkpmh8Ag&start=60&sa=N&ved=2ahUKEwif1N-7-5TnAhU_yosBHZJMCI4Q8tMDegQIERA5",
      "8": "https://www.google.com/search?q=affiliate+marketing+help&ei=2xInXt_6Br-Ur7wPkpmh8Ag&start=70&sa=N&ved=2ahUKEwif1N-7-5TnAhU_yosBHZJMCI4Q8tMDegQIERA7",
      "9": "https://www.google.com/search?q=affiliate+marketing+help&ei=2xInXt_6Br-Ur7wPkpmh8Ag&start=80&sa=N&ved=2ahUKEwif1N-7-5TnAhU_yosBHZJMCI4Q8tMDegQIERA9",
      "10": "https://www.google.com/search?q=affiliate+marketing+help&ei=2xInXt_6Br-Ur7wPkpmh8Ag&start=90&sa=N&ved=2ahUKEwif1N-7-5TnAhU_yosBHZJMCI4Q8tMDegQIERA_"
    }
  },
  "serpapi_pagination": {
    "current": 1,
    "next_link": "https://serpapi.com/search.json?device=desktop&engine=google&google_domain=google.com&q=affiliate+marketing+help&start=10&token=f0f506771410561d",
    "next": "https://serpapi.com/search.json?device=desktop&engine=google&google_domain=google.com&q=affiliate+marketing+help&start=10&token=f0f506771410561d",
    "other_pages": {
      "2": "https://serpapi.com/search.json?device=desktop&engine=google&google_domain=google.com&q=affiliate+marketing+help&start=10&token=f0f506771410561d",
      "3": "https://serpapi.com/search.json?device=desktop&engine=google&google_domain=google.com&q=affiliate+marketing+help&start=20&token=609e4bed46c5c613",
      "4": "https://serpapi.com/search.json?device=desktop&engine=google&google_domain=google.com&q=affiliate+marketing+help&start=30&token=5b2a551c9a453315",
      "5": "https://serpapi.com/search.json?device=desktop&engine=google&google_domain=google.com&q=affiliate+marketing+help&start=40&token=b34cdee1850e6232",
      "6": "https://serpapi.com/search.json?device=desktop&engine=google&google_domain=google.com&q=affiliate+marketing+help&start=50&token=65659407a60ebf8a",
      "7": "https://serpapi.com/search.json?device=desktop&engine=google&google_domain=google.com&q=affiliate+marketing+help&start=60&token=3f580f99d98f976e",
      "8": "https://serpapi.com/search.json?device=desktop&engine=google&google_domain=google.com&q=affiliate+marketing+help&start=70&token=da3a8a7657616565",
      "9": "https://serpapi.com/search.json?device=desktop&engine=google&google_domain=google.com&q=affiliate+marketing+help&start=80&token=4b4b06d5b1f8c980",
      "10": "https://serpapi.com/search.json?device=desktop&engine=google&google_domain=google.com&q=affiliate+marketing+help&start=90&token=943e495858549ed4"
    }
  }
}