{
  "search_metadata": {
    "id": "",
    "status": "Success",
    "json_endpoint": "",
    "created_at": "2020-01-21 14:54:50 UTC",
    "processed_at": "2020-01-21 14:54:50 UTC",
    "google_url": "https://www.google.com/search?q=affiliate+000webhost&oq=affiliate+000webhost&sourceid=chrome&ie=UTF-8",
    "raw_html_file": "",
    "total_time_taken": 2.37
  },
  "search_parameters": {
    "engine": "google",
    "q": "affiliate 000webhost",
    "google_domain": "google.com",
    "device": "desktop"
  },
  "search_information": {
    "organic_results_state": "Results for exact spelling",
    "total_results": 104000,
    "time_taken_displayed": 0.33,
    "query_displayed": "affiliate 000webhost"
  },
  "knowledge_graph": {},
  "organic_results": [
    {
      "position": 1,
      "title": "Affiliate Login - 000webhost.com",
      "link": "https://www.000webhost.com/affiliates",
      "displayed_link": "www.000webhost.com › affiliates",
      "snippet": "Free Web Hosting with PHP, MySQL, Website Builder.",
      "cached_page_link": "https://webcache.googleusercontent.com/search?q=cache:PQYe1B1ojg0J:https://www.000webhost.com/affiliates+&cd=1&hl=en&ct=clnk&gl=us",
      "related_pages_link": "https://www.google.com/search?q=related:https://www.000webhost.com/affiliates+affiliate+000webhost&tbo=1&sa=X&ved=2ahUKEwj-v8y4-ZTnAhXSkFwKHTdjBVYQHzAAegQIAhAJ"
    },
    {
      "position": 2,
      "title": "000webhost affiliate program seems like a scam - Community support ...",
      "link": "https://www.000webhost.com/forum/t/000webhost-affiliate-program-seems-like-a-scam/95158",
      "displayed_link": "www.000webhost.com › forum › 000webhost-affiliate-program-seem...",
      "date": "Nov 20, 2017",
      "snippet": "Hi I am a 000webhost affiliate program member. I have been a member for 4 months. I have sent you 5 referrals and my account says I have 5 ...",
      "cached_page_link": "https://webcache.googleusercontent.com/search?q=cache:HAl4NM2Tb4oJ:https://www.000webhost.com/forum/t/000webhost-affiliate-program-seems-like-a-scam/95158+&cd=2&hl=en&ct=clnk&gl=us"
    },
    {
      "position": 3,
      "title": "Affiliate program of 000webhost - Community support - 000webhost forum",
      "link": "https://www.000webhost.com/forum/t/affiliate-program-of-000webhost/53974",
      "displayed_link": "www.000webhost.com › forum › affiliate-program-of-000webhost",
      "date": "Mar 9, 2017",
      "snippet": "I started affiliate program of 000webhost and want to know how i can get .com domain after refering people? i don't want to withdraw my ...",
      "cached_page_link": "https://webcache.googleusercontent.com/search?q=cache:bu7MtZ2iGNEJ:https://www.000webhost.com/forum/t/affiliate-program-of-000webhost/53974+&cd=3&hl=en&ct=clnk&gl=us"
    },
    {
      "position": 4,
      "title": "Referral Affiliate Program? - Community support - 000webhost forum",
      "link": "https://www.000webhost.com/forum/t/referral-affiliate-program/53112",
      "displayed_link": "www.000webhost.com › forum › referral-affiliate-program",
      "date": "Mar 1, 2017",
      "snippet": "Hi, I just noticed the section on 000webhost about gaining referrals from advertising about 000webhost. I was wondering if someone could help ...",
      "rich_snippet": {
        "top": {
          "detected_extensions": {
            "answer": 1
          },
          "extensions": [
            "1 answer"
          ]
        }
      },
      "cached_page_link": "https://webcache.googleusercontent.com/search?q=cache:yvXPL5BFf44J:https://www.000webhost.com/forum/t/referral-affiliate-program/53112+&cd=4&hl=en&ct=clnk&gl=us"
    },
    {
      "position": 5,
      "title": "000webhost affiliate earn money question - 000webhost forum",
      "link": "https://www.000webhost.com/forum/t/000webhost-affiliate-earn-money-question/30091",
      "displayed_link": "www.000webhost.com › forum › 000webhost-affiliate-earn-money-q...",
      "date": "Sep 28, 2016",
      "snippet": "Hi good day webhost.. i already reached 30+ Active Sign ups in my referral affiliate and i already updated my paypal account. i already tried ...",
      "cached_page_link": "https://webcache.googleusercontent.com/search?q=cache:iKzUmoyVsvUJ:https://www.000webhost.com/forum/t/000webhost-affiliate-earn-money-question/30091+&cd=5&hl=en&ct=clnk&gl=us",
      "related_pages_link": "https://www.google.com/search?q=related:https://www.000webhost.com/forum/t/000webhost-affiliate-earn-money-question/30091+affiliate+000webhost&tbo=1&sa=X&ved=2ahUKEwj-v8y4-ZTnAhXSkFwKHTdjBVYQHzAEegQIBBAJ"
    },
    {
      "position": 6,
      "title": "Details about Affiliate Program - Community support - 000webhost forum",
      "link": "https://www.000webhost.com/forum/t/details-about-affiliate-program/152720",
      "displayed_link": "www.000webhost.com › forum › details-about-affiliate-program",
      "date": "Jan 31, 2019",
      "snippet": "I wanted to know some details about the affiliate program of 000webhost. After how many days a refferal account will be approved for ...",
      "rich_snippet": {
        "top": {
          "detected_extensions": {
            "answer": 1
          },
          "extensions": [
            "1 answer"
          ]
        }
      },
      "cached_page_link": "https://webcache.googleusercontent.com/search?q=cache:1-15VT0qpaIJ:https://www.000webhost.com/forum/t/details-about-affiliate-program/152720+&cd=6&hl=en&ct=clnk&gl=us"
    },
    {
      "position": 7,
      "title": "Affiliate marketing - 000Webhost",
      "link": "https://www.000webhost.com/blog/affiliate-marketing-programs/",
      "displayed_link": "www.000webhost.com › Blog › Comparison",
      "date": "Mar 28, 2019",
      "snippet": "Do you want to make money but don't know how? Affiliate marketing programs are a great way to start! In this article, you'll find a list of the best ...",
      "cached_page_link": "https://webcache.googleusercontent.com/search?q=cache:v7QsQDqQJ-cJ:https://www.000webhost.com/blog/affiliate-marketing-programs/+&cd=7&hl=en&ct=clnk&gl=us"
    },
    {
      "position": 8,
      "title": "Affiliate marketing - 000Webhost",
      "link": "https://www.000webhost.com/blog/amazon-affiliate-marketing",
      "displayed_link": "www.000webhost.com › Blog › Basic How-To",
      "date": "Mar 26, 2019",
      "snippet": "The Amazon Affiliate Marketing program is one of the best ways to make money online. Check out our article to learn all about it.",
      "cached_page_link": "https://webcache.googleusercontent.com/search?q=cache:Iy_UDYMbN3YJ:https://www.000webhost.com/blog/amazon-affiliate-marketing+&cd=8&hl=en&ct=clnk&gl=us"
    },
    {
      "position": 9,
      "title": "Set affiliate link on Powered by 000webhost link - Website ...",
      "link": "https://www.000webhost.com/forum/t/set-affiliate-link-on-powered-by-000webhost-link/64562",
      "displayed_link": "www.000webhost.com › forum › set-affiliate-link-on-powered-by-00...",
      "date": "May 10, 2017",
      "snippet": "Just released my site on 000webhost and I want to change the Powered by 000webhost link to my affiliate link, how could it be done?",
      "cached_page_link": "https://webcache.googleusercontent.com/search?q=cache:l54aVD8rFS4J:https://www.000webhost.com/forum/t/set-affiliate-link-on-powered-by-000webhost-link/64562+&cd=9&hl=en&ct=clnk&gl=us"
    },
    {
      "position": 10,
      "title": "Is 000Webhost affiliate program paying? | Affiliate Marketing ...",
      "link": "https://www.affiliatefix.com/threads/is-000webhost-affiliate-program-paying.159000/",
      "displayed_link": "www.affiliatefix.com › Getting Started › Newbie Helpdesk",
      "snippet": "Hi, I have been sharing my 000Webhost affiliate link for 2 years now. I have 25 registrations but since 000Webhost was adquired by Hostinger, ...",
      "rich_snippet": {
        "top": {
          "detected_extensions": {
            "mar_posts": 4,
            "authors": 5
          },
          "extensions": [
            "Mar 4, 2019 - 9 posts",
            "5 authors"
          ]
        }
      },
      "cached_page_link": "https://webcache.googleusercontent.com/search?q=cache:cHfh9AgPKlUJ:https://www.affiliatefix.com/threads/is-000webhost-affiliate-program-paying.159000/+&cd=10&hl=en&ct=clnk&gl=us"
    }
  ],
  "related_searches": [
    {
      "query": "files 000webhost login",
      "link": "https://www.google.com/search?q=files+000webhost+login&sa=X&ved=2ahUKEwj-v8y4-ZTnAhXSkFwKHTdjBVYQ1QIoAHoECAsQAQ"
    },
    {
      "query": "000webhost database login",
      "link": "https://www.google.com/search?q=000webhost+database+login&sa=X&ved=2ahUKEwj-v8y4-ZTnAhXSkFwKHTdjBVYQ1QIoAXoECAsQAg"
    },
    {
      "query": "000webhost account details",
      "link": "https://www.google.com/search?q=000webhost+account+details&sa=X&ved=2ahUKEwj-v8y4-ZTnAhXSkFwKHTdjBVYQ1QIoAnoECAsQAw"
    },
    {
      "query": "000webhost websites list",
      "link": "https://www.google.com/search?q=000webhost+websites+list&sa=X&ved=2ahUKEwj-v8y4-ZTnAhXSkFwKHTdjBVYQ1QIoA3oECAsQBA"
    },
    {
      "query": "000webhost review",
      "link": "https://www.google.com/search?q=000webhost+review&sa=X&ved=2ahUKEwj-v8y4-ZTnAhXSkFwKHTdjBVYQ1QIoBHoECAsQBQ"
    },
    {
      "query": "files 000webhost com cpanel",
      "link": "https://www.google.com/search?q=files+000webhost+com+cpanel&sa=X&ved=2ahUKEwj-v8y4-ZTnAhXSkFwKHTdjBVYQ1QIoBXoECAsQBg"
    },
    {
      "query": "000webhost login file manager",
      "link": "https://www.google.com/search?q=000webhost+login+file+manager&sa=X&ved=2ahUKEwj-v8y4-ZTnAhXSkFwKHTdjBVYQ1QIoBnoECAsQBw"
    },
    {
      "query": "000webhost earn money",
      "link": "https://www.google.com/search?q=000webhost+earn+money&sa=X&ved=2ahUKEwj-v8y4-ZTnAhXSkFwKHTdjBVYQ1QIoB3oECAsQCA"
    }
  ],
  "pagination": {
    "current": 1,
    "next": "https://www.google.com/search?q=affiliate+000webhost&ei=uxAnXr72JtKh8gK3xpWwBQ&start=10&sa=N&ved=2ahUKEwj-v8y4-ZTnAhXSkFwKHTdjBVYQ8NMDegQIDBA_",
    "other_pages": {
      "2": "https://www.google.com/search?q=affiliate+000webhost&ei=uxAnXr72JtKh8gK3xpWwBQ&start=10&sa=N&ved=2ahUKEwj-v8y4-ZTnAhXSkFwKHTdjBVYQ8tMDegQIDBAt",
      "3": "https://www.google.com/search?q=affiliate+000webhost&ei=uxAnXr72JtKh8gK3xpWwBQ&start=20&sa=N&ved=2ahUKEwj-v8y4-ZTnAhXSkFwKHTdjBVYQ8tMDegQIDBAv",
      "4": "https://www.google.com/search?q=affiliate+000webhost&ei=uxAnXr72JtKh8gK3xpWwBQ&start=30&sa=N&ved=2ahUKEwj-v8y4-ZTnAhXSkFwKHTdjBVYQ8tMDegQIDBAx",
      "5": "https://www.google.com/search?q=affiliate+000webhost&ei=uxAnXr72JtKh8gK3xpWwBQ&start=40&sa=N&ved=2ahUKEwj-v8y4-ZTnAhXSkFwKHTdjBVYQ8tMDegQIDBAz",
      "6": "https://www.google.com/search?q=affiliate+000webhost&ei=uxAnXr72JtKh8gK3xpWwBQ&start=50&sa=N&ved=2ahUKEwj-v8y4-ZTnAhXSkFwKHTdjBVYQ8tMDegQIDBA1",
      "7": "https://www.google.com/search?q=affiliate+000webhost&ei=uxAnXr72JtKh8gK3xpWwBQ&start=60&sa=N&ved=2ahUKEwj-v8y4-ZTnAhXSkFwKHTdjBVYQ8tMDegQIDBA3",
      "8": "https://www.google.com/search?q=affiliate+000webhost&ei=uxAnXr72JtKh8gK3xpWwBQ&start=70&sa=N&ved=2ahUKEwj-v8y4-ZTnAhXSkFwKHTdjBVYQ8tMDegQIDBA5",
      "9": "https://www.google.com/search?q=affiliate+000webhost&ei=uxAnXr72JtKh8gK3xpWwBQ&start=80&sa=N&ved=2ahUKEwj-v8y4-ZTnAhXSkFwKHTdjBVYQ8tMDegQIDBA7",
      "10": "https://www.google.com/search?q=affiliate+000webhost&ei=uxAnXr72JtKh8gK3xpWwBQ&start=90&sa=N&ved=2ahUKEwj-v8y4-ZTnAhXSkFwKHTdjBVYQ8tMDegQIDBA9"
    }
  },
  "serpapi_pagination": {
    "current": 1,
    "next_link": "https://serpapi.com/search.json?device=desktop&engine=google&google_domain=google.com&q=affiliate+000webhost&start=10&token=90dbf63a25515030",
    "next": "https://serpapi.com/search.json?device=desktop&engine=google&google_domain=google.com&q=affiliate+000webhost&start=10&token=90dbf63a25515030",
    "other_pages": {
      "2": "https://serpapi.com/search.json?device=desktop&engine=google&google_domain=google.com&q=affiliate+000webhost&start=10&token=90dbf63a25515030",
      "3": "https://serpapi.com/search.json?device=desktop&engine=google&google_domain=google.com&q=affiliate+000webhost&start=20&token=9c76e2ba254c7766",
      "4": "https://serpapi.com/search.json?device=desktop&engine=google&google_domain=google.com&q=affiliate+000webhost&start=30&token=530ad10f8bc9c470",
      "5": "https://serpapi.com/search.json?device=desktop&engine=google&google_domain=google.com&q=affiliate+000webhost&start=40&token=558b73c9c4c499a0",
      "6": "https://serpapi.com/search.json?device=desktop&engine=google&google_domain=google.com&q=affiliate+000webhost&start=50&token=0db167b275badb5d",
      "7": "https://serpapi.com/search.json?device=desktop&engine=google&google_domain=google.com&q=affiliate+000webhost&start=60&token=19334a51d5b9224b",
      "8": "https://serpapi.com/search.json?device=desktop&engine=google&google_domain=google.com&q=affiliate+000webhost&start=70&token=7f00c13542d5f096",
      "9": "https://serpapi.com/search.json?device=desktop&engine=google&google_domain=google.com&q=affiliate+000webhost&start=80&token=7ecb2abbf2625725",
      "10": "https://serpapi.com/search.json?device=desktop&engine=google&google_domain=google.com&q=affiliate+000webhost&start=90&token=4da98cae425c783c"
    }
  }
}