{
  "search_metadata": {
    "id": "",
    "status": "Success",
    "json_endpoint": "",
    "created_at": "2020-01-21 03:30:00 UTC",
    "processed_at": "2020-01-21 03:30:00 UTC",
    "google_url": "https://www.google.com/search?q=affiliate+window&oq=affiliate+window&sourceid=chrome&ie=UTF-8",
    "raw_html_file": "",
    "total_time_taken": 3.31
  },
  "search_parameters": {
    "engine": "google",
    "q": "affiliate window",
    "google_domain": "google.com",
    "device": "desktop"
  },
  "search_information": {
    "organic_results_state": "Results for exact spelling",
    "total_results": 587000000,
    "time_taken_displayed": 0.66,
    "query_displayed": "affiliate window"
  },
  "knowledge_graph": {},
  "related_questions": [
    {
      "question": "How do I join awin?",
      "snippet": "On the left hand side of this Create profile page you will see a link to “Signup And Join Program”. Click this to continue to the Awin sign up screen. Alternatively you can visit the Awin Homepage and click “Become a Publisher” to sign up, then find the Create profile later to join the program.",
      "title": "How to join the Create affiliate program and start earning money ...",
      "link": "https://www.create.net/support/how-to-join-the-create-affiliate-program-and-start-earning-money-through-referrals",
      "displayed_link": "www.create.net › support › how-to-join-the-create-affiliate-program-and..."
    },
    {
      "question": "Which affiliate network is best?",
      "snippet": "The Best Affiliate Networks in 2019ShareASale.ClickBank.CJ Affiliate (formerly Commission Junction)Amazon Associates.eBay Partner Network (EPN)FlexOffers.Pepperjam.Rakuten Marketing (formerly LinkShare)Sep 25, 2019",
      "title": "The 8 Best Affiliate Networks for Earning Passive Income in 2019",
      "link": "https://smartblogger.com/affiliate-networks/",
      "displayed_link": "smartblogger.com › affiliate-networks"
    },
    {
      "question": "What is an affiliate publisher?",
      "snippet": "An affiliate marketing publisher is an individual website owner or business entity that earns commissions for referring sales, leads, and traffic to an advertiser by placing affiliate marketing advertisements such as links and banners on their websites.Apr 3, 2011",
      "title": "What is an Affiliate Marketing Publisher? A Definition of Affiliate ...",
      "link": "http://www.affiliatenetworknews.com/affiliate-marketing-tips/what-is-an-affiliate-marketing-publisher/",
      "displayed_link": "www.affiliatenetworknews.com › affiliate-marketing-tips › what-is-an-af..."
    },
    {
      "question": "What does an affiliate network do?",
      "snippet": "An affiliate network is a group of associated (or affiliated) companies that sometimes offer compatible or complementary products and will often pass leads to each other. ... They may offer cross-promotional deals, encouraging clients who have utilized their services to look into the services offered by an affiliate.Aug 23, 2019",
      "title": "Affiliate Network Definition - Investopedia",
      "link": "https://www.investopedia.com/terms/a/affiliate-network.asp",
      "displayed_link": "www.investopedia.com › terms › affiliate-network"
    }
  ],
  "organic_results": [
    {
      "position": 1,
      "title": "Awin: Global Affiliate Marketing Network",
      "link": "https://www.awin.com/us",
      "displayed_link": "www.awin.com › ...",
      "snippet": "Grow your business with a global affiliate marketing network that delivers marketing solutions for advertisers, agencies and publishers around the world.",
      "sitelinks": {
        "expanded": [
          {
            "title": "Publishers",
            "link": "https://www.awin.com/us/publishers",
            "snippet": "Monetize your business by joining an affiliate network designed for ..."
          },
          {
            "title": "We create trusted partnerships ...",
            "link": "https://www.awin.com/ca",
            "snippet": "We create trusted partnerships that drive growth. Our global affiliate ..."
          },
          {
            "title": "Affilinet",
            "link": "https://www.awin.com/gb",
            "snippet": "Affiliate marketing is a simple way to earn money online, using our ..."
          },
          {
            "title": "About Us",
            "link": "https://www.awin.com/us/about-us",
            "snippet": "... in a world where technology shouldn't be the only focus ..."
          },
          {
            "title": "Affiliate Marketing",
            "link": "https://www.awin.com/au",
            "snippet": "Affiliate marketing is a simple way to earn money online and ..."
          },
          {
            "title": "Advertisers",
            "link": "https://www.awin.com/us/advertisers",
            "snippet": "Partner with Awin to become part of an international affiliate ..."
          }
        ]
      },
      "cached_page_link": "https://webcache.googleusercontent.com/search?q=cache:OhexsiNB_m0J:https://www.awin.com/us+&cd=1&hl=en&ct=clnk&gl=us",
      "related_pages_link": "https://www.google.com/search?q=related:https://www.awin.com/us+affiliate+window&tbo=1&sa=X&ved=2ahUKEwiK_9uv4JPnAhWXWM0KHbSaD_UQHzAAegQIBxAK"
    },
    {
      "position": 2,
      "title": "Awin - Wikipedia",
      "link": "https://en.wikipedia.org/wiki/Awin",
      "displayed_link": "en.wikipedia.org › wiki › Awin",
      "snippet": "Awin is a global affiliate network. Made up of more than 100,000 contributing publishers and ... Formed in 2010 following the acquisition of Affiliate Window, and zanox belonged to the zanox Group. In 2013, easyfundraising.org.uk announced ...",
      "cached_page_link": "https://webcache.googleusercontent.com/search?q=cache:cIvp6Ts2BK4J:https://en.wikipedia.org/wiki/Awin+&cd=8&hl=en&ct=clnk&gl=us"
    },
    {
      "position": 3,
      "title": "Affiliate Window - App Samurai",
      "link": "https://appsamurai.com/affiliate-window/",
      "displayed_link": "appsamurai.com › affiliate-window",
      "snippet": "Affiliate Window is a global marketing network that uses an innovative and ethical approach in performance marketing. Their technology is internally developed using the newest methods, offering advertisers custom proprietary solutions.",
      "cached_page_link": "https://webcache.googleusercontent.com/search?q=cache:Kg8MR27Vvv4J:https://appsamurai.com/affiliate-window/+&cd=9&hl=en&ct=clnk&gl=us"
    },
    {
      "position": 4,
      "title": "Affiliate Window Reviews | Read Customer Service Reviews ...",
      "link": "https://www.trustpilot.com/review/www.affiliatewindow.com",
      "displayed_link": "www.trustpilot.com › review › www.affiliatewindow.com",
      "snippet": "How many stars would you give Affiliate Window? Join the 17 people who've already contributed. Your experience matters.",
      "rich_snippet": {
        "top": {
          "detected_extensions": {
            "rating": 1.8,
            "reviews": 17
          },
          "extensions": [
            "Rating: 1.8",
            "17 reviews"
          ]
        }
      },
      "cached_page_link": "https://webcache.googleusercontent.com/search?q=cache:DWQQOSyony4J:https://www.trustpilot.com/review/www.affiliatewindow.com+&cd=10&hl=en&ct=clnk&gl=us",
      "related_pages_link": "https://www.google.com/search?q=related:https://www.trustpilot.com/review/www.affiliatewindow.com+affiliate+window&tbo=1&sa=X&ved=2ahUKEwiK_9uv4JPnAhWXWM0KHbSaD_UQHzAJegQIAhAJ"
    },
    {
      "position": 5,
      "title": "affiliatewindow.com Affiliate Program - VigLink",
      "link": "http://www.viglink.com/merchants/32640/affiliatewindow.com-affiliate-program",
      "displayed_link": "www.viglink.com › merchants › affiliatewindow.com-affiliate-program",
      "snippet": "This site contains affiliate links. //Commerce or our Publishers may be compensated when you click through links on our site.",
      "cached_page_link": "http://webcache.googleusercontent.com/search?q=cache:NA8EgW-78QQJ:www.viglink.com/merchants/32640/affiliatewindow.com-affiliate-program+&cd=19&hl=en&ct=clnk&gl=us"
    },
    {
      "position": 6,
      "title": "zanox and Affiliate Window rebrand to Awin - Axel Springer SE",
      "link": "https://www.axelspringer.com/en/press-releases/zanox-and-affiliate-window-rebrand-to-awin",
      "displayed_link": "www.axelspringer.com › Startseite › Press Releases",
      "date": "Mar 6, 2017",
      "snippet": "Affiliate marketing networks zanox and Affiliate Window have rebranded to Awin, to simplify its image and proposition to customers.",
      "cached_page_link": "https://webcache.googleusercontent.com/search?q=cache:ytBYTQ3YUysJ:https://www.axelspringer.com/en/press-releases/zanox-and-affiliate-window-rebrand-to-awin+&cd=20&hl=en&ct=clnk&gl=us"
    },
    {
      "position": 7,
      "title": "Affiliate Window unveils commission-per-assist model for ...",
      "link": "https://www.thedrum.com/news/2015/02/24/affiliate-window-unveils-commission-assist-model-publishers",
      "displayed_link": "www.thedrum.com › news › 2015/02/24 › affiliate-window-unveils-c...",
      "date": "Feb 24, 2015",
      "snippet": "Affiliate Window has introduced an attribution payment model which rewards publishers further up the sales funnel which would not normally ...",
      "cached_page_link": "https://webcache.googleusercontent.com/search?q=cache:aEb_ejNJjS8J:https://www.thedrum.com/news/2015/02/24/affiliate-window-unveils-commission-assist-model-publishers+&cd=21&hl=en&ct=clnk&gl=us"
    }
  ],
  "related_search_boxes": [
    {
      "position": 1,
      "query": "Affiliate network listView 2+ moreView 2+",
      "results": []
    }
  ],
  "related_searches": [
    {
      "query": "affiliate window uk",
      "link": "https://www.google.com/search?q=affiliate+window+uk&sa=X&ved=2ahUKEwiK_9uv4JPnAhWXWM0KHbSaD_UQ1QIoAHoECAkQAQ"
    },
    {
      "query": "awin pricing",
      "link": "https://www.google.com/search?q=awin+pricing&sa=X&ved=2ahUKEwiK_9uv4JPnAhWXWM0KHbSaD_UQ1QIoAXoECAkQAg"
    },
    {
      "query": "affiliate window linkedin",
      "link": "https://www.google.com/search?q=affiliate+window+linkedin&sa=X&ved=2ahUKEwiK_9uv4JPnAhWXWM0KHbSaD_UQ1QIoAnoECAkQAw"
    },
    {
      "query": "affiliate window merchant costs",
      "link": "https://www.google.com/search?q=affiliate+window+merchant+costs&sa=X&ved=2ahUKEwiK_9uv4JPnAhWXWM0KHbSaD_UQ1QIoA3oECAkQBA"
    },
    {
      "query": "awin global london",
      "link": "https://www.google.com/search?q=awin+global+london&sa=X&ved=2ahUKEwiK_9uv4JPnAhWXWM0KHbSaD_UQ1QIoBHoECAkQBQ"
    },
    {
      "query": "awin affiliate review",
      "link": "https://www.google.com/search?q=awin+affiliate+review&sa=X&ved=2ahUKEwiK_9uv4JPnAhWXWM0KHbSaD_UQ1QIoBXoECAkQBg"
    },
    {
      "query": "how does awin work",
      "link": "https://www.google.com/search?q=how+does+awin+work&sa=X&ved=2ahUKEwiK_9uv4JPnAhWXWM0KHbSaD_UQ1QIoBnoECAkQBw"
    },
    {
      "query": "awin london",
      "link": "https://www.google.com/search?q=awin+london&sa=X&ved=2ahUKEwiK_9uv4JPnAhWXWM0KHbSaD_UQ1QIoB3oECAkQCA"
    }
  ],
  "pagination": {
    "current": 1,
    "next": "https://www.google.com/search?q=affiliate+window&ei=OnAmXor6F5extQa0tb6oDw&start=10&sa=N&ved=2ahUKEwiK_9uv4JPnAhWXWM0KHbSaD_UQ8NMDegQIDBBA",
    "other_pages": {
      "2": "https://www.google.com/search?q=affiliate+window&ei=OnAmXor6F5extQa0tb6oDw&start=10&sa=N&ved=2ahUKEwiK_9uv4JPnAhWXWM0KHbSaD_UQ8tMDegQIDBAu",
      "3": "https://www.google.com/search?q=affiliate+window&ei=OnAmXor6F5extQa0tb6oDw&start=20&sa=N&ved=2ahUKEwiK_9uv4JPnAhWXWM0KHbSaD_UQ8tMDegQIDBAw",
      "4": "https://www.google.com/search?q=affiliate+window&ei=OnAmXor6F5extQa0tb6oDw&start=30&sa=N&ved=2ahUKEwiK_9uv4JPnAhWXWM0KHbSaD_UQ8tMDegQIDBAy",
      "5": "https://www.google.com/search?q=affiliate+window&ei=OnAmXor6F5extQa0tb6oDw&start=40&sa=N&ved=2ahUKEwiK_9uv4JPnAhWXWM0KHbSaD_UQ8tMDegQIDBA0",
      "6": "https://www.google.com/search?q=affiliate+window&ei=OnAmXor6F5extQa0tb6oDw&start=50&sa=N&ved=2ahUKEwiK_9uv4JPnAhWXWM0KHbSaD_UQ8tMDegQIDBA2",
      "7": "https://www.google.com/search?q=affiliate+window&ei=OnAmXor6F5extQa0tb6oDw&start=60&sa=N&ved=2ahUKEwiK_9uv4JPnAhWXWM0KHbSaD_UQ8tMDegQIDBA4",
      "8": "https://www.google.com/search?q=affiliate+window&ei=OnAmXor6F5extQa0tb6oDw&start=70&sa=N&ved=2ahUKEwiK_9uv4JPnAhWXWM0KHbSaD_UQ8tMDegQIDBA6",
      "9": "https://www.google.com/search?q=affiliate+window&ei=OnAmXor6F5extQa0tb6oDw&start=80&sa=N&ved=2ahUKEwiK_9uv4JPnAhWXWM0KHbSaD_UQ8tMDegQIDBA8",
      "10": "https://www.google.com/search?q=affiliate+window&ei=OnAmXor6F5extQa0tb6oDw&start=90&sa=N&ved=2ahUKEwiK_9uv4JPnAhWXWM0KHbSaD_UQ8tMDegQIDBA-"
    }
  },
  "serpapi_pagination": {
    "current": 1,
    "next_link": "https://serpapi.com/search.json?device=desktop&engine=google&google_domain=google.com&q=affiliate+window&start=10&token=c36133d43e02ca2a",
    "next": "https://serpapi.com/search.json?device=desktop&engine=google&google_domain=google.com&q=affiliate+window&start=10&token=c36133d43e02ca2a",
    "other_pages": {
      "2": "https://serpapi.com/search.json?device=desktop&engine=google&google_domain=google.com&q=affiliate+window&start=10&token=c36133d43e02ca2a",
      "3": "https://serpapi.com/search.json?device=desktop&engine=google&google_domain=google.com&q=affiliate+window&start=20&token=08dd448b66f70224",
      "4": "https://serpapi.com/search.json?device=desktop&engine=google&google_domain=google.com&q=affiliate+window&start=30&token=c775d8a1286cd78a",
      "5": "https://serpapi.com/search.json?device=desktop&engine=google&google_domain=google.com&q=affiliate+window&start=40&token=3af95c24bc1924ff",
      "6": "https://serpapi.com/search.json?device=desktop&engine=google&google_domain=google.com&q=affiliate+window&start=50&token=13404f89cd643476",
      "7": "https://serpapi.com/search.json?device=desktop&engine=google&google_domain=google.com&q=affiliate+window&start=60&token=de429120ba7782ea",
      "8": "https://serpapi.com/search.json?device=desktop&engine=google&google_domain=google.com&q=affiliate+window&start=70&token=95397d80fbc8968d",
      "9": "https://serpapi.com/search.json?device=desktop&engine=google&google_domain=google.com&q=affiliate+window&start=80&token=3673baa5ed00008c",
      "10": "https://serpapi.com/search.json?device=desktop&engine=google&google_domain=google.com&q=affiliate+window&start=90&token=254ed86952df59cf"
    }
  }
}