{
  "search_metadata": {
    "id": "",
    "status": "Success",
    "json_endpoint": "",
    "created_at": "2020-01-21 03:55:21 UTC",
    "processed_at": "2020-01-21 03:55:21 UTC",
    "google_url": "https://www.google.com/search?q=affiliate+marketing+pdf&oq=affiliate+marketing+pdf&sourceid=chrome&ie=UTF-8",
    "raw_html_file": "",
    "total_time_taken": 5.84
  },
  "search_parameters": {
    "engine": "google",
    "q": "affiliate marketing pdf",
    "google_domain": "google.com",
    "device": "desktop"
  },
  "search_information": {
    "organic_results_state": "Results for exact spelling",
    "total_results": 44900000,
    "time_taken_displayed": 0.8,
    "query_displayed": "affiliate marketing pdf"
  },
  "knowledge_graph": {},
  "organic_results": [
    {
      "position": 1,
      "title": "affiliate marketing handbook - IAB",
      "link": "https://www.iab.com/wp-content/uploads/2016/11/IAB-Affiliate-Marketing-Handbook_2016.pdf",
      "displayed_link": "www.iab.com › wp-content › uploads › 2016/11",
      "snippet": "The 2016 Affiliate Marketing Handbook was compiled by the IAB Affiliate Marketing. Working ... and place of Affiliate Marketing in the modern digital marketplace.",
      "cached_page_link": "https://webcache.googleusercontent.com/search?q=cache:gvlBhOwLBm0J:https://www.iab.com/wp-content/uploads/2016/11/IAB-Affiliate-Marketing-Handbook_2016.pdf+&cd=1&hl=es-419&ct=clnk&gl=ec"
    },
    {
      "position": 2,
      "title": "The Ultimate Guide to Affiliate Marketing - Yuck Boys Live",
      "link": "https://307ntl34wci12hk39n1c9pfv-wpengine.netdna-ssl.com/wp-content/uploads/2017/06/AFFCelerator_UltimateGuide2.pdf",
      "displayed_link": "307ntl34wci12hk39n1c9pfv-wpengine.netdna-ssl.com › ...",
      "snippet": "This guide will take you from knowing nothing about affiliate marketing, to being able to ... I've written up a PDF checklist here that'll be a huge help to you.",
      "cached_page_link": "https://webcache.googleusercontent.com/search?q=cache:uOb3y-W2qJ8J:https://307ntl34wci12hk39n1c9pfv-wpengine.netdna-ssl.com/wp-content/uploads/2017/06/AFFCelerator_UltimateGuide2.pdf+&cd=2&hl=es-419&ct=clnk&gl=ec"
    },
    {
      "position": 3,
      "title": "how-to-do-affiliate-marketing-training-guide-ebook-pdf",
      "link": "https://www.calameo.com/books/0017691546be6336ef91b",
      "displayed_link": "www.calameo.com › books",
      "snippet": "Convert documents to beautiful publications and share them worldwide. Title: how-to-do-affiliate-marketing-training-guide-ebook-pdf, Author: Murtaza Lanewala, ...",
      "cached_page_link": "https://webcache.googleusercontent.com/search?q=cache:ohCAWFvsT4oJ:https://www.calameo.com/books/0017691546be6336ef91b+&cd=3&hl=es-419&ct=clnk&gl=ec"
    },
    {
      "position": 4,
      "title": "Affiliate Marketing for Beginners FREE PDF Download - eBook",
      "link": "https://internetaffiliatenetwork.com/book/affiliate-marketing-beginners-pdf-ebook",
      "displayed_link": "internetaffiliatenetwork.com › book › affiliate-ma...",
      "snippet": "Affiliate Marketing for Beginners eBook: Have you ever imagined living a lifestyle where you can earn money anytime you choose too, and at your own comfort?",
      "rich_snippet": {
        "top": {
          "detected_extensions": {
            "calificacion": 3.5,
            "opiniones": 25,
            "usd": 9.99
          },
          "extensions": [
            "Calificación: 3.5",
            "25 opiniones",
            "USD 9.99",
            "Disponible"
          ]
        }
      },
      "cached_page_link": "https://webcache.googleusercontent.com/search?q=cache:Tap7CzgPHT0J:https://internetaffiliatenetwork.com/book/affiliate-marketing-beginners-pdf-ebook+&cd=4&hl=es-419&ct=clnk&gl=ec"
    },
    {
      "position": 5,
      "title": "(PDF) AFFILIATE MARKETING-The unspoken truth of internet ...",
      "link": "https://www.academia.edu/38280707/AFFILIATE_MARKETING-The_unspoken_truth_of_internet_marketing.pdf",
      "displayed_link": "www.academia.edu › AFFILIATE_MARKETING-The_unspoken_truth...",
      "snippet": "Internet marketing is the most inexpensive way to reach your target market, regardless of the size of your business. But what is internet marketing, really?"
    },
    {
      "position": 6,
      "title": "(PDF) AFFILIATE MARKETING STRATEGY OF AMAZON INDIA",
      "link": "https://www.researchgate.net/publication/319348364_Affiliate_marketing_strategy_of_Amazon_India",
      "displayed_link": "www.researchgate.net › publication › 319348364...",
      "snippet": "PDF | Affiliate marketing is one of the oldest forms of marketing in which one refers someone to any online product (Open Topic, n.d.). When the... | Find, read ..."
    },
    {
      "position": 7,
      "title": "AFFILIATE MARKETING",
      "link": "http://kgk.uni-obuda.hu/sites/default/files/MA-Affiliate-Mg-SKRIPT.pdf",
      "displayed_link": "kgk.uni-obuda.hu › MA-Affiliate-Mg-SKRIPT",
      "snippet": "Affiliate Marketing – a part of Online Marketing. □ Part 2: Affiliate Marketing – how it started. □ Part 3: Affiliate Marketing – what it is today. □ Part 4: Affiliate ...",
      "cached_page_link": "http://webcache.googleusercontent.com/search?q=cache:hV7awvi74vQJ:kgk.uni-obuda.hu/sites/default/files/MA-Affiliate-Mg-SKRIPT.pdf+&cd=7&hl=es-419&ct=clnk&gl=ec"
    },
    {
      "position": 8,
      "title": "Affiliate Marketing for Beginners PDF - SlideShare",
      "link": "https://es.slideshare.net/frankjoneshomebizwhiz/affiliate-marketing-for-beginners-pdf",
      "displayed_link": "es.slideshare.net › frankjoneshomebizwhiz › affili...",
      "date": "3 ago. 2017",
      "snippet": "This affiliate marketing for beginners PDF will discuss how to become an affiliate marketer and some of the important steps to take in order to be ...",
      "cached_page_link": "https://webcache.googleusercontent.com/search?q=cache:3I4X0O4aO5QJ:https://es.slideshare.net/frankjoneshomebizwhiz/affiliate-marketing-for-beginners-pdf+&cd=8&hl=es-419&ct=clnk&gl=ec"
    },
    {
      "position": 9,
      "title": "What is affiliate marketing pdf - SlideShare",
      "link": "https://es.slideshare.net/helenrogers10/what-is-affiliate-marketing-pdf",
      "displayed_link": "es.slideshare.net › helenrogers10 › what-is-affiliat...",
      "date": "3 oct. 2014",
      "snippet": "In this file, you can ref free useful materials about what is affiliate marketing pdf and other materials for what is affiliate marketing pdf such as ...",
      "cached_page_link": "https://webcache.googleusercontent.com/search?q=cache:K8jGroRNmmEJ:https://es.slideshare.net/helenrogers10/what-is-affiliate-marketing-pdf+&cd=9&hl=es-419&ct=clnk&gl=ec",
      "related_pages_link": "https://www.google.com/search?q=related:https://es.slideshare.net/helenrogers10/what-is-affiliate-marketing-pdf+affiliate+marketing+pdf&tbo=1&sa=X&ved=2ahUKEwj99KyG5pPnAhWqq1kKHZ42D4MQHzAIegQICBAJ"
    },
    {
      "position": 10,
      "title": "Affiliate Marketing Step By Step Guide Pdf ⋆ Affiliate Profits",
      "link": "https://affiliateprofitpower.com/affiliate-marketing-step-by-step-guide-pdf/",
      "displayed_link": "affiliateprofitpower.com › affiliate-marketing-step...",
      "date": "27 feb. 2019",
      "snippet": "When choosing a particular affiliate niche market, make sure that market has plenty of products to choose from. Do not make the mistake of over ...",
      "cached_page_link": "https://webcache.googleusercontent.com/search?q=cache:K5wuqjbnFCcJ:https://affiliateprofitpower.com/affiliate-marketing-step-by-step-guide-pdf/+&cd=10&hl=es-419&ct=clnk&gl=ec"
    }
  ],
  "pagination": {
    "current": 1,
    "next": "https://www.google.com/search?q=affiliate+marketing+pdf&ei=LnYmXv2lD6rX5gKe7byYCA&start=10&sa=N&ved=2ahUKEwj99KyG5pPnAhWqq1kKHZ42D4MQ8NMDegQICxBB",
    "other_pages": {
      "2": "https://www.google.com/search?q=affiliate+marketing+pdf&ei=LnYmXv2lD6rX5gKe7byYCA&start=10&sa=N&ved=2ahUKEwj99KyG5pPnAhWqq1kKHZ42D4MQ8tMDegQICxAv",
      "3": "https://www.google.com/search?q=affiliate+marketing+pdf&ei=LnYmXv2lD6rX5gKe7byYCA&start=20&sa=N&ved=2ahUKEwj99KyG5pPnAhWqq1kKHZ42D4MQ8tMDegQICxAx",
      "4": "https://www.google.com/search?q=affiliate+marketing+pdf&ei=LnYmXv2lD6rX5gKe7byYCA&start=30&sa=N&ved=2ahUKEwj99KyG5pPnAhWqq1kKHZ42D4MQ8tMDegQICxAz",
      "5": "https://www.google.com/search?q=affiliate+marketing+pdf&ei=LnYmXv2lD6rX5gKe7byYCA&start=40&sa=N&ved=2ahUKEwj99KyG5pPnAhWqq1kKHZ42D4MQ8tMDegQICxA1",
      "6": "https://www.google.com/search?q=affiliate+marketing+pdf&ei=LnYmXv2lD6rX5gKe7byYCA&start=50&sa=N&ved=2ahUKEwj99KyG5pPnAhWqq1kKHZ42D4MQ8tMDegQICxA3",
      "7": "https://www.google.com/search?q=affiliate+marketing+pdf&ei=LnYmXv2lD6rX5gKe7byYCA&start=60&sa=N&ved=2ahUKEwj99KyG5pPnAhWqq1kKHZ42D4MQ8tMDegQICxA5",
      "8": "https://www.google.com/search?q=affiliate+marketing+pdf&ei=LnYmXv2lD6rX5gKe7byYCA&start=70&sa=N&ved=2ahUKEwj99KyG5pPnAhWqq1kKHZ42D4MQ8tMDegQICxA7",
      "9": "https://www.google.com/search?q=affiliate+marketing+pdf&ei=LnYmXv2lD6rX5gKe7byYCA&start=80&sa=N&ved=2ahUKEwj99KyG5pPnAhWqq1kKHZ42D4MQ8tMDegQICxA9",
      "10": "https://www.google.com/search?q=affiliate+marketing+pdf&ei=LnYmXv2lD6rX5gKe7byYCA&start=90&sa=N&ved=2ahUKEwj99KyG5pPnAhWqq1kKHZ42D4MQ8tMDegQICxA_"
    }
  },
  "serpapi_pagination": {
    "current": 1,
    "next_link": "https://serpapi.com/search.json?device=desktop&engine=google&google_domain=google.com&q=affiliate+marketing+pdf&start=10&token=fc3f217fc82c1d0c",
    "next": "https://serpapi.com/search.json?device=desktop&engine=google&google_domain=google.com&q=affiliate+marketing+pdf&start=10&token=fc3f217fc82c1d0c",
    "other_pages": {
      "2": "https://serpapi.com/search.json?device=desktop&engine=google&google_domain=google.com&q=affiliate+marketing+pdf&start=10&token=fc3f217fc82c1d0c",
      "3": "https://serpapi.com/search.json?device=desktop&engine=google&google_domain=google.com&q=affiliate+marketing+pdf&start=20&token=7a074a4ca2844e18",
      "4": "https://serpapi.com/search.json?device=desktop&engine=google&google_domain=google.com&q=affiliate+marketing+pdf&start=30&token=61e81702f0443718",
      "5": "https://serpapi.com/search.json?device=desktop&engine=google&google_domain=google.com&q=affiliate+marketing+pdf&start=40&token=3b623e025bef6c67",
      "6": "https://serpapi.com/search.json?device=desktop&engine=google&google_domain=google.com&q=affiliate+marketing+pdf&start=50&token=3dca07aea58af52b",
      "7": "https://serpapi.com/search.json?device=desktop&engine=google&google_domain=google.com&q=affiliate+marketing+pdf&start=60&token=862c4a04225aa94d",
      "8": "https://serpapi.com/search.json?device=desktop&engine=google&google_domain=google.com&q=affiliate+marketing+pdf&start=70&token=33ccefc3e91498c7",
      "9": "https://serpapi.com/search.json?device=desktop&engine=google&google_domain=google.com&q=affiliate+marketing+pdf&start=80&token=25397ed7cc2ef913",
      "10": "https://serpapi.com/search.json?device=desktop&engine=google&google_domain=google.com&q=affiliate+marketing+pdf&start=90&token=4f5ea4df9ab31d8f"
    }
  }
}