{
  "search_metadata": {
    "id": "",
    "status": "Success",
    "json_endpoint": "",
    "created_at": "2020-01-21 14:46:49 UTC",
    "processed_at": "2020-01-21 14:46:49 UTC",
    "google_url": "https://www.google.com/search?q=affiliate+organization&oq=affiliate+organization&sourceid=chrome&ie=UTF-8",
    "raw_html_file": "",
    "total_time_taken": 2.3
  },
  "search_parameters": {
    "engine": "google",
    "q": "affiliate organization",
    "google_domain": "google.com",
    "device": "desktop"
  },
  "search_information": {
    "organic_results_state": "Results for exact spelling",
    "total_results": 334000000,
    "time_taken_displayed": 0.64,
    "query_displayed": "affiliate organization"
  },
  "knowledge_graph": {
    "see_more_about": []
  },
  "answer_box": {
    "type": "organic_result",
    "title": "Legal Definition of Affiliate: Everything You Need to Know",
    "link": "https://www.upcounsel.com/legal-definition-of-affiliate",
    "snippet": "Affiliates are organizations, individual persons, or business concerns that are controlled by a third party or each other. Affiliates often have the following: Shared management or ownership. Use of common facilities, employees, and equipment."
  },
  "organic_results": [
    {
      "position": 1,
      "title": "Affiliate dictionary definition | affiliate defined - YourDictionary",
      "link": "https://www.yourdictionary.com/affiliate",
      "displayed_link": "https://www.yourdictionary.com › affiliate",
      "snippet": "affiliate definition: An affiliate is defined as a person who is in some way connected to another person or organization. (noun) An example of an affiliate would be ...",
      "cached_page_link": "https://webcache.googleusercontent.com/search?q=cache:K1CpUJ3LCqoJ:https://www.yourdictionary.com/affiliate+&cd=3&hl=en&ct=clnk&gl=us"
    },
    {
      "position": 2,
      "title": "Legal Definition of Affiliate: Everything You Need to Know",
      "link": "https://www.upcounsel.com/legal-definition-of-affiliate",
      "displayed_link": "https://www.upcounsel.com › legal-definition-of-affiliate",
      "snippet": "Affiliates are organizations, individual persons, or business concerns that are controlled by a third party or each other. Affiliates often have the following: Shared management or ownership. Use of common facilities, employees, and equipment.",
      "cached_page_link": "https://webcache.googleusercontent.com/search?q=cache:BmD_2vpG3sIJ:https://www.upcounsel.com/legal-definition-of-affiliate+&cd=4&hl=en&ct=clnk&gl=us"
    },
    {
      "position": 3,
      "title": "Difference Between Organization & Affiliation | Chron.com",
      "link": "https://smallbusiness.chron.com/difference-between-organization-affiliation-26149.html",
      "displayed_link": "https://smallbusiness.chron.com › ... › Organizations",
      "snippet": "Since a small business's form is so capable of change, you may find it useful to know the distinctions between forms such as the organization and affiliate.",
      "cached_page_link": "https://webcache.googleusercontent.com/search?q=cache:_GxkFIT1UosJ:https://smallbusiness.chron.com/difference-between-organization-affiliation-26149.html+&cd=5&hl=en&ct=clnk&gl=us"
    },
    {
      "position": 4,
      "title": "What Is an Affiliate in the Business World?",
      "link": "https://www.thebalancesmb.com/affiliates-and-affiliate-agreements-in-business-398119",
      "displayed_link": "https://www.thebalancesmb.com › ... › Business Law & Taxes › Glossary",
      "snippet": "A definition of affiliate business relationships and types of affiliates. Also, a discussion of terms to include in an agreement.",
      "cached_page_link": "https://webcache.googleusercontent.com/search?q=cache:0BSVcKFP3WQJ:https://www.thebalancesmb.com/affiliates-and-affiliate-agreements-in-business-398119+&cd=6&hl=en&ct=clnk&gl=us"
    },
    {
      "position": 5,
      "title": "Affiliated Companies Definition - Investopedia",
      "link": "https://www.investopedia.com/terms/a/affiliatedcompanies.asp",
      "displayed_link": "https://www.investopedia.com › ... › Mergers & Acquisitions",
      "date": "Jun 1, 2019",
      "snippet": "In most cases, affiliates are associates or associated companies, which describes an organization whose parent has a minority stake in it.",
      "cached_page_link": "https://webcache.googleusercontent.com/search?q=cache:drz_xtqb7S4J:https://www.investopedia.com/terms/a/affiliatedcompanies.asp+&cd=7&hl=en&ct=clnk&gl=us"
    },
    {
      "position": 6,
      "title": "What is affiliate? - Definition from WhatIs.com",
      "link": "https://whatis.techtarget.com/definition/affiliate",
      "displayed_link": "https://whatis.techtarget.com › definition › affiliate",
      "snippet": "Definition -- An affiliate is an organization, business entity or individual that is related to and often controlled by a third party. This control may extend to shared ...",
      "cached_page_link": "https://webcache.googleusercontent.com/search?q=cache:u2wPuNdS0AoJ:https://whatis.techtarget.com/definition/affiliate+&cd=8&hl=en&ct=clnk&gl=us"
    },
    {
      "position": 7,
      "title": "Affiliate definition and meaning | Collins English Dictionary",
      "link": "https://www.collinsdictionary.com/dictionary/english/affiliate",
      "displayed_link": "https://www.collinsdictionary.com › dictionary › english › affiliate",
      "snippet": "Affiliate definition: An affiliate is an organization which is officially connected with another, larger... | Meaning, pronunciation, translations and examples.",
      "cached_page_link": "https://webcache.googleusercontent.com/search?q=cache:WodU7vyaIqIJ:https://www.collinsdictionary.com/dictionary/english/affiliate+&cd=9&hl=en&ct=clnk&gl=us",
      "related_pages_link": "https://www.google.com/search?q=related:https://www.collinsdictionary.com/dictionary/english/affiliate+affiliate+organization&tbo=1&sa=X&ved=2ahUKEwiy-pLT95TnAhVLa94KHc0hBMkQHzAIegQICRAG"
    },
    {
      "position": 8,
      "title": "Affiliate - definition of affiliate by The Free Dictionary",
      "link": "https://www.thefreedictionary.com/affiliate",
      "displayed_link": "https://www.thefreedictionary.com › affiliate",
      "snippet": "a. a person or organization that is affiliated with another. b. (as modifier): an affiliate member. [C18: from Medieval Latin affīliātus adopted as a son, from affīlīare, ...",
      "cached_page_link": "https://webcache.googleusercontent.com/search?q=cache:MC1oKPepadEJ:https://www.thefreedictionary.com/affiliate+&cd=10&hl=en&ct=clnk&gl=us"
    },
    {
      "position": 9,
      "title": "What does affiliate mean? definition, meaning and audio ...",
      "link": "https://www.audioenglish.org/dictionary/affiliate.htm",
      "displayed_link": "https://www.audioenglish.org › dictionary › affiliate",
      "snippet": "The noun AFFILIATE has 2 senses: 1. a subordinate or subsidiary associate; a person who is affiliated with another or with an organization play. 2. a subsidiary ..."
    },
    {
      "position": 10,
      "title": "National Affiliate Organization Membership | acte",
      "link": "https://www.acteonline.org/about/membership/organizational/national-affiliate-organization-membership/",
      "displayed_link": "https://www.acteonline.org › about › membership › organizational › natio...",
      "snippet": "With the establishment of the ACTE National Affiliate Organization membership program, not-for-profit organizations that have a professional interest in activities ...",
      "sitelinks": {
        "list": [
          {
            "date": "Michigan Career Education ..."
          },
          {
            "date": "Hawaii ACTE Conference"
          },
          {
            "date": "Utah ACTE Conference"
          }
        ]
      },
      "rich_snippet": {
        "bottom": {
          "detected_extensions": {
            "jan": 26,
            "jan_michigan_career_education_jan": 28,
            "jan_hawaii_acte_conferencejan": 31,
            "feb_utah_acte_conference": 1
          },
          "extensions": [
            "Jan 26",
            "Jan 28Michigan Career Education ...Jan 30",
            "Jan 31Hawaii ACTE ConferenceJan 31",
            "Feb 1Utah ACTE Conference"
          ]
        }
      },
      "cached_page_link": "https://webcache.googleusercontent.com/search?q=cache:jZuCJSh_2hMJ:https://www.acteonline.org/about/membership/organizational/national-affiliate-organization-membership/+&cd=12&hl=en&ct=clnk&gl=us"
    }
  ],
  "related_searches": [
    {
      "query": "affiliate organization examples",
      "link": "https://www.google.com/search?q=affiliate+organization+examples&sa=X&ved=2ahUKEwiy-pLT95TnAhVLa94KHc0hBMkQ1QIoAHoECAsQAQ"
    },
    {
      "query": "affiliate organization in spanish",
      "link": "https://www.google.com/search?q=affiliate+organization+in+spanish&sa=X&ved=2ahUKEwiy-pLT95TnAhVLa94KHc0hBMkQ1QIoAXoECAsQAg"
    },
    {
      "query": "affiliate definition legal contract",
      "link": "https://www.google.com/search?q=affiliate+definition+legal+contract&sa=X&ved=2ahUKEwiy-pLT95TnAhVLa94KHc0hBMkQ1QIoAnoECAsQAw"
    },
    {
      "query": "affiliated companies examples",
      "link": "https://www.google.com/search?q=affiliated+companies+examples&sa=X&ved=2ahUKEwiy-pLT95TnAhVLa94KHc0hBMkQ1QIoA3oECAsQBA"
    },
    {
      "query": "affiliate company",
      "link": "https://www.google.com/search?q=affiliate+company&sa=X&ved=2ahUKEwiy-pLT95TnAhVLa94KHc0hBMkQ1QIoBHoECAsQBQ"
    },
    {
      "query": "if a representative please provide the affiliate organization",
      "link": "https://www.google.com/search?q=if+a+representative+please+provide+the+affiliate+organization&sa=X&ved=2ahUKEwiy-pLT95TnAhVLa94KHc0hBMkQ1QIoBXoECAsQBg"
    },
    {
      "query": "affiliate relationship",
      "link": "https://www.google.com/search?q=affiliate+relationship&sa=X&ved=2ahUKEwiy-pLT95TnAhVLa94KHc0hBMkQ1QIoBnoECAsQBw"
    },
    {
      "query": "are affiliates considered employees",
      "link": "https://www.google.com/search?q=are+affiliates+considered+employees&sa=X&ved=2ahUKEwiy-pLT95TnAhVLa94KHc0hBMkQ1QIoB3oECAsQCA"
    }
  ],
  "pagination": {
    "current": 1,
    "next": "https://www.google.com/search?q=affiliate+organization&ei=2g4nXrKlG8vW-QbNw5DIDA&start=10&sa=N&ved=2ahUKEwiy-pLT95TnAhVLa94KHc0hBMkQ8NMDegQIDRA_",
    "other_pages": {
      "2": "https://www.google.com/search?q=affiliate+organization&ei=2g4nXrKlG8vW-QbNw5DIDA&start=10&sa=N&ved=2ahUKEwiy-pLT95TnAhVLa94KHc0hBMkQ8tMDegQIDRAt",
      "3": "https://www.google.com/search?q=affiliate+organization&ei=2g4nXrKlG8vW-QbNw5DIDA&start=20&sa=N&ved=2ahUKEwiy-pLT95TnAhVLa94KHc0hBMkQ8tMDegQIDRAv",
      "4": "https://www.google.com/search?q=affiliate+organization&ei=2g4nXrKlG8vW-QbNw5DIDA&start=30&sa=N&ved=2ahUKEwiy-pLT95TnAhVLa94KHc0hBMkQ8tMDegQIDRAx",
      "5": "https://www.google.com/search?q=affiliate+organization&ei=2g4nXrKlG8vW-QbNw5DIDA&start=40&sa=N&ved=2ahUKEwiy-pLT95TnAhVLa94KHc0hBMkQ8tMDegQIDRAz",
      "6": "https://www.google.com/search?q=affiliate+organization&ei=2g4nXrKlG8vW-QbNw5DIDA&start=50&sa=N&ved=2ahUKEwiy-pLT95TnAhVLa94KHc0hBMkQ8tMDegQIDRA1",
      "7": "https://www.google.com/search?q=affiliate+organization&ei=2g4nXrKlG8vW-QbNw5DIDA&start=60&sa=N&ved=2ahUKEwiy-pLT95TnAhVLa94KHc0hBMkQ8tMDegQIDRA3",
      "8": "https://www.google.com/search?q=affiliate+organization&ei=2g4nXrKlG8vW-QbNw5DIDA&start=70&sa=N&ved=2ahUKEwiy-pLT95TnAhVLa94KHc0hBMkQ8tMDegQIDRA5",
      "9": "https://www.google.com/search?q=affiliate+organization&ei=2g4nXrKlG8vW-QbNw5DIDA&start=80&sa=N&ved=2ahUKEwiy-pLT95TnAhVLa94KHc0hBMkQ8tMDegQIDRA7",
      "10": "https://www.google.com/search?q=affiliate+organization&ei=2g4nXrKlG8vW-QbNw5DIDA&start=90&sa=N&ved=2ahUKEwiy-pLT95TnAhVLa94KHc0hBMkQ8tMDegQIDRA9"
    }
  },
  "serpapi_pagination": {
    "current": 1,
    "next_link": "https://serpapi.com/search.json?device=desktop&engine=google&google_domain=google.com&q=affiliate+organization&start=10&token=dc62ff037369b498",
    "next": "https://serpapi.com/search.json?device=desktop&engine=google&google_domain=google.com&q=affiliate+organization&start=10&token=dc62ff037369b498",
    "other_pages": {
      "2": "https://serpapi.com/search.json?device=desktop&engine=google&google_domain=google.com&q=affiliate+organization&start=10&token=dc62ff037369b498",
      "3": "https://serpapi.com/search.json?device=desktop&engine=google&google_domain=google.com&q=affiliate+organization&start=20&token=7b0020563c5b0d1c",
      "4": "https://serpapi.com/search.json?device=desktop&engine=google&google_domain=google.com&q=affiliate+organization&start=30&token=8322bb3cd3037ad6",
      "5": "https://serpapi.com/search.json?device=desktop&engine=google&google_domain=google.com&q=affiliate+organization&start=40&token=6567c80093a8623d",
      "6": "https://serpapi.com/search.json?device=desktop&engine=google&google_domain=google.com&q=affiliate+organization&start=50&token=519a1269fb0b6100",
      "7": "https://serpapi.com/search.json?device=desktop&engine=google&google_domain=google.com&q=affiliate+organization&start=60&token=d09c6317a0e7f9eb",
      "8": "https://serpapi.com/search.json?device=desktop&engine=google&google_domain=google.com&q=affiliate+organization&start=70&token=23eb5789fb14e73b",
      "9": "https://serpapi.com/search.json?device=desktop&engine=google&google_domain=google.com&q=affiliate+organization&start=80&token=d2dd5771c40ed8c2",
      "10": "https://serpapi.com/search.json?device=desktop&engine=google&google_domain=google.com&q=affiliate+organization&start=90&token=003fbbd9321f4f13"
    }
  }
}