{
  "search_metadata": {
    "id": "",
    "status": "Success",
    "json_endpoint": "",
    "created_at": "2020-01-21 03:31:54 UTC",
    "processed_at": "2020-01-21 03:31:54 UTC",
    "google_url": "https://www.google.com/search?q=24option+affiliate+login&oq=24option+affiliate+login&sourceid=chrome&ie=UTF-8",
    "raw_html_file": "",
    "total_time_taken": 3.18
  },
  "search_parameters": {
    "engine": "google",
    "q": "24option affiliate login",
    "google_domain": "google.com",
    "device": "desktop"
  },
  "search_information": {
    "organic_results_state": "Results for exact spelling",
    "total_results": 166000,
    "time_taken_displayed": 0.28,
    "query_displayed": "24option affiliate login"
  },
  "knowledge_graph": {},
  "organic_results": [
    {
      "position": 1,
      "title": "24affiliates – Join the best",
      "link": "https://www.24affiliates.com/",
      "displayed_link": "www.24affiliates.com",
      "snippet": "24affiliates Program - Partner with 24affiliate's program and begin earning profit with ... plans and an early preview of our new state of the art affiliate platform. ... 24option.com is the leading Forex/ CFDs site that offers traders some of the ...",
      "sitelinks": {
        "expanded": [
          {
            "title": "Affiliate Program",
            "link": "https://www.24affiliates.com/affiliate-program/",
            "snippet": "24affiliates offers every affiliate the best CPA in the industry ..."
          },
          {
            "title": "24option",
            "link": "https://www.24affiliates.com/24option/",
            "snippet": "24option offers traders some of the highest returns on investment in ..."
          }
        ]
      },
      "cached_page_link": "https://webcache.googleusercontent.com/search?q=cache:TiZRnp_jEhkJ:https://www.24affiliates.com/+&cd=1&hl=en&ct=clnk&gl=us"
    },
    {
      "position": 2,
      "title": "The 24Option Binary Options Affiliate Program — Review by ...",
      "link": "https://www.forexreferral.com/affiliate-program/binary-options-affiliates",
      "displayed_link": "www.forexreferral.com › affiliate-program › binary-options-affiliates",
      "snippet": "24Option Affiliate Program. Binary Option Affiliates understand's that quality affiliates are the key to growing successful consumer relationships with our traders.",
      "cached_page_link": "https://webcache.googleusercontent.com/search?q=cache:nG6u00B3vaAJ:https://www.forexreferral.com/affiliate-program/binary-options-affiliates+&cd=4&hl=en&ct=clnk&gl=us"
    },
    {
      "position": 3,
      "title": "24option Affiliate Program | Open your trading business",
      "link": "https://binaryoptionstrading-review.com/24option-affiliate-program/",
      "displayed_link": "binaryoptionstrading-review.com › 24option-affiliate-program",
      "date": "Mar 22, 2019",
      "snippet": "Want to cooperate with one of the best brokers in the world? See what 24option affiliate program can offer you! It's a spectacular business ...",
      "rich_snippet": {
        "top": {
          "detected_extensions": {
            "rating": 4.8
          },
          "extensions": [
            "Rating: 4.8",
            "Review by Ben Prescott"
          ]
        }
      },
      "cached_page_link": "https://webcache.googleusercontent.com/search?q=cache:5-mKCVGzX2YJ:https://binaryoptionstrading-review.com/24option-affiliate-program/+&cd=5&hl=en&ct=clnk&gl=us"
    },
    {
      "position": 4,
      "title": "Forex/CFDs Trading | 24option your Online Broker",
      "link": "https://www.24option.com/eu/",
      "displayed_link": "www.24option.com › ...",
      "snippet": "24option is one of the world's leading Forex/CFDs trading platforms. Trade Forex/CFDs ... Log In; My Profile; Sign Up; Deposit Switch to Real. English · Español.",
      "cached_page_link": "https://webcache.googleusercontent.com/search?q=cache:hhnoqYVWwgEJ:https://www.24option.com/eu/+&cd=6&hl=en&ct=clnk&gl=us"
    },
    {
      "position": 5,
      "title": "24Option Affiliate - affiliate program reviews & ratings - Gaffg",
      "link": "https://gaffg.com/affiliate-programs/24option-affiliate/",
      "displayed_link": "gaffg.com › affiliate-programs › 24option-affiliate",
      "snippet": "24Option Affiliate is the binary options trading affiliate program for 24Option.com. The program caters to most players and traders around the world covering ...",
      "cached_page_link": "https://webcache.googleusercontent.com/search?q=cache:48vG8fB_TnMJ:https://gaffg.com/affiliate-programs/24option-affiliate/+&cd=7&hl=en&ct=clnk&gl=us"
    },
    {
      "position": 6,
      "title": "24option.com Affiliate - Binary Options Affiliate Network ...",
      "link": "https://www.affpaying.com/24option-affiliate",
      "displayed_link": "www.affpaying.com › 24option-affiliate",
      "snippet": "24option.com Binary Options Affiliate Network - Is It Legit or Scam? ... with them 4 years now and they are by far the best forex affiliate program hands down.",
      "rich_snippet": {
        "top": {
          "detected_extensions": {
            "rating": 4,
            "votes": 4
          },
          "extensions": [
            "Rating: 4",
            "4 votes"
          ]
        }
      },
      "cached_page_link": "https://webcache.googleusercontent.com/search?q=cache:vnn4mvAMvosJ:https://www.affpaying.com/24option-affiliate+&cd=8&hl=en&ct=clnk&gl=us"
    },
    {
      "position": 7,
      "title": "Affiliate Program | 247Traffic",
      "link": "https://www.247traffic.com/",
      "displayed_link": "www.247traffic.com",
      "snippet": "247Traffic is the online forex affiliate solution for Introducing Brokers to 24CM and 24option, offering competitive commissions.",
      "cached_page_link": "https://webcache.googleusercontent.com/search?q=cache:-VOT7aLOdV0J:https://www.247traffic.com/+&cd=9&hl=en&ct=clnk&gl=us"
    },
    {
      "position": 8,
      "title": "24option Affiliate Login | 24 Option Review",
      "link": "http://www.24optionsreviews.com/en/tag/24option-affiliate-login/",
      "displayed_link": "www.24optionsreviews.com › tag › 24option-affiliate-login",
      "snippet": "24option Affiliate review by professional forex trading experts, all you need to know about 24option Affiliate program, Finding out how to do 24option Affiliate ...",
      "cached_page_link": "http://webcache.googleusercontent.com/search?q=cache:O1nYMPnuVq0J:www.24optionsreviews.com/en/tag/24option-affiliate-login/+&cd=10&hl=en&ct=clnk&gl=us"
    },
    {
      "position": 9,
      "title": "24option Affiliate - Triberr",
      "link": "https://triberr.com/24optionAffiliate",
      "displayed_link": "triberr.com › 24optionAffiliate",
      "snippet": "The 24option affiliate program is one of a kind. This unique affiliate program gives the edge to most marketers who are seeking great residual income.",
      "cached_page_link": "https://webcache.googleusercontent.com/search?q=cache:IEBr7njrvsYJ:https://triberr.com/24optionAffiliate+&cd=11&hl=en&ct=clnk&gl=us"
    }
  ],
  "related_searches": [
    {
      "query": "24option bitcoin",
      "link": "https://www.google.com/search?q=24option+bitcoin&sa=X&ved=2ahUKEwiNmLrl4JPnAhWUiVwKHd3NBrcQ1QIoAHoECAoQAQ"
    },
    {
      "query": "24option usa",
      "link": "https://www.google.com/search?q=24option+usa&sa=X&ved=2ahUKEwiNmLrl4JPnAhWUiVwKHd3NBrcQ1QIoAXoECAoQAg"
    },
    {
      "query": "iq option affiliate",
      "link": "https://www.google.com/search?q=iq+option+affiliate&sa=X&ved=2ahUKEwiNmLrl4JPnAhWUiVwKHd3NBrcQ1QIoAnoECAoQAw"
    },
    {
      "query": "iq option reference",
      "link": "https://www.google.com/search?q=iq+option+reference&sa=X&ved=2ahUKEwiNmLrl4JPnAhWUiVwKHd3NBrcQ1QIoA3oECAoQBA"
    },
    {
      "query": "iq option revenue",
      "link": "https://www.google.com/search?q=iq+option+revenue&sa=X&ved=2ahUKEwiNmLrl4JPnAhWUiVwKHd3NBrcQ1QIoBHoECAoQBQ"
    },
    {
      "query": "iq option deposit bonus",
      "link": "https://www.google.com/search?q=iq+option+deposit+bonus&sa=X&ved=2ahUKEwiNmLrl4JPnAhWUiVwKHd3NBrcQ1QIoBXoECAoQBg"
    },
    {
      "query": "iq option top earners",
      "link": "https://www.google.com/search?q=iq+option+top+earners&sa=X&ved=2ahUKEwiNmLrl4JPnAhWUiVwKHd3NBrcQ1QIoBnoECAoQBw"
    },
    {
      "query": "24option international",
      "link": "https://www.google.com/search?q=24option+international&sa=X&ved=2ahUKEwiNmLrl4JPnAhWUiVwKHd3NBrcQ1QIoB3oECAoQCA"
    }
  ],
  "pagination": {
    "current": 1,
    "next": "https://www.google.com/search?q=24option+affiliate+login&ei=q3AmXs2WBZST8gLdm5u4Cw&start=10&sa=N&ved=2ahUKEwiNmLrl4JPnAhWUiVwKHd3NBrcQ8NMDegQICxA_",
    "other_pages": {
      "2": "https://www.google.com/search?q=24option+affiliate+login&ei=q3AmXs2WBZST8gLdm5u4Cw&start=10&sa=N&ved=2ahUKEwiNmLrl4JPnAhWUiVwKHd3NBrcQ8tMDegQICxAt",
      "3": "https://www.google.com/search?q=24option+affiliate+login&ei=q3AmXs2WBZST8gLdm5u4Cw&start=20&sa=N&ved=2ahUKEwiNmLrl4JPnAhWUiVwKHd3NBrcQ8tMDegQICxAv",
      "4": "https://www.google.com/search?q=24option+affiliate+login&ei=q3AmXs2WBZST8gLdm5u4Cw&start=30&sa=N&ved=2ahUKEwiNmLrl4JPnAhWUiVwKHd3NBrcQ8tMDegQICxAx",
      "5": "https://www.google.com/search?q=24option+affiliate+login&ei=q3AmXs2WBZST8gLdm5u4Cw&start=40&sa=N&ved=2ahUKEwiNmLrl4JPnAhWUiVwKHd3NBrcQ8tMDegQICxAz",
      "6": "https://www.google.com/search?q=24option+affiliate+login&ei=q3AmXs2WBZST8gLdm5u4Cw&start=50&sa=N&ved=2ahUKEwiNmLrl4JPnAhWUiVwKHd3NBrcQ8tMDegQICxA1",
      "7": "https://www.google.com/search?q=24option+affiliate+login&ei=q3AmXs2WBZST8gLdm5u4Cw&start=60&sa=N&ved=2ahUKEwiNmLrl4JPnAhWUiVwKHd3NBrcQ8tMDegQICxA3",
      "8": "https://www.google.com/search?q=24option+affiliate+login&ei=q3AmXs2WBZST8gLdm5u4Cw&start=70&sa=N&ved=2ahUKEwiNmLrl4JPnAhWUiVwKHd3NBrcQ8tMDegQICxA5",
      "9": "https://www.google.com/search?q=24option+affiliate+login&ei=q3AmXs2WBZST8gLdm5u4Cw&start=80&sa=N&ved=2ahUKEwiNmLrl4JPnAhWUiVwKHd3NBrcQ8tMDegQICxA7",
      "10": "https://www.google.com/search?q=24option+affiliate+login&ei=q3AmXs2WBZST8gLdm5u4Cw&start=90&sa=N&ved=2ahUKEwiNmLrl4JPnAhWUiVwKHd3NBrcQ8tMDegQICxA9"
    }
  },
  "serpapi_pagination": {
    "current": 1,
    "next_link": "https://serpapi.com/search.json?device=desktop&engine=google&google_domain=google.com&q=24option+affiliate+login&start=10&token=022b5df9aba3252b",
    "next": "https://serpapi.com/search.json?device=desktop&engine=google&google_domain=google.com&q=24option+affiliate+login&start=10&token=022b5df9aba3252b",
    "other_pages": {
      "2": "https://serpapi.com/search.json?device=desktop&engine=google&google_domain=google.com&q=24option+affiliate+login&start=10&token=022b5df9aba3252b",
      "3": "https://serpapi.com/search.json?device=desktop&engine=google&google_domain=google.com&q=24option+affiliate+login&start=20&token=97e141dac0696806",
      "4": "https://serpapi.com/search.json?device=desktop&engine=google&google_domain=google.com&q=24option+affiliate+login&start=30&token=5e1bd097eb644219",
      "5": "https://serpapi.com/search.json?device=desktop&engine=google&google_domain=google.com&q=24option+affiliate+login&start=40&token=e04232480beaffa0",
      "6": "https://serpapi.com/search.json?device=desktop&engine=google&google_domain=google.com&q=24option+affiliate+login&start=50&token=0592c1fcd3bd3fd2",
      "7": "https://serpapi.com/search.json?device=desktop&engine=google&google_domain=google.com&q=24option+affiliate+login&start=60&token=1cec135402713f98",
      "8": "https://serpapi.com/search.json?device=desktop&engine=google&google_domain=google.com&q=24option+affiliate+login&start=70&token=ea1e52cb8dc5672b",
      "9": "https://serpapi.com/search.json?device=desktop&engine=google&google_domain=google.com&q=24option+affiliate+login&start=80&token=366a2b5f9002fb7e",
      "10": "https://serpapi.com/search.json?device=desktop&engine=google&google_domain=google.com&q=24option+affiliate+login&start=90&token=00a20b32f8be4a05"
    }
  }
}