{
  "search_metadata": {
    "id": "",
    "status": "Success",
    "json_endpoint": "",
    "created_at": "2020-01-21 03:45:28 UTC",
    "processed_at": "2020-01-21 03:45:28 UTC",
    "google_url": "https://www.google.com/search?q=affiliate+programs+uk&oq=affiliate+programs+uk&sourceid=chrome&ie=UTF-8",
    "raw_html_file": "",
    "total_time_taken": 1.75
  },
  "search_parameters": {
    "engine": "google",
    "q": "affiliate programs uk",
    "google_domain": "google.com",
    "device": "desktop"
  },
  "search_information": {
    "organic_results_state": "Results for exact spelling",
    "total_results": 158000000,
    "time_taken_displayed": 0.61,
    "query_displayed": "affiliate programs uk"
  },
  "ads": [
    {
      "position": 1,
      "block_position": "top",
      "title": "Affiliate Marketing Ad Network | Boost Your Affiliate Profits‎",
      "link": "https://lp.outbrain.com/affiliate-increase-direct-revenue/",
      "displayed_link": "lp.outbrain.com/Affiliate/Program",
      "tracking_link": "https://www.google.com/aclk?sa=l&ai=DChcSEwj87fTp45PnAhWOxWQKHYJpBlUYABAAGgJwag&sig=AOD64_1-QVzwZUTsVucQkMxa63ADcqhKcg&q=&ved=2ahUKEwj3zu7p45PnAhUDvp4KHc5HAQ8Q0Qx6BAgTEAE&adurl=",
      "description": "Promote Your Offers with Outbrain's Native Advertising Platform to Boost Your Commission. Get Better Results from Your Affiliate Campaigns with Outbrain Amplify Native Ads. "
    },
    {
      "position": 2,
      "block_position": "top",
      "title": "Shopify | Affiliate Programs | shopify.com‎",
      "link": "https://www.shopify.com/oberlo",
      "displayed_link": "www.shopify.com/",
      "tracking_link": "https://www.google.com/aclk?sa=l&ai=DChcSEwj87fTp45PnAhWOxWQKHYJpBlUYABADGgJwag&sig=AOD64_3Fz37ytsMtlvZ2w7nKAylIzT3qhg&q=&ved=2ahUKEwj3zu7p45PnAhUDvp4KHc5HAQ8Q0Qx6BAgWEAE&adurl=",
      "description": "Get A Quick And Easy Setup For Everything You Need To Sell Products Online.",
      "sitelinks": [
        {
          "title": "Find Products To Sell",
          "link": "http://www.shopify.com/oberlo"
        },
        {
          "title": "See Plans & Pricing",
          "link": "http://www.shopify.com/pricing"
        },
        {
          "title": "Shopify Plus® Enterprise",
          "link": "http://www.shopify.com/plus/enterprise-ecommerce"
        },
        {
          "title": "Start",
          "link": "https://www.shopify.com/start"
        },
        {
          "title": "Market",
          "link": "https://www.shopify.com/market"
        },
        {
          "title": "Sell",
          "link": "https://www.shopify.com/omnichannel"
        }
      ]
    },
    {
      "position": 3,
      "block_position": "top",
      "title": "Telecoms Affiliate Programme. | Highest recurring income.‎",
      "link": "https://www.telecomsworldplc.co.uk/telecoms-affiliate-partner-programme",
      "displayed_link": "www.telecomsworldplc.co.uk/",
      "tracking_link": "https://www.google.com/aclk?sa=l&ai=DChcSEwj87fTp45PnAhWOxWQKHYJpBlUYABACGgJwag&sig=AOD64_3bVPku0xY2ZrdF8LcEbbATPfbVIQ&q=&ved=2ahUKEwj3zu7p45PnAhUDvp4KHc5HAQ8Q0Qx6BAgVEAE&adurl=",
      "description": "Earn over £5,000 per month by referring clients to Telecoms World. Commission Paid Monthy. Recurring Monthly Income. 50% of Profit Paid."
    },
    {
      "position": 4,
      "block_position": "bottom",
      "title": "Affiliate Agency Optimus‎",
      "link": "https://www.optimus-pm.com/affiliate-marketing-experts/",
      "displayed_link": "www.optimus-pm.com/Affiliate-Agency",
      "tracking_link": "https://www.google.com/aclk?sa=l&ai=DChcSEwj87fTp45PnAhWOxWQKHYJpBlUYABABGgJwag&sig=AOD64_01GL_xA4u2wbSXrWpmvq-kBLsxqg&q=&ved=2ahUKEwj3zu7p45PnAhUDvp4KHc5HAQ8Q0Qx6BAgUEAE&adurl=",
      "description": "Un-paralled Affiliate Marketing Expertise. Contact Us Today! We Deliver Results. Team of Experts. Maximise Your ROI. Award Winning."
    },
    {
      "position": 5,
      "block_position": "bottom",
      "title": "Join Fiverr® Affiliates | A Worldwide Affiliate Program‎",
      "link": "https://affiliates.fiverr.com/",
      "displayed_link": "affiliates.fiverr.com/",
      "tracking_link": "https://www.google.com/aclk?sa=l&ai=DChcSEwj87fTp45PnAhWOxWQKHYJpBlUYABAEGgJwag&sig=AOD64_0Ghpx1rdO7K0NbcApmnrGEH_qPkg&q=&ved=2ahUKEwj3zu7p45PnAhUDvp4KHc5HAQ8Q0Qx6BAgSEAE&adurl=",
      "description": "Over 200 Categories To Promote From The World's Largest Marketplace For Digital Services. Get Up to $150 When Your Traffic Converts. Sign Up Easily & Start Earning Today. Creative Resources. Professional Support. Intuitive Dashboards. Maximum Earnings.",
      "sitelinks": [
        {
          "title": "Commission Plan",
          "link": "https://affiliates.fiverr.com/commission-plan/"
        },
        {
          "title": "Affiliate Guides",
          "link": "https://affiliates.fiverr.com/fiverr-affiliates-start-guide/"
        },
        {
          "title": "Sign Up",
          "link": "https://www.fiverr.com/affiliates/signup"
        },
        {
          "title": "Contact Us",
          "link": "https://affiliates.fiverr.com/contact-us/"
        },
        {
          "title": "Blog Center",
          "link": "https://affiliates.fiverr.com/blog/"
        }
      ]
    }
  ],
  "knowledge_graph": {
    "see_more_about": [
      {
        "title": null
      },
      {
        "title": null
      },
      {
        "title": null
      }
    ]
  },
  "related_questions": [
    {
      "question": "What are the highest paying affiliate programs?",
      "snippet": "Fat referral fees. No matter how you say it, these affiliate marketing programs offer some of the highest commissions available....Highest paying affiliate programsSpocket Partner Program. ... ClickFunnels Affiliate Program. ... Wealthy Affiliate Program. ... Constant Contact. ... Media.net. ... Leadpages. ... Shopify Affiliate Program.More items...",
      "title": "The 67+ Best Affiliate Programs of 2019 (Highest Paying)",
      "link": "https://www.forexreferral.com/best-affiliate-programs",
      "displayed_link": "www.forexreferral.com › best-affiliate-programs"
    },
    {
      "question": "What are the best affiliate programs?",
      "snippet": "What Are the Best Affiliate Programs?Bluehost. The Bluehost affiliate program is super popular in the web hosting space. ... Hostinger. Hostinger is another popular web hosting platform that can offer affiliates up to $150 per sale on a tiered pricing structure. ... HostGator. ... GreenGeeks. ... WP Engine. ... Liquid Web.",
      "title": "97+ Best Affiliate Programs of 2019 (Highest Paying for Beginners)",
      "link": "https://www.adamenfroy.com/best-high-paying-affiliate-programs",
      "displayed_link": "www.adamenfroy.com › best-high-paying-affiliate-programs"
    },
    {
      "question": "What brands have affiliate programs?",
      "snippet": "These are some of the most commonly used affiliate networks, and ones that manage affiliate programs for well-known brands.Awin.CJ Affiliate.FlexOffers.Rakuten Marketing.RewardStyle.ShareASale.ShopStyle Collective.VigLink.Aug 7, 2018",
      "title": "100+ Best Affiliate Programs For Ecommerce Entrepreneurs (+ ...",
      "link": "https://www.abetterlemonadestand.com/affiliate-programs/",
      "displayed_link": "www.abetterlemonadestand.com › affiliate-programs"
    },
    {
      "question": "How do I become an affiliate?",
      "snippet": "StepsIdentify your niche. ... Purchase a dedicated web domain name. ... Put a website on your domain. ... Choose your affiliate marketing program. ... Create content for your site. ... Place affiliate links in appropriate places. ... Promote your site to your specified niche.Oct 7, 2018",
      "title": "How to Become an Internet Affiliate: 7 Steps (with Pictures)",
      "link": "https://www.wikihow.com/Become-an-Internet-Affiliate",
      "displayed_link": "www.wikihow.com › Become-an-Internet-Affiliate"
    }
  ],
  "organic_results": [
    {
      "position": 1,
      "title": "Top 15 Affiliate Marketing Websites & Programs For 2020 ...",
      "link": "https://solvid.co.uk/top-affiliate-marketing-websites-and-programs/",
      "displayed_link": "solvid.co.uk › top-affiliate-marketing-websites-and-programs",
      "snippet": "Let's get into the top 15 affiliate websites any level of blogger can benefit from. ShareASale Affiliates. Amazon Associates. eBay Partners. Shopify Affiliate Program. Clickbank. Rakuten Marketing Affiliates. Leadpages Partner Program. StudioPress Affiliate Website.",
      "rich_snippet": {
        "bottom": {
          "questions": [
            "What is affiliate marketing?",
            "How does affiliate marketing work?",
            "What are the most popular affiliate marketing networks?",
            "How does affiliate marketing drive sales?"
          ]
        }
      }
    },
    {
      "position": 2,
      "title": "Amazon.co.uk Associates: The web's most popular and ...",
      "link": "https://affiliate-program.amazon.co.uk/",
      "displayed_link": "affiliate-program.amazon.co.uk",
      "snippet": "The Amazon Associates Program is one of the largest and most successful online affiliate programs, with over 900000 members joining worldwide. If you are a ...",
      "cached_page_link": "https://webcache.googleusercontent.com/search?q=cache:muxI3_oNZeMJ:https://affiliate-program.amazon.co.uk/+&cd=11&hl=en&ct=clnk&gl=us",
      "related_pages_link": "https://www.google.com/search?q=related:https://affiliate-program.amazon.co.uk/+affiliate+programs+uk&tbo=1&sa=X&ved=2ahUKEwj3zu7p45PnAhUDvp4KHc5HAQ8QHzAKegQIAxAH"
    },
    {
      "position": 3,
      "title": "UK Affiliate Programs - Paid On Results",
      "link": "https://www.paidonresults.com/merchants/all-merchants.html",
      "displayed_link": "www.paidonresults.com › merchants › all-merchants",
      "snippet": "Affiliate Programs list of merchants on Paid On Results an Affiliate Network based in the UK.",
      "cached_page_link": "https://webcache.googleusercontent.com/search?q=cache:tJsSQT21LRAJ:https://www.paidonresults.com/merchants/all-merchants.html+&cd=12&hl=en&ct=clnk&gl=us",
      "related_pages_link": "https://www.google.com/search?q=related:https://www.paidonresults.com/merchants/all-merchants.html+affiliate+programs+uk&tbo=1&sa=X&ved=2ahUKEwj3zu7p45PnAhUDvp4KHc5HAQ8QHzALegQIAhAJ"
    },
    {
      "position": 4,
      "title": "Affiliate Marketing in 2020: What It Is + How Beginners Can Start",
      "link": "https://www.bigcommerce.co.uk/blog/affiliate-marketing/",
      "displayed_link": "www.bigcommerce.co.uk › blog › affiliate-marketing",
      "snippet": "Affiliate marketing is the process of earning commissions for marketing another person's or company's products. Learn more about how it works.",
      "cached_page_link": "https://webcache.googleusercontent.com/search?q=cache:nKPLmOpaxhQJ:https://www.bigcommerce.co.uk/blog/affiliate-marketing/+&cd=13&hl=en&ct=clnk&gl=us"
    },
    {
      "position": 5,
      "title": "20+ Best Affiliate Marketing Platforms and Networks of 2020 ...",
      "link": "https://makeawebsitehub.com/affiliate-marketing-networks/",
      "displayed_link": "makeawebsitehub.com › affiliate-marketing-networks",
      "snippet": "In this post I cover the best affiliate marketing networks and programs to help you ... of the most well regarded affiliate networks in the UK, as well as the world.",
      "cached_page_link": "https://webcache.googleusercontent.com/search?q=cache:aedN2w77ZFQJ:https://makeawebsitehub.com/affiliate-marketing-networks/+&cd=14&hl=en&ct=clnk&gl=us",
      "related_pages_link": "https://www.google.com/search?q=related:https://makeawebsitehub.com/affiliate-marketing-networks/+affiliate+programs+uk&tbo=1&sa=X&ved=2ahUKEwj3zu7p45PnAhUDvp4KHc5HAQ8QHzANegQIBhAJ"
    },
    {
      "position": 6,
      "title": "The 67+ Best Affiliate Programs of 2020 (Highest Paying)",
      "link": "https://www.forexreferral.com/best-affiliate-programs",
      "displayed_link": "www.forexreferral.com › best-affiliate-programs",
      "snippet": "Our picks for the best affiliate programs to make money online, including the highest paying marketing ... Join Revolut for Business (UK & Europe Only) ⟶ ...",
      "cached_page_link": "https://webcache.googleusercontent.com/search?q=cache:1JNnul2vnJAJ:https://www.forexreferral.com/best-affiliate-programs+&cd=15&hl=en&ct=clnk&gl=us",
      "related_pages_link": "https://www.google.com/search?q=related:https://www.forexreferral.com/best-affiliate-programs+affiliate+programs+uk&tbo=1&sa=X&ved=2ahUKEwj3zu7p45PnAhUDvp4KHc5HAQ8QHzAOegQICRAJ"
    },
    {
      "position": 7,
      "title": "Affiliate Programs - Home Working UK",
      "link": "http://www.homeworkinguk.com/affiliate-programs/",
      "displayed_link": "www.homeworkinguk.com › affiliate-programs",
      "snippet": "Affiliate Programs. The Internet is full of companies prepared to pay you to sell their products for them. The vast majority are American but I'm restricting this list to ...",
      "cached_page_link": "http://webcache.googleusercontent.com/search?q=cache:yDefceTejr8J:www.homeworkinguk.com/affiliate-programs/+&cd=16&hl=en&ct=clnk&gl=us",
      "related_pages_link": "https://www.google.com/search?q=related:www.homeworkinguk.com/affiliate-programs/+affiliate+programs+uk&tbo=1&sa=X&ved=2ahUKEwj3zu7p45PnAhUDvp4KHc5HAQ8QHzAPegQICBAJ"
    },
    {
      "position": 8,
      "title": "12 Reliable High Paying Affiliate Programs To Maximise Your ...",
      "link": "https://www.clarityavenue.co.uk/high-paying-affiliate-programs/",
      "displayed_link": "www.clarityavenue.co.uk › high-paying-affiliate-programs",
      "snippet": "Promote high paying affiliate programs enough and it's entirely possible to earn a lot of money using affiliate links, as long as you know who your ideal reader is.",
      "cached_page_link": "https://webcache.googleusercontent.com/search?q=cache:580UzWYEe4QJ:https://www.clarityavenue.co.uk/high-paying-affiliate-programs/+&cd=17&hl=en&ct=clnk&gl=us"
    },
    {
      "position": 9,
      "title": "17 Little-Known Affiliate Programs (Up To $8K Per Sale) - Bengu",
      "link": "http://benguonline.com/high-paying-affiliate-programs",
      "displayed_link": "benguonline.com › Affiliate Marketing",
      "date": "Jan 8, 2020",
      "snippet": "A Comprehensive List of The Top High Paying Affiliate Programs On The Internet - Discover How The Successful Affiliates Make Their Money...",
      "related_pages_link": "https://www.google.com/search?q=related:benguonline.com/high-paying-affiliate-programs+affiliate+programs+uk&tbo=1&sa=X&ved=2ahUKEwj3zu7p45PnAhUDvp4KHc5HAQ8QHzARegQIBRAK"
    }
  ],
  "related_search_boxes": [
    {
      "position": 1,
      "query": "Tools for affiliate marketingView 3+ moreView 3+",
      "results": []
    },
    {
      "position": 2,
      "query": "Affiliate network listView 1+ moreView 1+",
      "results": []
    }
  ],
  "related_searches": [
    {
      "query": "top paying affiliate programs",
      "link": "https://www.google.com/search?q=top+paying+affiliate+programs&sa=X&ved=2ahUKEwj3zu7p45PnAhUDvp4KHc5HAQ8Q1QIoAHoECBcQAQ"
    },
    {
      "query": "amazon affiliate program",
      "link": "https://www.google.com/search?q=amazon+affiliate+program&sa=X&ved=2ahUKEwj3zu7p45PnAhUDvp4KHc5HAQ8Q1QIoAXoECBcQAg"
    },
    {
      "query": "affiliate marketing companies",
      "link": "https://www.google.com/search?q=affiliate+marketing+companies&sa=X&ved=2ahUKEwj3zu7p45PnAhUDvp4KHc5HAQ8Q1QIoAnoECBcQAw"
    },
    {
      "query": "best affiliate programs for beginners",
      "link": "https://www.google.com/search?q=best+affiliate+programs+for+beginners&sa=X&ved=2ahUKEwj3zu7p45PnAhUDvp4KHc5HAQ8Q1QIoA3oECBcQBA"
    },
    {
      "query": "shareasale affiliate marketing",
      "link": "https://www.google.com/search?q=shareasale+affiliate+marketing&sa=X&ved=2ahUKEwj3zu7p45PnAhUDvp4KHc5HAQ8Q1QIoBHoECBcQBQ"
    },
    {
      "query": "best affiliate programs 2019",
      "link": "https://www.google.com/search?q=best+affiliate+programs+2019&sa=X&ved=2ahUKEwj3zu7p45PnAhUDvp4KHc5HAQ8Q1QIoBXoECBcQBg"
    },
    {
      "query": "clickbank affiliate marketing",
      "link": "https://www.google.com/search?q=clickbank+affiliate+marketing&sa=X&ved=2ahUKEwj3zu7p45PnAhUDvp4KHc5HAQ8Q1QIoBnoECBcQBw"
    },
    {
      "query": "free affiliate programs",
      "link": "https://www.google.com/search?q=free+affiliate+programs&sa=X&ved=2ahUKEwj3zu7p45PnAhUDvp4KHc5HAQ8Q1QIoB3oECBcQCA"
    }
  ],
  "pagination": {
    "current": 1,
    "next": "https://www.google.com/search?q=affiliate+programs+uk&ei=2XMmXrf-JoP8-gTOj4V4&start=10&sa=N&ved=2ahUKEwj3zu7p45PnAhUDvp4KHc5HAQ8Q8NMDegQIERBB",
    "other_pages": {
      "2": "https://www.google.com/search?q=affiliate+programs+uk&ei=2XMmXrf-JoP8-gTOj4V4&start=10&sa=N&ved=2ahUKEwj3zu7p45PnAhUDvp4KHc5HAQ8Q8tMDegQIERAv",
      "3": "https://www.google.com/search?q=affiliate+programs+uk&ei=2XMmXrf-JoP8-gTOj4V4&start=20&sa=N&ved=2ahUKEwj3zu7p45PnAhUDvp4KHc5HAQ8Q8tMDegQIERAx",
      "4": "https://www.google.com/search?q=affiliate+programs+uk&ei=2XMmXrf-JoP8-gTOj4V4&start=30&sa=N&ved=2ahUKEwj3zu7p45PnAhUDvp4KHc5HAQ8Q8tMDegQIERAz",
      "5": "https://www.google.com/search?q=affiliate+programs+uk&ei=2XMmXrf-JoP8-gTOj4V4&start=40&sa=N&ved=2ahUKEwj3zu7p45PnAhUDvp4KHc5HAQ8Q8tMDegQIERA1",
      "6": "https://www.google.com/search?q=affiliate+programs+uk&ei=2XMmXrf-JoP8-gTOj4V4&start=50&sa=N&ved=2ahUKEwj3zu7p45PnAhUDvp4KHc5HAQ8Q8tMDegQIERA3",
      "7": "https://www.google.com/search?q=affiliate+programs+uk&ei=2XMmXrf-JoP8-gTOj4V4&start=60&sa=N&ved=2ahUKEwj3zu7p45PnAhUDvp4KHc5HAQ8Q8tMDegQIERA5",
      "8": "https://www.google.com/search?q=affiliate+programs+uk&ei=2XMmXrf-JoP8-gTOj4V4&start=70&sa=N&ved=2ahUKEwj3zu7p45PnAhUDvp4KHc5HAQ8Q8tMDegQIERA7",
      "9": "https://www.google.com/search?q=affiliate+programs+uk&ei=2XMmXrf-JoP8-gTOj4V4&start=80&sa=N&ved=2ahUKEwj3zu7p45PnAhUDvp4KHc5HAQ8Q8tMDegQIERA9",
      "10": "https://www.google.com/search?q=affiliate+programs+uk&ei=2XMmXrf-JoP8-gTOj4V4&start=90&sa=N&ved=2ahUKEwj3zu7p45PnAhUDvp4KHc5HAQ8Q8tMDegQIERA_"
    }
  },
  "serpapi_pagination": {
    "current": 1,
    "next_link": "https://serpapi.com/search.json?device=desktop&engine=google&google_domain=google.com&q=affiliate+programs+uk&start=10&token=03aeeccbd686381e",
    "next": "https://serpapi.com/search.json?device=desktop&engine=google&google_domain=google.com&q=affiliate+programs+uk&start=10&token=03aeeccbd686381e",
    "other_pages": {
      "2": "https://serpapi.com/search.json?device=desktop&engine=google&google_domain=google.com&q=affiliate+programs+uk&start=10&token=03aeeccbd686381e",
      "3": "https://serpapi.com/search.json?device=desktop&engine=google&google_domain=google.com&q=affiliate+programs+uk&start=20&token=dd08b80c7cad3e10",
      "4": "https://serpapi.com/search.json?device=desktop&engine=google&google_domain=google.com&q=affiliate+programs+uk&start=30&token=7035afe00c9bf48b",
      "5": "https://serpapi.com/search.json?device=desktop&engine=google&google_domain=google.com&q=affiliate+programs+uk&start=40&token=feca1725c3dfc41f",
      "6": "https://serpapi.com/search.json?device=desktop&engine=google&google_domain=google.com&q=affiliate+programs+uk&start=50&token=f906044b36652079",
      "7": "https://serpapi.com/search.json?device=desktop&engine=google&google_domain=google.com&q=affiliate+programs+uk&start=60&token=02991be7b7964512",
      "8": "https://serpapi.com/search.json?device=desktop&engine=google&google_domain=google.com&q=affiliate+programs+uk&start=70&token=07e70bc2f9831e12",
      "9": "https://serpapi.com/search.json?device=desktop&engine=google&google_domain=google.com&q=affiliate+programs+uk&start=80&token=dc72faadfedc6cec",
      "10": "https://serpapi.com/search.json?device=desktop&engine=google&google_domain=google.com&q=affiliate+programs+uk&start=90&token=b3a6026bd8aa439e"
    }
  }
}