{
  "search_metadata": {
    "id": "",
    "status": "Success",
    "json_endpoint": "",
    "created_at": "2020-01-21 14:04:23 UTC",
    "processed_at": "2020-01-21 14:04:23 UTC",
    "google_url": "https://www.google.com/search?q=affiliate+marketing+services&oq=affiliate+marketing+services&sourceid=chrome&ie=UTF-8",
    "raw_html_file": "",
    "total_time_taken": 2.34
  },
  "search_parameters": {
    "engine": "google",
    "q": "affiliate marketing services",
    "google_domain": "google.com",
    "device": "desktop"
  },
  "search_information": {
    "organic_results_state": "Results for exact spelling",
    "total_results": 303000000,
    "time_taken_displayed": 0.65,
    "query_displayed": "affiliate marketing services"
  },
  "ads": [
    {
      "position": 1,
      "block_position": "top",
      "title": "Affiliate Marketing Services | Measureable Results‎",
      "link": "https://versamarketinginc.com/",
      "displayed_link": "www.versamarketinginc.com/",
      "tracking_link": "https://www.google.com/aclk?sa=l&ai=DChcSEwjS9raV7pTnAhUT1GQKHdIuCL4YABAAGgJwag&ae=1&sig=AOD64_0CCTH_wnkIksuNZJv1-918TgF0Vw&q=&ved=2ahUKEwiqjbGV7pTnAhVQHzQIHRcuAEEQ0Qx6BAgUEAE&adurl=https://www.versamarketinginc.com/%3Fgclid%3DEAIaIQobChMI0va2le6U5wIVE9RkCh3SLgi-EAAYASAAEgLdnPD_BwE",
      "description": "Trust The Leading Management Agency With An Extensive Affiliate Network. Dedicated Team. Get A Free Proposal. Affiliate Recruitment. Highlights: Developing Customer Acquisition Programs, Dedicated Team.",
      "sitelinks": [
        {
          "title": "Our Clients",
          "link": "https://www.versamarketinginc.com/about-versa-marketing-inc/versa-marketing-inc-clients/"
        },
        {
          "title": "View Our Case Studies",
          "link": "https://www.versamarketinginc.com/about-versa-marketing-inc/online-marketing-case-studies/"
        }
      ]
    },
    {
      "position": 2,
      "block_position": "top",
      "title": "Affiliate Marketing Software | Fast & Easy Setup | getcake.com‎",
      "link": "/aclk?sa=l&ai=DChcSEwjS9raV7pTnAhUT1GQKHdIuCL4YABADGgJwag&ae=1&sig=AOD64_2VQSXxtM3yogQSDfaccfK-E0snhw&adurl=https://getcake.com/affiliate-marketing/%3Futm_source%3Dgoogle%26utm_medium%3Dcpc%26utm_campaign%3Dnoram-prsp%26utm_content%3Dam%26utm_term%3Dam-p%26utm_term%3Daffiliate%2520marketing%26utm_campaign%3DAmericas%2BAffiliate%2BMarketing%2B(Phrase%2BMatch)%2B-%2B2019%26utm_source%3Dadwords%26utm_medium%3Dppc%26hsa_acc%3D4715505022%26hsa_cam%3D949175037%26hsa_grp%3D50725344367%26hsa_ad%3D344834702599%26hsa_src%3Dg%26hsa_tgt%3Dkwd-1335131901%26hsa_kw%3Daffiliate%2520marketing%26hsa_mt%3Dp%26hsa_net%3Dadwords%26hsa_ver%3D3%26gclid%3DEAIaIQobChMI0va2le6U5wIVE9RkCh3SLgi-EAAYAiAAEgIXOvD_BwE&q=",
      "displayed_link": "www.getcake.com/",
      "tracking_link": "https://www.google.com/aclk?sa=l&ai=DChcSEwjS9raV7pTnAhUT1GQKHdIuCL4YABADGgJwag&ae=1&sig=AOD64_2VQSXxtM3yogQSDfaccfK-E0snhw&q=&ved=2ahUKEwiqjbGV7pTnAhVQHzQIHRcuAEEQ0Qx6BAgWEAE&adurl=https://getcake.com/affiliate-marketing/%3Futm_source%3Dgoogle%26utm_medium%3Dcpc%26utm_campaign%3Dnoram-prsp%26utm_content%3Dam%26utm_term%3Dam-p%26utm_term%3Daffiliate%2520marketing%26utm_campaign%3DAmericas%2BAffiliate%2BMarketing%2B(Phrase%2BMatch)%2B-%2B2019%26utm_source%3Dadwords%26utm_medium%3Dppc%26hsa_acc%3D4715505022%26hsa_cam%3D949175037%26hsa_grp%3D50725344367%26hsa_ad%3D344834702599%26hsa_src%3Dg%26hsa_tgt%3Dkwd-1335131901%26hsa_kw%3Daffiliate%2520marketing%26hsa_mt%3Dp%26hsa_net%3Dadwords%26hsa_ver%3D3%26gclid%3DEAIaIQobChMI0va2le6U5wIVE9RkCh3SLgi-EAAYAiAAEgIXOvD_BwE",
      "description": "Global Affiliate Marketing Tool Powering More Than 500 Affiliate Marketing Programs. Campaign Management, Customizable Affiliate Payments, Fraud Detection, Event Tracking. ",
      "sitelinks": [
        {
          "title": "Affiliate Marketing",
          "link": "https://www.getcake.com/affiliate-marketing-software/?utm_source=google&utm_medium=cpc&utm_content=sl&utm_term=am"
        },
        {
          "title": "Request a Demo",
          "link": "https://www.getcake.com/affiliate-marketing-software-demo/?utm_source=google&utm_medium=cpc&utm_content=sl&utm_term=rd-am"
        },
        {
          "title": "Resources",
          "link": "https://getcake.com/resources/?utm_source=google&utm_medium=cpc&utm_content=sl&utm_term=rsc"
        },
        {
          "title": "Customer Support",
          "link": "https://getcake.com/support/?utm_source=google&utm_medium=cpc&utm_content=sl&utm_term=csp"
        }
      ]
    },
    {
      "position": 3,
      "block_position": "top",
      "title": "Shopify | Internet Affiliate Marketing | shopify.com‎",
      "link": "https://www.shopify.com/sell",
      "displayed_link": "www.shopify.com/",
      "tracking_link": "https://www.google.com/aclk?sa=l&ai=DChcSEwjS9raV7pTnAhUT1GQKHdIuCL4YABAIGgJwag&ae=1&sig=AOD64_09sFQlvEvNKuFaGJc7HeLy8SzLIA&q=&ved=2ahUKEwiqjbGV7pTnAhVQHzQIHRcuAEEQ0Qx6BAgZEAE&adurl=http://clickserve.dartsearch.net/link/click%3Flid%3D43700050501144773%26ds_s_kwgid%3D58700005530166700%26%26ds_e_adid%3D388446031568%26ds_e_matchtype%3Dsearch%26ds_e_device%3Dc%26ds_e_network%3Dg%26%26ds_url_v%3D2%26ds_dest_url%3Dhttp://www.shopify.com/sell%3Fterm%3D%26Network%3DSearch%26SiteTarget%3D%26mt%3D%26adid%3D0%26device%3Dc%26test%3D%26BOID%3Dtest-sell-broad%26adpos%3Dnone%26gclsrc%3Daw.ds%26%26gclid%3DEAIaIQobChMI0va2le6U5wIVE9RkCh3SLgi-EAAYAyAAEgJUdPD_BwE",
      "description": "Use One Tool To Manage All Your Products, Inventory, And Customers. SEO Optimized."
    },
    {
      "position": 4,
      "block_position": "bottom",
      "title": "Affiliate Program Management | 8.4 Million Affiliate Database‎",
      "link": "https://affiliatemanager.com/",
      "displayed_link": "www.affiliatemanager.com/Marketing/Agency",
      "tracking_link": "https://www.google.com/aclk?sa=l&ai=DChcSEwjS9raV7pTnAhUT1GQKHdIuCL4YABAKGgJwag&ae=1&sig=AOD64_2AsNGvKj-byLLf3Hgc3Eope_ayZg&q=&ved=2ahUKEwiqjbGV7pTnAhVQHzQIHRcuAEEQ0Qx6BAgREAE&adurl=http://www.AffiliateManager.com%3Fgclid%3DEAIaIQobChMI0va2le6U5wIVE9RkCh3SLgi-EAMYASAAEgKDp_D_BwE",
      "description": "Full Service, ROAS Focused Performance Marketing Agency Since 2005."
    },
    {
      "position": 5,
      "block_position": "bottom",
      "title": "MonsterClaw LLC | Affiliate Marketing Company‎",
      "link": "https://monsterclaw.com/",
      "displayed_link": "www.monsterclaw.com/",
      "tracking_link": "https://www.google.com/aclk?sa=l&ai=DChcSEwjS9raV7pTnAhUT1GQKHdIuCL4YABALGgJwag&ae=1&sig=AOD64_3-tYbu8I_5uyyKaIZ9t3rW6eQMTg&q=&ved=2ahUKEwiqjbGV7pTnAhVQHzQIHRcuAEEQ0Qx6BAgSEAE&adurl=https://monsterclaw.com/",
      "description": "We Are A Dedicated Affiliate Marketing Company, Specialised on Top Affiliate Recruitment. We Have Executed Countless Affiliate Marketing Campaigns And Have Grown Many over 800%"
    },
    {
      "position": 6,
      "block_position": "bottom",
      "title": "Affiliate Marketing Strategies | Boost Your Affiliate Ad Sales‎",
      "link": "https://lp.outbrain.com/affiliate-increase-direct-revenue/",
      "displayed_link": "lp.outbrain.com/Affiliate/Marketing",
      "tracking_link": "https://www.google.com/aclk?sa=l&ai=DChcSEwjS9raV7pTnAhUT1GQKHdIuCL4YABAJGgJwag&ae=1&sig=AOD64_0vO4pXf-EXwDXgW7o-LikIRI8SZA&q=&ved=2ahUKEwiqjbGV7pTnAhVQHzQIHRcuAEEQ0Qx6BAgVEAE&adurl=https://lp.outbrain.com/affiliate-increase-direct-revenue/%3Futm_source%3Dgoogle-us%26utm_medium%3Dcpc%26utm_campaign%3D111111645--US-Search-Affiliate-Text-weekdays-R%26utm_term%3D%252Baffiliate%2520%252Bmarketing%26utm_content%3D304154244667%26utm_ad%3D304154244667%26utm_network%3Dg%26utm_device%3Dc%26utm_placement%3D%26utm_position%3D%26keyword%3D%252Baffiliate%2520%252Bmarketing%26campaignID%3D1601005195%26matchtype%3Db%26adgroupID%3D60612686396",
      "description": "Boost Your Ads ROI with Outbrain Amplify Smart Targeting. Start Your Campaign Now!"
    }
  ],
  "knowledge_graph": {
    "see_more_about": [
      {
        "title": null
      },
      {
        "title": null
      }
    ]
  },
  "related_questions": [
    {
      "question": "How do I become an affiliate marketer?",
      "snippet": "Here's How to Start Affiliate Marketing on Your Blog in 8 Steps:Step 1: Create a Website or A Blog.Step 2: Choose an Industry, and then Niche Down.Step 3: Research Products in Your Niche that You Can Review.Step 4: Sign Up for the Amazon Affiliate Program.More items...•Jan 25, 2019",
      "title": "How to Start Affiliate Marketing for Beginners (A Step by Step Guide)",
      "link": "https://www.locationrebel.com/how-to-start-affiliate-marketing/",
      "displayed_link": "www.locationrebel.com › how-to-start-affiliate-marketing"
    },
    {
      "question": "How do you get paid through affiliate marketing?",
      "snippet": "Affiliate marketing is a simple 3-step process:You recommend a product or service to your followers.Your followers purchase the product or service using your affiliate link.You get paid a commission for the sales made using your affiliate link.May 11, 2019",
      "title": "How to Make Money While You Sleep With Affiliate Marketing",
      "link": "https://optinmonster.com/get-started-with-affiliate-marketing/",
      "displayed_link": "optinmonster.com › get-started-with-affiliate-marketing"
    },
    {
      "question": "Which affiliate network is best?",
      "snippet": "The Best Affiliate Networks in 2019ShareASale.ClickBank.CJ Affiliate (formerly Commission Junction)Amazon Associates.eBay Partner Network (EPN)FlexOffers.Pepperjam.Rakuten Marketing (formerly LinkShare)Sep 25, 2019",
      "title": "The 8 Best Affiliate Networks for Earning Passive Income in 2019",
      "link": "https://smartblogger.com/affiliate-networks/",
      "displayed_link": "smartblogger.com › affiliate-networks"
    },
    {
      "question": "What does it mean to become an affiliate of a company?",
      "snippet": "Definition: A way for a company to sell its products by signing up individuals or companies (\"affiliates\") who market the company's products for a commission. There are two ways to approach affiliate marketing: You can offer an affiliate program to others or you can sign up to be another business's affiliate.",
      "title": "Affiliate Marketing Definition - Entrepreneur Small Business ...",
      "link": "https://www.entrepreneur.com/encyclopedia/affiliate-marketing",
      "displayed_link": "www.entrepreneur.com › encyclopedia › affiliate-marketing"
    }
  ],
  "answer_box": {
    "type": "organic_result",
    "title": "Affiliate Marketing Services | Affiliate Marketing Company",
    "link": "https://www.suntecmarketing.com/affiliate-marketing-services.html",
    "snippet": "Affiliate Marketing Services. Affiliate marketing is the practice to advertise your products or services by placing links on websites which your customers are most likely to visit. These sites are the affiliates that sign up to affiliate marketing program and receive a commission when referrals generate sales."
  },
  "organic_results": [
    {
      "position": 1,
      "title": "20+ Best Affiliate Marketing Platforms and Networks of 2020 ...",
      "link": "https://makeawebsitehub.com/affiliate-marketing-networks/",
      "displayed_link": "makeawebsitehub.com › affiliate-marketing-networks",
      "snippet": "In this post I cover the best affiliate marketing networks and programs to help you ... When a person buys a ClickFunnel product or service, you get 40% of the ...",
      "cached_page_link": "https://webcache.googleusercontent.com/search?q=cache:aedN2w77ZFQJ:https://makeawebsitehub.com/affiliate-marketing-networks/+&cd=3&hl=en&ct=clnk&gl=us",
      "related_pages_link": "https://www.google.com/search?q=related:https://makeawebsitehub.com/affiliate-marketing-networks/+affiliate+marketing+services&tbo=1&sa=X&ved=2ahUKEwiqjbGV7pTnAhVQHzQIHRcuAEEQHzACegQIAxAJ"
    },
    {
      "position": 2,
      "title": "Affiliate Marketing & Advertising Services | Rise Interactive",
      "link": "https://www.riseinteractive.com/digital-media/affiliate-marketing-services",
      "displayed_link": "www.riseinteractive.com › digital-media › affiliate-marketing-services",
      "snippet": "Rise acts as a strategic partner on behalf of our clients, helping to create, optimize, and manage affiliate programs every step of the way. Rise’s affiliate approach offers much more than traditional outsourced program management, focusing on four primary drivers ...",
      "cached_page_link": "https://webcache.googleusercontent.com/search?q=cache:on03a7F34wEJ:https://www.riseinteractive.com/digital-media/affiliate-marketing-services+&cd=4&hl=en&ct=clnk&gl=us",
      "related_pages_link": "https://www.google.com/search?q=related:https://www.riseinteractive.com/digital-media/affiliate-marketing-services+affiliate+marketing+services&tbo=1&sa=X&ved=2ahUKEwiqjbGV7pTnAhVQHzQIHRcuAEEQHzADegQICBAJ"
    },
    {
      "position": 3,
      "title": "Affiliate Marketing Services | Affiliate Marketing Company",
      "link": "https://www.suntecmarketing.com/affiliate-marketing-services.html",
      "displayed_link": "www.suntecmarketing.com › affiliate-marketing-services",
      "snippet": "Affiliate Marketing Services. Affiliate marketing is the practice to advertise your products or services by placing links on websites which your customers are most likely to visit. These sites are the affiliates that sign up to affiliate marketing program and receive a commission when referrals generate sales.",
      "cached_page_link": "https://webcache.googleusercontent.com/search?q=cache:1LNTq1cOoSAJ:https://www.suntecmarketing.com/affiliate-marketing-services.html+&cd=5&hl=en&ct=clnk&gl=us"
    },
    {
      "position": 4,
      "title": "Professional Affiliate Marketing Management Services - WebFX",
      "link": "https://www.webfx.com/Internet-Advertising-Affiliate-Marketing-Program.html",
      "displayed_link": "www.webfx.com › Internet-Advertising-Affiliate-Marketing-Program",
      "snippet": "Have you considered affiliate marketing? Our affiliate management service takes all the stress and hard work out of managing your affiliates, setting up links, ...",
      "cached_page_link": "https://webcache.googleusercontent.com/search?q=cache:mJxf32t0HL4J:https://www.webfx.com/Internet-Advertising-Affiliate-Marketing-Program.html+&cd=6&hl=en&ct=clnk&gl=us"
    },
    {
      "position": 5,
      "title": "10 Services Affiliate Programs | Affiliate Marketing Product Guide",
      "link": "https://www.leaddyno.com/services-affiliate-programs/",
      "displayed_link": "www.leaddyno.com › services-affiliate-programs",
      "date": "Jun 8, 2018",
      "snippet": "Read the latest LeadDyno affiliate marketing product guide about services affiliate programs. Find out how you can apply and start promoting ...",
      "cached_page_link": "https://webcache.googleusercontent.com/search?q=cache:AjY36W5SKmYJ:https://www.leaddyno.com/services-affiliate-programs/+&cd=7&hl=en&ct=clnk&gl=us"
    },
    {
      "position": 6,
      "title": "Affiliate Marketing Made Simple: A Step-by-Step Guide",
      "link": "https://neilpatel.com/what-is-affiliate-marketing/",
      "displayed_link": "neilpatel.com › what-is-affiliate-marketing",
      "snippet": "Affiliate marketing is the process of earning a commission by promoting other people's ... Instead, just look at what products and services are already out there.",
      "rich_snippet": {
        "bottom": {
          "questions": [
            "What is affiliate marketing?",
            "How much money can you make as an affiliate marketer?",
            "What are some of the most popular affilaite networks?",
            "Is affiliate marketing a pyramid scheme?"
          ]
        }
      }
    },
    {
      "position": 7,
      "title": "Affiliate Marketing Management Services for Retailers",
      "link": "https://www.activewebgroup.com/affiliate-marketing-services/",
      "displayed_link": "www.activewebgroup.com › affiliate-marketing-services",
      "snippet": "AWG's affiliate marketing management services can help your business increase profits and sales. Learn more about our affiliate marketing program.",
      "cached_page_link": "https://webcache.googleusercontent.com/search?q=cache:x8M7sNJHdLoJ:https://www.activewebgroup.com/affiliate-marketing-services/+&cd=18&hl=en&ct=clnk&gl=us"
    },
    {
      "position": 8,
      "title": "Affiliate Marketing Services | Gen3 Marketing",
      "link": "https://gen3marketing.com/affiliate-marketing/",
      "displayed_link": "gen3marketing.com › affiliate-marketing",
      "snippet": "The world's strongest affiliate marketing programs start with Gen3. We cover all you need to run an effective affiliate marketing program for your business.",
      "cached_page_link": "https://webcache.googleusercontent.com/search?q=cache:8WIKhnOtVWcJ:https://gen3marketing.com/affiliate-marketing/+&cd=19&hl=en&ct=clnk&gl=us"
    },
    {
      "position": 9,
      "title": "What is Affiliate Marketing and How Does Affiliate Marketing ...",
      "link": "https://www.accelerationpartners.com/affiliate-marketing-101/",
      "displayed_link": "www.accelerationpartners.com › affiliate-marketing-101",
      "snippet": "Only at Acceleration Partners, the world's top affiliate marketing management ... affiliate program, best practices for promoting their products or services, how ...",
      "cached_page_link": "https://webcache.googleusercontent.com/search?q=cache:tm8gvOUlljAJ:https://www.accelerationpartners.com/affiliate-marketing-101/+&cd=20&hl=en&ct=clnk&gl=us"
    }
  ],
  "related_search_boxes": [
    {
      "position": 1,
      "query": "Affiliate network listView 1+ moreView 1+",
      "results": []
    }
  ],
  "related_searches": [
    {
      "query": "online affiliate marketing",
      "link": "https://www.google.com/search?q=online+affiliate+marketing&sa=X&ved=2ahUKEwiqjbGV7pTnAhVQHzQIHRcuAEEQ1QIoAHoECBsQAQ"
    },
    {
      "query": "affiliate marketing companies",
      "link": "https://www.google.com/search?q=affiliate+marketing+companies&sa=X&ved=2ahUKEwiqjbGV7pTnAhVQHzQIHRcuAEEQ1QIoAXoECBsQAg"
    },
    {
      "query": "top affiliate marketers",
      "link": "https://www.google.com/search?q=top+affiliate+marketers&sa=X&ved=2ahUKEwiqjbGV7pTnAhVQHzQIHRcuAEEQ1QIoAnoECBsQAw"
    },
    {
      "query": "free affiliate programs",
      "link": "https://www.google.com/search?q=free+affiliate+programs&sa=X&ved=2ahUKEwiqjbGV7pTnAhVQHzQIHRcuAEEQ1QIoA3oECBsQBA"
    },
    {
      "query": "best affiliate networks for merchants",
      "link": "https://www.google.com/search?q=best+affiliate+networks+for+merchants&sa=X&ved=2ahUKEwiqjbGV7pTnAhVQHzQIHRcuAEEQ1QIoBHoECBsQBQ"
    },
    {
      "query": "top paying affiliate programs",
      "link": "https://www.google.com/search?q=top+paying+affiliate+programs&sa=X&ved=2ahUKEwiqjbGV7pTnAhVQHzQIHRcuAEEQ1QIoBXoECBsQBg"
    },
    {
      "query": "affiliate marketing website",
      "link": "https://www.google.com/search?q=affiliate+marketing+website&sa=X&ved=2ahUKEwiqjbGV7pTnAhVQHzQIHRcuAEEQ1QIoBnoECBsQBw"
    },
    {
      "query": "affiliate marketing strategy",
      "link": "https://www.google.com/search?q=affiliate+marketing+strategy&sa=X&ved=2ahUKEwiqjbGV7pTnAhVQHzQIHRcuAEEQ1QIoB3oECBsQCA"
    }
  ],
  "pagination": {
    "current": 1,
    "next": "https://www.google.com/search?q=affiliate+marketing+services&ei=6AQnXqr5PNC-0PEPl9yAiAQ&start=10&sa=N&ved=2ahUKEwiqjbGV7pTnAhVQHzQIHRcuAEEQ8NMDegQIExBC",
    "other_pages": {
      "2": "https://www.google.com/search?q=affiliate+marketing+services&ei=6AQnXqr5PNC-0PEPl9yAiAQ&start=10&sa=N&ved=2ahUKEwiqjbGV7pTnAhVQHzQIHRcuAEEQ8tMDegQIExAw",
      "3": "https://www.google.com/search?q=affiliate+marketing+services&ei=6AQnXqr5PNC-0PEPl9yAiAQ&start=20&sa=N&ved=2ahUKEwiqjbGV7pTnAhVQHzQIHRcuAEEQ8tMDegQIExAy",
      "4": "https://www.google.com/search?q=affiliate+marketing+services&ei=6AQnXqr5PNC-0PEPl9yAiAQ&start=30&sa=N&ved=2ahUKEwiqjbGV7pTnAhVQHzQIHRcuAEEQ8tMDegQIExA0",
      "5": "https://www.google.com/search?q=affiliate+marketing+services&ei=6AQnXqr5PNC-0PEPl9yAiAQ&start=40&sa=N&ved=2ahUKEwiqjbGV7pTnAhVQHzQIHRcuAEEQ8tMDegQIExA2",
      "6": "https://www.google.com/search?q=affiliate+marketing+services&ei=6AQnXqr5PNC-0PEPl9yAiAQ&start=50&sa=N&ved=2ahUKEwiqjbGV7pTnAhVQHzQIHRcuAEEQ8tMDegQIExA4",
      "7": "https://www.google.com/search?q=affiliate+marketing+services&ei=6AQnXqr5PNC-0PEPl9yAiAQ&start=60&sa=N&ved=2ahUKEwiqjbGV7pTnAhVQHzQIHRcuAEEQ8tMDegQIExA6",
      "8": "https://www.google.com/search?q=affiliate+marketing+services&ei=6AQnXqr5PNC-0PEPl9yAiAQ&start=70&sa=N&ved=2ahUKEwiqjbGV7pTnAhVQHzQIHRcuAEEQ8tMDegQIExA8",
      "9": "https://www.google.com/search?q=affiliate+marketing+services&ei=6AQnXqr5PNC-0PEPl9yAiAQ&start=80&sa=N&ved=2ahUKEwiqjbGV7pTnAhVQHzQIHRcuAEEQ8tMDegQIExA-",
      "10": "https://www.google.com/search?q=affiliate+marketing+services&ei=6AQnXqr5PNC-0PEPl9yAiAQ&start=90&sa=N&ved=2ahUKEwiqjbGV7pTnAhVQHzQIHRcuAEEQ8tMDegQIExBA"
    }
  },
  "serpapi_pagination": {
    "current": 1,
    "next_link": "https://serpapi.com/search.json?device=desktop&engine=google&google_domain=google.com&q=affiliate+marketing+services&start=10&token=76813e882d3b3800",
    "next": "https://serpapi.com/search.json?device=desktop&engine=google&google_domain=google.com&q=affiliate+marketing+services&start=10&token=76813e882d3b3800",
    "other_pages": {
      "2": "https://serpapi.com/search.json?device=desktop&engine=google&google_domain=google.com&q=affiliate+marketing+services&start=10&token=76813e882d3b3800",
      "3": "https://serpapi.com/search.json?device=desktop&engine=google&google_domain=google.com&q=affiliate+marketing+services&start=20&token=3c264ec87ec234ca",
      "4": "https://serpapi.com/search.json?device=desktop&engine=google&google_domain=google.com&q=affiliate+marketing+services&start=30&token=22296ad7331973ab",
      "5": "https://serpapi.com/search.json?device=desktop&engine=google&google_domain=google.com&q=affiliate+marketing+services&start=40&token=cf0713b17df7d6f9",
      "6": "https://serpapi.com/search.json?device=desktop&engine=google&google_domain=google.com&q=affiliate+marketing+services&start=50&token=17aabea352477768",
      "7": "https://serpapi.com/search.json?device=desktop&engine=google&google_domain=google.com&q=affiliate+marketing+services&start=60&token=0d75a14ba7827590",
      "8": "https://serpapi.com/search.json?device=desktop&engine=google&google_domain=google.com&q=affiliate+marketing+services&start=70&token=068fc70daef2be11",
      "9": "https://serpapi.com/search.json?device=desktop&engine=google&google_domain=google.com&q=affiliate+marketing+services&start=80&token=61d69e290707195c",
      "10": "https://serpapi.com/search.json?device=desktop&engine=google&google_domain=google.com&q=affiliate+marketing+services&start=90&token=8707c5aa0ee399ee"
    }
  }
}