{
  "search_metadata": {
    "id": "",
    "status": "Success",
    "json_endpoint": "",
    "created_at": "2020-01-21 13:59:38 UTC",
    "processed_at": "2020-01-21 13:59:38 UTC",
    "google_url": "https://www.google.com/search?q=affiliate+name&oq=affiliate+name&sourceid=chrome&ie=UTF-8",
    "raw_html_file": "",
    "total_time_taken": 2.08
  },
  "search_parameters": {
    "engine": "google",
    "q": "affiliate name",
    "google_domain": "google.com",
    "device": "desktop"
  },
  "search_information": {
    "organic_results_state": "Results for exact spelling",
    "total_results": 736000000,
    "time_taken_displayed": 0.59,
    "query_displayed": "affiliate name"
  },
  "knowledge_graph": {},
  "inline_images": [
    {
      "link": "/search?q=affiliate+name&tbm=isch&source=iu&ictx=1&fir=FKKHrYRPnCiKaM%253A%252C6QQQRJO5iJ_jZM%252C_&vet=1&usg=AI4_-kQ1s7c2sso5kRf9zcM5zNSR5P6-pw&sa=X&ved=2ahUKEwj3zbeN7ZTnAhUPXc0KHRoABlAQ9QEwEXoECAYQBQ#imgrc=FKKHrYRPnCiKaM:",
      "thumbnail": "https://encrypted-tbn0.gstatic.com/images?q=tbn:ANd9GcRoQaTZh4ulOfyQPGbRxgbpKB2Qo00hX8YqGDT99wBKF1TliauJRI1mb9fJKaW4wQ&s"
    },
    {
      "link": "/search?q=affiliate+name&tbm=isch&source=iu&ictx=1&fir=m05s3zWpfva9zM%253A%252CFSvZGR5NMs7hsM%252C_&vet=1&usg=AI4_-kRh21OVCAI_kjhCVeLVANi9WC6U8A&sa=X&ved=2ahUKEwj3zbeN7ZTnAhUPXc0KHRoABlAQ9QEwEnoECAYQBw#imgrc=m05s3zWpfva9zM:",
      "thumbnail": "https://encrypted-tbn0.gstatic.com/images?q=tbn:ANd9GcQQWnInXyrHWUI7hMVCyv5rPHHlL3I_efG2687zHonR6Namy1cujhvOF7GqC7J6aA&s"
    },
    {
      "link": "/search?q=affiliate+name&tbm=isch&source=iu&ictx=1&fir=3kTuZ5CA14R2JM%253A%252CtCsi4-gqfeYCBM%252C_&vet=1&usg=AI4_-kRSFPH9-3dRGIuqrgGYi0RNvcBHtQ&sa=X&ved=2ahUKEwj3zbeN7ZTnAhUPXc0KHRoABlAQ9QEwE3oECAYQCQ#imgrc=3kTuZ5CA14R2JM:",
      "thumbnail": "https://encrypted-tbn0.gstatic.com/images?q=tbn:ANd9GcRmgqTsV6kB2QQMv52A_0mSQ7t6u7FNsEx9I74QZn-2N2DtT0ESmGE0PBkYQtLdQw&s"
    },
    {
      "link": "/search?q=affiliate+name&tbm=isch&source=iu&ictx=1&fir=war9wsMchA16eM%253A%252CJk076jHGfUBQIM%252C_&vet=1&usg=AI4_-kQn-RAzARqRJZ_z5WW_z1bE4EnVCA&sa=X&ved=2ahUKEwj3zbeN7ZTnAhUPXc0KHRoABlAQ9QEwFHoECAYQCw#imgrc=war9wsMchA16eM:",
      "thumbnail": "https://encrypted-tbn0.gstatic.com/images?q=tbn:ANd9GcTaodE2uFWzfPRlaVcelWR_Cdz1CZCC4qk1WqeVKzNhL0DfPd0CEztZsJPceOPsmw&s"
    },
    {
      "link": "/search?q=affiliate+name&tbm=isch&source=iu&ictx=1&fir=0DpeyFIN0HINjM%253A%252C6QQQRJO5iJ_jZM%252C_&vet=1&usg=AI4_-kSf8-LY_XNn7nsweJb2ES1wmqHLVw&sa=X&ved=2ahUKEwj3zbeN7ZTnAhUPXc0KHRoABlAQ9QEwFXoECAYQDQ#imgrc=0DpeyFIN0HINjM:",
      "thumbnail": "https://encrypted-tbn0.gstatic.com/images?q=tbn:ANd9GcQaNj4qPoqclFzQVSPQTjOl7B5n0eZFM-vf5Vh3x_SR7HoiDeb4Ezv5kzzCPWGb0g&s"
    },
    {
      "link": "/search?q=affiliate+name&tbm=isch&source=iu&ictx=1&fir=Z9B_k1_gAHNG0M%253A%252C2w5CxDTZ9RtZCM%252C_&vet=1&usg=AI4_-kQIflusBGtPfbRSSO12358Vsa-71g&sa=X&ved=2ahUKEwj3zbeN7ZTnAhUPXc0KHRoABlAQ9QEwFnoECAYQDw#imgrc=Z9B_k1_gAHNG0M:",
      "thumbnail": "https://encrypted-tbn0.gstatic.com/images?q=tbn:ANd9GcQtf9F8SWnNW1juvxVhx6h48uKdf5eQ9U665WKsd0eymNgON7uMH9Ry_uqiuNnPFQ&s"
    },
    {
      "link": "/search?q=affiliate+name&tbm=isch&source=iu&ictx=1&fir=kzSeCpYrX5_FiM%253A%252Cd3dTs3BL41q21M%252C_&vet=1&usg=AI4_-kTqOaZnRMzvOL8u68f-Q567JTJiRw&sa=X&ved=2ahUKEwj3zbeN7ZTnAhUPXc0KHRoABlAQ9QEwF3oECAYQEQ#imgrc=kzSeCpYrX5_FiM:",
      "thumbnail": "https://encrypted-tbn0.gstatic.com/images?q=tbn:ANd9GcRVwJDjJmmMP2bxI9dUottgZKDMyONQ8EVo2NTe-B9d_nVO2OJjaOyPhoQesp6zlg&s"
    },
    {
      "link": "/search?q=affiliate+name&tbm=isch&source=iu&ictx=1&fir=RMyN_FuWUXjC3M%253A%252CGPEE0NMZ1EMaeM%252C_&vet=1&usg=AI4_-kQx7aQGUIueTyKXek0MFBAVVIC7Gw&sa=X&ved=2ahUKEwj3zbeN7ZTnAhUPXc0KHRoABlAQ9QEwGHoECAYQEw#imgrc=RMyN_FuWUXjC3M:",
      "thumbnail": "https://encrypted-tbn0.gstatic.com/images?q=tbn:ANd9GcR_aP-1KN-nilqiWkKDUMEZfRAGLwxm_Ihq7rYX1LToPJ4HDJIeqImZuHFf3CWWcw&s"
    },
    {
      "link": "/search?q=affiliate+name&tbm=isch&source=iu&ictx=1&fir=LBiC09qI6wSeRM%253A%252CaedN2w77ZFRPkM%252C_&vet=1&usg=AI4_-kTgghiAinIYbCTktkwsbzdgjRsUbw&sa=X&ved=2ahUKEwj3zbeN7ZTnAhUPXc0KHRoABlAQ9QEwGXoECAYQFQ#imgrc=LBiC09qI6wSeRM:",
      "thumbnail": "https://encrypted-tbn0.gstatic.com/images?q=tbn:ANd9GcT1TVdkvKgiNZ_YC-tMUb6veNAuYZxW7637j6LDhMg-gfae6hyvUjwuvJbFr7yO3g&s"
    },
    {
      "link": "/search?q=affiliate+name&tbm=isch&source=iu&ictx=1&fir=BLBUijoc1j-9GM%253A%252Cs4VJZr5jh47CDM%252C_&vet=1&usg=AI4_-kSePprIsMhIsahfU2hqW8ohv6Gd1g&sa=X&ved=2ahUKEwj3zbeN7ZTnAhUPXc0KHRoABlAQ9QEwGnoECAYQFw#imgrc=BLBUijoc1j-9GM:",
      "thumbnail": "https://encrypted-tbn0.gstatic.com/images?q=tbn:ANd9GcSgtdqCbROImQ1nGaSN1JPM4ayNzoxDPSJUJMEIHo43HAbIZfN1tI0vrwWj8OR_gw&s"
    }
  ],
  "related_questions": [
    {
      "question": "What is an affiliate name?",
      "snippet": "The term \"affiliate\" has two more specific uses in business contexts: In corporate law and taxes, an affiliate is a company that is related to another company, usually by being in the position of a member or a subordinate role, a subsidiary.",
      "title": "What Is an Affiliate in the Business World?",
      "link": "https://www.thebalancesmb.com/affiliates-and-affiliate-agreements-in-business-398119",
      "displayed_link": "www.thebalancesmb.com › affiliates-and-affiliate-agreements-in-busines..."
    },
    {
      "question": "What is an affiliate company?",
      "snippet": "Companies are affiliated when one company is a minority shareholder of another. In most cases, the parent company will own less than a 50% interest in its affiliated company. ... In most cases, affiliates are associates or associated companies, which describes an organization whose parent has a minority stake in it.Jun 1, 2019",
      "title": "Affiliated Companies Definition - Investopedia",
      "link": "https://www.investopedia.com/terms/a/affiliatedcompanies.asp",
      "displayed_link": "www.investopedia.com › terms › affiliatedcompanies"
    },
    {
      "question": "Is an employee an affiliate?",
      "snippet": "Definition of Affiliate Employee. Affiliate Employee means any Employee who is an officer or director of the Company. Affiliate Employee means any person employed by an Affiliate.",
      "title": "Affiliate Employee | legal definition of Affiliate Employee by ...",
      "link": "https://www.lawinsider.com/dictionary/affiliate-employee",
      "displayed_link": "www.lawinsider.com › dictionary › affiliate-employee"
    },
    {
      "question": "What is an affiliate code?",
      "snippet": "Affiliate code is a unique code of 3-5 letters and a key mechanism in registering the clients referred by an Affiliate to InstaForex Company. Affiliate code in work: ... Paying the commissions to the Affiliate from the trades conducted by the client of his affiliate group.",
      "title": "Affiliate Code - InstaForex",
      "link": "https://www.instaforex.com/partners_code.php",
      "displayed_link": "www.instaforex.com › partners_code"
    }
  ],
  "organic_results": [
    {
      "position": 1,
      "title": "Affiliate name vs. company name - CrossFit Discussion Board",
      "link": "https://board.crossfit.com/showthread.php?t=65395",
      "displayed_link": "board.crossfit.com › showthread",
      "date": "Feb 28, 2011",
      "snippet": "Hi, I would like to know if most affiliates have the same affiliate name as the official company name that they are trading/paying tax under?",
      "sitelinks": {
        "list": [
          {
            "title": "Affiliate Name rules / regulations??",
            "link": "https://board.crossfit.com/showthread.php?t=85571",
            "date": "Dec 29, 2013"
          },
          {
            "title": "Changing affiliate name",
            "link": "https://board.crossfit.com/showthread.php?t=83689",
            "date": "Aug 13, 2013"
          }
        ]
      },
      "cached_page_link": "https://webcache.googleusercontent.com/search?q=cache:68mPRXYSkZMJ:https://board.crossfit.com/showthread.php%3Ft%3D65395+&cd=1&hl=en&ct=clnk&gl=us"
    },
    {
      "position": 2,
      "title": "What Is an Affiliate in the Business World?",
      "link": "https://www.thebalancesmb.com/affiliates-and-affiliate-agreements-in-business-398119",
      "displayed_link": "www.thebalancesmb.com › ... › Business Law & Taxes › Glossary",
      "snippet": "A definition of affiliate business relationships and types of affiliates. Also, a discussion of terms to include in an agreement.",
      "cached_page_link": "https://webcache.googleusercontent.com/search?q=cache:0BSVcKFP3WQJ:https://www.thebalancesmb.com/affiliates-and-affiliate-agreements-in-business-398119+&cd=10&hl=en&ct=clnk&gl=us"
    },
    {
      "position": 3,
      "title": "Affiliate dictionary definition | affiliate defined - YourDictionary",
      "link": "https://www.yourdictionary.com/affiliate",
      "displayed_link": "www.yourdictionary.com › affiliate",
      "snippet": "An affiliate is defined as a person who is in some way connected to another person or organization. An example of an affiliate would be a journalist for a newspaper. The definition of an affiliate is an arm of an organization or a subsidiary.",
      "cached_page_link": "https://webcache.googleusercontent.com/search?q=cache:K1CpUJ3LCqoJ:https://www.yourdictionary.com/affiliate+&cd=11&hl=en&ct=clnk&gl=us"
    },
    {
      "position": 4,
      "title": "Affiliate Definition - Investopedia",
      "link": "https://www.investopedia.com/terms/a/affiliate.asp",
      "displayed_link": "www.investopedia.com › Business › Business Essentials",
      "date": "May 12, 2019",
      "snippet": "A multinational company may set up affiliates to break into international markets while protecting the parent company's name in case the ...",
      "cached_page_link": "https://webcache.googleusercontent.com/search?q=cache:hZm5MrdmCc4J:https://www.investopedia.com/terms/a/affiliate.asp+&cd=12&hl=en&ct=clnk&gl=us"
    },
    {
      "position": 5,
      "title": "What is affiliate? definition and meaning - BusinessDictionary ...",
      "link": "http://www.businessdictionary.com/definition/affiliate.html",
      "displayed_link": "www.businessdictionary.com › definition › affiliate",
      "snippet": "Definition of affiliate: Commerce: Two parties are affiliates if either party has the power to control the other, or a third party controls or has the power to control the ...",
      "cached_page_link": "http://webcache.googleusercontent.com/search?q=cache:8yTo8jncBEUJ:www.businessdictionary.com/definition/affiliate.html+&cd=13&hl=en&ct=clnk&gl=us",
      "related_pages_link": "https://www.google.com/search?q=related:www.businessdictionary.com/definition/affiliate.html+affiliate+name&tbo=1&sa=X&ved=2ahUKEwj3zbeN7ZTnAhUPXc0KHRoABlAQHzAMegQICBAJ"
    },
    {
      "position": 6,
      "title": "Affiliate Names : crossfit - Reddit",
      "link": "https://www.reddit.com/r/crossfit/comments/3mp68k/affiliate_names/",
      "displayed_link": "www.reddit.com › crossfit › comments › affiliate_names",
      "date": "Sep 28, 2015",
      "snippet": "Some of you may already know how ridiculous it is now to find an affiliate name that will be approved by HQ. I've been without luck and have turned to ask help ...",
      "sitelinks": {
        "list": [
          {
            "title": "Name change when affiliate? : Twitch",
            "link": "https://www.reddit.com/r/Twitch/comments/8lxbgw/name_change_when_affiliate/",
            "date": "May 28, 2018"
          },
          {
            "title": "CrossFit Affiliate name bucket. : crossfit",
            "link": "https://www.reddit.com/r/crossfit/comments/6i9xxq/crossfit_affiliate_name_bucket/",
            "date": "Jun 19, 2017"
          },
          {
            "title": "When is the emote prefix chosen as an affiliate? (Name Change ...",
            "link": "https://www.reddit.com/r/Twitch/comments/8ridln/when_is_the_emote_prefix_chosen_as_an_affiliate/",
            "date": "Jun 16, 2018"
          },
          {
            "title": "Quick question about Affiliate Status/Name changes : Twitch",
            "link": "https://www.reddit.com/r/Twitch/comments/6gu1n7/quick_question_about_affiliate_statusname_changes/",
            "date": "Jun 12, 2017"
          }
        ]
      },
      "cached_page_link": "https://webcache.googleusercontent.com/search?q=cache:si3PFORrPNkJ:https://www.reddit.com/r/crossfit/comments/3mp68k/affiliate_names/+&cd=14&hl=en&ct=clnk&gl=us",
      "related_pages_link": "https://www.google.com/search?q=related:https://www.reddit.com/r/crossfit/comments/3mp68k/affiliate_names/+affiliate+name&tbo=1&sa=X&ved=2ahUKEwj3zbeN7ZTnAhUPXc0KHRoABlAQHzANegQIChAJ"
    },
    {
      "position": 7,
      "title": "Choosing the Right Domain for Affiliate Marketing - Namecheap",
      "link": "https://www.namecheap.com/affiliates/choosing-right-domain-affiliate-marketing/",
      "displayed_link": "www.namecheap.com › affiliates › choosing-right-domain-affiliate-m...",
      "snippet": "Learn how to choose the right domain for your affiliate marketing website, and what factors to consider before registering your domain name.",
      "cached_page_link": "https://webcache.googleusercontent.com/search?q=cache:sEcQs-wcuSgJ:https://www.namecheap.com/affiliates/choosing-right-domain-affiliate-marketing/+&cd=15&hl=en&ct=clnk&gl=us"
    },
    {
      "position": 8,
      "title": "Affiliate marketing - Wikipedia",
      "link": "https://en.wikipedia.org/wiki/Affiliate_marketing",
      "displayed_link": "en.wikipedia.org › wiki › Affiliate_marketing",
      "snippet": "Affiliate marketing is a type of performance-based marketing in which a business rewards one ... and debates between advertisers and affiliates, the largest issue concerned affiliates bidding on advertisers names, brands, and trademarks.",
      "cached_page_link": "https://webcache.googleusercontent.com/search?q=cache:Rsi_AOJNSuIJ:https://en.wikipedia.org/wiki/Affiliate_marketing+&cd=16&hl=en&ct=clnk&gl=us",
      "related_pages_link": "https://www.google.com/search?q=related:https://en.wikipedia.org/wiki/Affiliate_marketing+affiliate+name&tbo=1&sa=X&ved=2ahUKEwj3zbeN7ZTnAhUPXc0KHRoABlAQHzAPegQIBRAJ"
    },
    {
      "position": 9,
      "title": "Join Our Team, Become an Affiliate! - Name.com Blog",
      "link": "https://www.name.com/blog/news-2/affiliate/2011/02/join-our-team-become-an-affiliate/",
      "displayed_link": "www.name.com › blog › news-2 › affiliate › 2011/02 › join-our-team...",
      "date": "Feb 15, 2011",
      "snippet": "We want you to become part of our very own team of awesome affiliates.",
      "cached_page_link": "https://webcache.googleusercontent.com/search?q=cache:OKeitCkCcDcJ:https://www.name.com/blog/news-2/affiliate/2011/02/join-our-team-become-an-affiliate/+&cd=17&hl=en&ct=clnk&gl=us"
    }
  ],
  "related_searches": [
    {
      "query": "legal definition of affiliate",
      "link": "https://www.google.com/search?q=legal+definition+of+affiliate&sa=X&ved=2ahUKEwj3zbeN7ZTnAhUPXc0KHRoABlAQ1QIoAHoECAwQAQ"
    },
    {
      "query": "affiliate organization examples",
      "link": "https://www.google.com/search?q=affiliate+organization+examples&sa=X&ved=2ahUKEwj3zbeN7ZTnAhUPXc0KHRoABlAQ1QIoAXoECAwQAg"
    },
    {
      "query": "definition of affiliate company",
      "link": "https://www.google.com/search?q=definition+of+affiliate+company&sa=X&ved=2ahUKEwj3zbeN7ZTnAhUPXc0KHRoABlAQ1QIoAnoECAwQAw"
    },
    {
      "query": "affiliated companies examples",
      "link": "https://www.google.com/search?q=affiliated+companies+examples&sa=X&ved=2ahUKEwj3zbeN7ZTnAhUPXc0KHRoABlAQ1QIoA3oECAwQBA"
    },
    {
      "query": "affiliate definition legal contract",
      "link": "https://www.google.com/search?q=affiliate+definition+legal+contract&sa=X&ved=2ahUKEwj3zbeN7ZTnAhUPXc0KHRoABlAQ1QIoBHoECAwQBQ"
    },
    {
      "query": "are affiliates considered employees",
      "link": "https://www.google.com/search?q=are+affiliates+considered+employees&sa=X&ved=2ahUKEwj3zbeN7ZTnAhUPXc0KHRoABlAQ1QIoBXoECAwQBg"
    },
    {
      "query": "affiliate business",
      "link": "https://www.google.com/search?q=affiliate+business&sa=X&ved=2ahUKEwj3zbeN7ZTnAhUPXc0KHRoABlAQ1QIoBnoECAwQBw"
    },
    {
      "query": "affiliate marketing",
      "link": "https://www.google.com/search?q=affiliate+marketing&sa=X&ved=2ahUKEwj3zbeN7ZTnAhUPXc0KHRoABlAQ1QIoB3oECAwQCA"
    }
  ],
  "pagination": {
    "current": 1,
    "next": "https://www.google.com/search?q=affiliate+name&ei=ywMnXre8No-6tQaagJiABQ&start=10&sa=N&ved=2ahUKEwj3zbeN7ZTnAhUPXc0KHRoABlAQ8NMDegQIDRBA",
    "other_pages": {
      "2": "https://www.google.com/search?q=affiliate+name&ei=ywMnXre8No-6tQaagJiABQ&start=10&sa=N&ved=2ahUKEwj3zbeN7ZTnAhUPXc0KHRoABlAQ8tMDegQIDRAu",
      "3": "https://www.google.com/search?q=affiliate+name&ei=ywMnXre8No-6tQaagJiABQ&start=20&sa=N&ved=2ahUKEwj3zbeN7ZTnAhUPXc0KHRoABlAQ8tMDegQIDRAw",
      "4": "https://www.google.com/search?q=affiliate+name&ei=ywMnXre8No-6tQaagJiABQ&start=30&sa=N&ved=2ahUKEwj3zbeN7ZTnAhUPXc0KHRoABlAQ8tMDegQIDRAy",
      "5": "https://www.google.com/search?q=affiliate+name&ei=ywMnXre8No-6tQaagJiABQ&start=40&sa=N&ved=2ahUKEwj3zbeN7ZTnAhUPXc0KHRoABlAQ8tMDegQIDRA0",
      "6": "https://www.google.com/search?q=affiliate+name&ei=ywMnXre8No-6tQaagJiABQ&start=50&sa=N&ved=2ahUKEwj3zbeN7ZTnAhUPXc0KHRoABlAQ8tMDegQIDRA2",
      "7": "https://www.google.com/search?q=affiliate+name&ei=ywMnXre8No-6tQaagJiABQ&start=60&sa=N&ved=2ahUKEwj3zbeN7ZTnAhUPXc0KHRoABlAQ8tMDegQIDRA4",
      "8": "https://www.google.com/search?q=affiliate+name&ei=ywMnXre8No-6tQaagJiABQ&start=70&sa=N&ved=2ahUKEwj3zbeN7ZTnAhUPXc0KHRoABlAQ8tMDegQIDRA6",
      "9": "https://www.google.com/search?q=affiliate+name&ei=ywMnXre8No-6tQaagJiABQ&start=80&sa=N&ved=2ahUKEwj3zbeN7ZTnAhUPXc0KHRoABlAQ8tMDegQIDRA8",
      "10": "https://www.google.com/search?q=affiliate+name&ei=ywMnXre8No-6tQaagJiABQ&start=90&sa=N&ved=2ahUKEwj3zbeN7ZTnAhUPXc0KHRoABlAQ8tMDegQIDRA-"
    }
  },
  "serpapi_pagination": {
    "current": 1,
    "next_link": "https://serpapi.com/search.json?device=desktop&engine=google&google_domain=google.com&q=affiliate+name&start=10&token=87313861214d720a",
    "next": "https://serpapi.com/search.json?device=desktop&engine=google&google_domain=google.com&q=affiliate+name&start=10&token=87313861214d720a",
    "other_pages": {
      "2": "https://serpapi.com/search.json?device=desktop&engine=google&google_domain=google.com&q=affiliate+name&start=10&token=87313861214d720a",
      "3": "https://serpapi.com/search.json?device=desktop&engine=google&google_domain=google.com&q=affiliate+name&start=20&token=f80f06a655c61f35",
      "4": "https://serpapi.com/search.json?device=desktop&engine=google&google_domain=google.com&q=affiliate+name&start=30&token=c594b6a1cf0fd192",
      "5": "https://serpapi.com/search.json?device=desktop&engine=google&google_domain=google.com&q=affiliate+name&start=40&token=7fff3981cea3a6b3",
      "6": "https://serpapi.com/search.json?device=desktop&engine=google&google_domain=google.com&q=affiliate+name&start=50&token=a0ac406a7bd92a12",
      "7": "https://serpapi.com/search.json?device=desktop&engine=google&google_domain=google.com&q=affiliate+name&start=60&token=5e2b4de10749ab53",
      "8": "https://serpapi.com/search.json?device=desktop&engine=google&google_domain=google.com&q=affiliate+name&start=70&token=81a83f0db7914555",
      "9": "https://serpapi.com/search.json?device=desktop&engine=google&google_domain=google.com&q=affiliate+name&start=80&token=6763703ea15fe1c8",
      "10": "https://serpapi.com/search.json?device=desktop&engine=google&google_domain=google.com&q=affiliate+name&start=90&token=b0b6c86aa4c21543"
    }
  }
}