{
  "search_metadata": {
    "id": "",
    "status": "Success",
    "json_endpoint": "",
    "created_at": "2020-01-21 13:55:14 UTC",
    "processed_at": "2020-01-21 13:55:14 UTC",
    "google_url": "https://www.google.com/search?q=affiliate+gaming&oq=affiliate+gaming&sourceid=chrome&ie=UTF-8",
    "raw_html_file": "",
    "total_time_taken": 1.53
  },
  "search_parameters": {
    "engine": "google",
    "q": "affiliate gaming",
    "google_domain": "google.com",
    "device": "desktop"
  },
  "search_information": {
    "organic_results_state": "Results for exact spelling",
    "total_results": 321000000,
    "time_taken_displayed": 0.43,
    "query_displayed": "affiliate gaming"
  },
  "ads": [
    {
      "position": 1,
      "block_position": "top",
      "title": "#1 Gaming Affiliate Program | 500+ High Converting Offers‎",
      "link": "https://www.whalecash.com/",
      "displayed_link": "www.whalecash.com/",
      "tracking_link": "https://www.google.com/aclk?sa=l&ai=DChcSEwjgkqiP7JTnAhUH1sAKHYr3A6UYABAAGgJpbQ&sig=AOD64_1NIeGMQD_px1S-odW1Sz9JzdFFDw&q=&ved=2ahUKEwjMyqGP7JTnAhUM26wKHRRQBqYQ0Qx6BAgOEAE&adurl=",
      "description": "Promote The Top Gaming Affiliate Program. We Have Exclusive PPL and PPS Game Offers! Best Dating Offers. Highest Payouts Possible. #1 Gaming Offers. Free Ad Tools. 700+ Offers. Learn From Industry Vets. Highest EPC Available. Pay Per Lead & CPA. Weekly Payouts.",
      "sitelinks": [
        {
          "title": "Signup Now & Make Money",
          "link": "https://www.whalecash.com/join/join.php?action=join_default"
        },
        {
          "title": "FAQ",
          "link": "https://www.whalecash.com/whalecash/site/faq.php"
        }
      ]
    }
  ],
  "knowledge_graph": {
    "see_more_about": [
      {
        "title": null
      }
    ]
  },
  "organic_results": [
    {
      "position": 1,
      "title": "12 Best Gaming Affiliate Programs Of 2020 - Authority Hacker",
      "link": "https://www.authorityhacker.com/gaming-affiliate-programs/",
      "displayed_link": "www.authorityhacker.com › gaming-affiliate-programs",
      "date": "6 days ago",
      "snippet": "We have hand-curated the absolute best affiliate programs for gaming. If you are a Youtuber, streamer or have any kind of online following, this ...",
      "cached_page_link": "https://webcache.googleusercontent.com/search?q=cache:vW8_bVL3lzEJ:https://www.authorityhacker.com/gaming-affiliate-programs/+&cd=1&hl=en&ct=clnk&gl=us"
    },
    {
      "position": 2,
      "title": "68 Gaming Affiliate Programs You Can Use To Make Money ...",
      "link": "https://gameonaire.com/affiliate-programs-for-gaming/",
      "displayed_link": "gameonaire.com › affiliate-programs-for-gaming",
      "snippet": "A complete list of active gaming affiliate programs. Each program is categorized to easily find the offers you want to promote and we'll keep this list updated.",
      "sitelinks": {
        "inline": [
          {
            "title": "Chairs",
            "link": "https://gameonaire.com/affiliate-programs-for-gaming/#4"
          },
          {
            "title": "Apparel",
            "link": "https://gameonaire.com/affiliate-programs-for-gaming/#5"
          },
          {
            "title": "Games",
            "link": "https://gameonaire.com/affiliate-programs-for-gaming/#6"
          },
          {
            "title": "RMT (In-game codes ...",
            "link": "https://gameonaire.com/affiliate-programs-for-gaming/#8"
          }
        ]
      },
      "cached_page_link": "https://webcache.googleusercontent.com/search?q=cache:lWgcKy6fnOMJ:https://gameonaire.com/affiliate-programs-for-gaming/+&cd=2&hl=en&ct=clnk&gl=us"
    },
    {
      "position": 3,
      "title": "53 Best Gaming Affiliate Programs to Make Money in 2020",
      "link": "https://www.digitalfodder.com/gaming-affiliate-programs/",
      "displayed_link": "www.digitalfodder.com › gaming-affiliate-programs",
      "date": "Jan 13, 2020",
      "snippet": "Review the best gaming affiliate programs. Promote hardware, software, and accessories from Microsoft, Logitech, Razer, GameStop, Dell, ...",
      "cached_page_link": "https://webcache.googleusercontent.com/search?q=cache:DHq61d8sPI4J:https://www.digitalfodder.com/gaming-affiliate-programs/+&cd=3&hl=en&ct=clnk&gl=us"
    },
    {
      "position": 4,
      "title": "Online gaming will be a goldmine for affiliate marketing ...",
      "link": "https://venturebeat.com/2019/08/27/online-gaming-will-be-a-goldmine-for-affiliate-marketing/",
      "displayed_link": "venturebeat.com › 2019/08/27 › online-gaming-will-be-a-goldmine-f...",
      "date": "Aug 27, 2019",
      "snippet": "In an effort to enter every major market, affiliate marketing has been increasingly looking to online gaming; a new, rapidly developing world.",
      "cached_page_link": "https://webcache.googleusercontent.com/search?q=cache:uzJiF44oBz8J:https://venturebeat.com/2019/08/27/online-gaming-will-be-a-goldmine-for-affiliate-marketing/+&cd=4&hl=en&ct=clnk&gl=us"
    },
    {
      "position": 5,
      "title": "48 Gaming Affiliate Programs You Can Start Using Today ...",
      "link": "https://www.nochgames.com/gaming-affiliate-programs/",
      "displayed_link": "www.nochgames.com › gaming-affiliate-programs",
      "date": "Jan 19, 2018",
      "snippet": "With over 40 gaming affiliate programs on my list to choose from, you'll have no trouble finding a good fit for your gaming blog/channel, ...",
      "cached_page_link": "https://webcache.googleusercontent.com/search?q=cache:M_5Zsrv2mJ4J:https://www.nochgames.com/gaming-affiliate-programs/+&cd=5&hl=en&ct=clnk&gl=us"
    },
    {
      "position": 6,
      "title": "2019 Gaming Affiliate Programs | Up Your Marketing Game ...",
      "link": "https://www.leaddyno.com/6-gaming-affiliate-programs/",
      "displayed_link": "www.leaddyno.com › 6-gaming-affiliate-programs",
      "date": "Mar 14, 2019",
      "snippet": "So that's why we have prepared 6 awesome gaming affiliate programs that you can join today. The merchants offering up these tasty affiliate ...",
      "cached_page_link": "https://webcache.googleusercontent.com/search?q=cache:S_60XZvBh74J:https://www.leaddyno.com/6-gaming-affiliate-programs/+&cd=6&hl=en&ct=clnk&gl=us"
    },
    {
      "position": 7,
      "title": "5 Gaming Affiliate Programs To Conquer The Gaming Boom",
      "link": "https://3hundrd.com/gaming-affiliate-programs",
      "displayed_link": "3hundrd.com › gaming-affiliate-programs",
      "snippet": "Ready to conquer the affiliate marketing gaming boom? Here are some of the top gaming affiliate programs that you can earn commissions from with your ...",
      "cached_page_link": "https://webcache.googleusercontent.com/search?q=cache:AB1SaW7cKWsJ:https://3hundrd.com/gaming-affiliate-programs+&cd=7&hl=en&ct=clnk&gl=us"
    },
    {
      "position": 8,
      "title": "Games Affiliate Networks, Programs and Offers - Business of ...",
      "link": "https://www.businessofapps.com/affiliate/games/",
      "displayed_link": "www.businessofapps.com › affiliate › games",
      "snippet": "Games affiliate networks are meant to connect publishers with affiliate programs that allow them to promote games related offers. Games are a big and profitable ...",
      "cached_page_link": "https://webcache.googleusercontent.com/search?q=cache:VhHbNPhph9oJ:https://www.businessofapps.com/affiliate/games/+&cd=8&hl=en&ct=clnk&gl=us"
    },
    {
      "position": 9,
      "title": "Play To Earn: Online Game Affiliate Programs | Affilorama",
      "link": "https://www.affilorama.com/blog/play-to-earn-online-game-affiliate-programs",
      "displayed_link": "www.affilorama.com › Affiliate Marketing Blog",
      "date": "Jan 16, 2019",
      "snippet": "This week's niche is for the online gamers! Get your fun while earning some cash on the side through these online game affiliate programs!",
      "cached_page_link": "https://webcache.googleusercontent.com/search?q=cache:BWoJb4N2_3cJ:https://www.affilorama.com/blog/play-to-earn-online-game-affiliate-programs+&cd=9&hl=en&ct=clnk&gl=us",
      "related_pages_link": "https://www.google.com/search?q=related:https://www.affilorama.com/blog/play-to-earn-online-game-affiliate-programs+affiliate+gaming&tbo=1&sa=X&ved=2ahUKEwjMyqGP7JTnAhUM26wKHRRQBqYQHzAIegQICRAL"
    },
    {
      "position": 10,
      "title": "RazerStore Affiliate Program | Razer United States",
      "link": "https://www.razer.com/affiliate",
      "displayed_link": "www.razer.com › affiliate",
      "snippet": "The Razer Affiliate Program is committed to working with motivated partners who want to help us put the best gaming products in the hands of gamers ...",
      "cached_page_link": "https://webcache.googleusercontent.com/search?q=cache:UODKW6TYtIgJ:https://www.razer.com/affiliate+&cd=10&hl=en&ct=clnk&gl=us"
    }
  ],
  "related_search_boxes": [
    {
      "position": 1,
      "query": "Affiliate network listView 3+ moreView 3+",
      "results": []
    }
  ],
  "related_searches": [
    {
      "query": "affiliate sponsorship gaming",
      "link": "https://www.google.com/search?q=affiliate+sponsorship+gaming&sa=X&ved=2ahUKEwjMyqGP7JTnAhUM26wKHRRQBqYQ1QIoAHoECAwQAQ"
    },
    {
      "query": "affiliate gaming industry",
      "link": "https://www.google.com/search?q=affiliate+gaming+industry&sa=X&ved=2ahUKEwjMyqGP7JTnAhUM26wKHRRQBqYQ1QIoAXoECAwQAg"
    },
    {
      "query": "gaming affiliate sponsorships",
      "link": "https://www.google.com/search?q=gaming+affiliate+sponsorships&sa=X&ved=2ahUKEwjMyqGP7JTnAhUM26wKHRRQBqYQ1QIoAnoECAwQAw"
    },
    {
      "query": "affiliate programs for small streamers",
      "link": "https://www.google.com/search?q=affiliate+programs+for+small+streamers&sa=X&ved=2ahUKEwjMyqGP7JTnAhUM26wKHRRQBqYQ1QIoA3oECAwQBA"
    },
    {
      "query": "playstation affiliate program",
      "link": "https://www.google.com/search?q=playstation+affiliate+program&sa=X&ved=2ahUKEwjMyqGP7JTnAhUM26wKHRRQBqYQ1QIoBHoECAwQBQ"
    },
    {
      "query": "gamestop affiliate",
      "link": "https://www.google.com/search?q=gamestop+affiliate&sa=X&ved=2ahUKEwjMyqGP7JTnAhUM26wKHRRQBqYQ1QIoBXoECAwQBg"
    },
    {
      "query": "affiliate programs for streamers",
      "link": "https://www.google.com/search?q=affiliate+programs+for+streamers&sa=X&ved=2ahUKEwjMyqGP7JTnAhUM26wKHRRQBqYQ1QIoBnoECAwQBw"
    },
    {
      "query": "esports affiliate programs",
      "link": "https://www.google.com/search?q=esports+affiliate+programs&sa=X&ved=2ahUKEwjMyqGP7JTnAhUM26wKHRRQBqYQ1QIoB3oECAwQCA"
    }
  ],
  "pagination": {
    "current": 1,
    "next": "https://www.google.com/search?q=affiliate+gaming&ei=wwInXozdEYy2swWUoJmwCg&start=10&sa=N&ved=2ahUKEwjMyqGP7JTnAhUM26wKHRRQBqYQ8NMDegQIDRBA",
    "other_pages": {
      "2": "https://www.google.com/search?q=affiliate+gaming&ei=wwInXozdEYy2swWUoJmwCg&start=10&sa=N&ved=2ahUKEwjMyqGP7JTnAhUM26wKHRRQBqYQ8tMDegQIDRAu",
      "3": "https://www.google.com/search?q=affiliate+gaming&ei=wwInXozdEYy2swWUoJmwCg&start=20&sa=N&ved=2ahUKEwjMyqGP7JTnAhUM26wKHRRQBqYQ8tMDegQIDRAw",
      "4": "https://www.google.com/search?q=affiliate+gaming&ei=wwInXozdEYy2swWUoJmwCg&start=30&sa=N&ved=2ahUKEwjMyqGP7JTnAhUM26wKHRRQBqYQ8tMDegQIDRAy",
      "5": "https://www.google.com/search?q=affiliate+gaming&ei=wwInXozdEYy2swWUoJmwCg&start=40&sa=N&ved=2ahUKEwjMyqGP7JTnAhUM26wKHRRQBqYQ8tMDegQIDRA0",
      "6": "https://www.google.com/search?q=affiliate+gaming&ei=wwInXozdEYy2swWUoJmwCg&start=50&sa=N&ved=2ahUKEwjMyqGP7JTnAhUM26wKHRRQBqYQ8tMDegQIDRA2",
      "7": "https://www.google.com/search?q=affiliate+gaming&ei=wwInXozdEYy2swWUoJmwCg&start=60&sa=N&ved=2ahUKEwjMyqGP7JTnAhUM26wKHRRQBqYQ8tMDegQIDRA4",
      "8": "https://www.google.com/search?q=affiliate+gaming&ei=wwInXozdEYy2swWUoJmwCg&start=70&sa=N&ved=2ahUKEwjMyqGP7JTnAhUM26wKHRRQBqYQ8tMDegQIDRA6",
      "9": "https://www.google.com/search?q=affiliate+gaming&ei=wwInXozdEYy2swWUoJmwCg&start=80&sa=N&ved=2ahUKEwjMyqGP7JTnAhUM26wKHRRQBqYQ8tMDegQIDRA8",
      "10": "https://www.google.com/search?q=affiliate+gaming&ei=wwInXozdEYy2swWUoJmwCg&start=90&sa=N&ved=2ahUKEwjMyqGP7JTnAhUM26wKHRRQBqYQ8tMDegQIDRA-"
    }
  },
  "serpapi_pagination": {
    "current": 1,
    "next_link": "https://serpapi.com/search.json?device=desktop&engine=google&google_domain=google.com&q=affiliate+gaming&start=10&token=01317930a73103da",
    "next": "https://serpapi.com/search.json?device=desktop&engine=google&google_domain=google.com&q=affiliate+gaming&start=10&token=01317930a73103da",
    "other_pages": {
      "2": "https://serpapi.com/search.json?device=desktop&engine=google&google_domain=google.com&q=affiliate+gaming&start=10&token=01317930a73103da",
      "3": "https://serpapi.com/search.json?device=desktop&engine=google&google_domain=google.com&q=affiliate+gaming&start=20&token=b966bfa9bcd64ade",
      "4": "https://serpapi.com/search.json?device=desktop&engine=google&google_domain=google.com&q=affiliate+gaming&start=30&token=1404e8c55d180645",
      "5": "https://serpapi.com/search.json?device=desktop&engine=google&google_domain=google.com&q=affiliate+gaming&start=40&token=dd601eec96befe39",
      "6": "https://serpapi.com/search.json?device=desktop&engine=google&google_domain=google.com&q=affiliate+gaming&start=50&token=6a09ff1efd0defe1",
      "7": "https://serpapi.com/search.json?device=desktop&engine=google&google_domain=google.com&q=affiliate+gaming&start=60&token=4d6bcb3dece536ba",
      "8": "https://serpapi.com/search.json?device=desktop&engine=google&google_domain=google.com&q=affiliate+gaming&start=70&token=08c7b566740d70bd",
      "9": "https://serpapi.com/search.json?device=desktop&engine=google&google_domain=google.com&q=affiliate+gaming&start=80&token=ae20378772b78030",
      "10": "https://serpapi.com/search.json?device=desktop&engine=google&google_domain=google.com&q=affiliate+gaming&start=90&token=98679954abea3c56"
    }
  }
}