{
  "search_metadata": {
    "id": "",
    "status": "Success",
    "json_endpoint": "",
    "created_at": "2020-01-21 14:55:37 UTC",
    "processed_at": "2020-01-21 14:55:37 UTC",
    "google_url": "https://www.google.com/search?q=affiliate+office&oq=affiliate+office&sourceid=chrome&ie=UTF-8",
    "raw_html_file": "",
    "total_time_taken": 1.55
  },
  "search_parameters": {
    "engine": "google",
    "q": "affiliate office",
    "google_domain": "google.com",
    "device": "desktop"
  },
  "search_information": {
    "organic_results_state": "Results for exact spelling",
    "total_results": 734000000,
    "time_taken_displayed": 0.46,
    "query_displayed": "affiliate office"
  },
  "knowledge_graph": {},
  "related_questions": [
    {
      "question": "What is an affiliate office?",
      "snippet": "An affiliate is an organization, business entity or individual that is related to and often controlled by a third party. This control may extend to shared management or ownership, common use of facilities and equipment, or access to other resources like fulfillment or customer service.",
      "title": "What is affiliate? - Definition from WhatIs.com",
      "link": "https://whatis.techtarget.com/definition/affiliate",
      "displayed_link": "whatis.techtarget.com › definition › affiliate"
    },
    {
      "question": "What is an affiliate number?",
      "snippet": "An affiliation code is a unique number assigned to each person that has asked to promote a specific offer. so the affiliate networks can track and pay the affiliate for sending the required data ie. Email submit. Purchase. Or sometimes even just traffic to a website.",
      "title": "What is an affiliation code? - Quora",
      "link": "https://www.quora.com/What-is-an-affiliation-code",
      "displayed_link": "www.quora.com › What-is-an-affiliation-code"
    },
    {
      "question": "Are affiliates considered employees?",
      "snippet": "Affiliates are organizations, individual persons, or business concerns that are controlled by a third party or each other. Affiliates often have the following: Shared management or ownership. Use of common facilities, employees, and equipment.",
      "title": "Legal Definition of Affiliate: Everything You Need to Know - UpCounsel",
      "link": "https://www.upcounsel.com/legal-definition-of-affiliate",
      "displayed_link": "www.upcounsel.com › legal-definition-of-affiliate"
    },
    {
      "question": "What is an affiliate vs subsidiary company?",
      "snippet": "A subsidiary is a company whose parent is a majority shareholder that owns more than 50% of all shares. For corporate, securities and capital markets, an affiliate is a person or entity directly or indirectly controlling, being controlled by, or under common control with another person or entity.Apr 14, 2019",
      "title": "Subsidiary vs. Affiliate: What's the Difference? - Investopedia",
      "link": "https://www.investopedia.com/ask/answers/06/subsidiaries.asp",
      "displayed_link": "www.investopedia.com › ask › answers › subsidiaries"
    }
  ],
  "organic_results": [
    {
      "position": 1,
      "title": "What Is an Affiliate in the Business World?",
      "link": "https://www.thebalancesmb.com/affiliates-and-affiliate-agreements-in-business-398119",
      "displayed_link": "www.thebalancesmb.com › ... › Business Law & Taxes › Glossary",
      "snippet": "A definition of affiliate business relationships and types of affiliates. Also, a discussion of terms to include in an agreement.",
      "cached_page_link": "https://webcache.googleusercontent.com/search?q=cache:0BSVcKFP3WQJ:https://www.thebalancesmb.com/affiliates-and-affiliate-agreements-in-business-398119+&cd=1&hl=en&ct=clnk&gl=us"
    },
    {
      "position": 2,
      "title": "Office 365 for Business – Affiliate Program - Microsoft Office",
      "link": "https://products.office.com/en-us/business/office-365-affiliate-program",
      "displayed_link": "products.office.com › en-us › business › office-365-affiliate-program",
      "snippet": "Team up with Microsoft and start earning commissions on Office 365 referrals. ... Earn commissions on customer referrals who purchase Office 365. ... Is everyone eligible to join the Office 365 Affiliate Program?",
      "cached_page_link": "https://webcache.googleusercontent.com/search?q=cache:YN3eKAKwNssJ:https://products.office.com/en-us/business/office-365-affiliate-program+&cd=10&hl=en&ct=clnk&gl=us",
      "related_pages_link": "https://www.google.com/search?q=related:https://products.office.com/en-us/business/office-365-affiliate-program+affiliate+office&tbo=1&sa=X&ved=2ahUKEwiJ3-3O-ZTnAhVPzIsBHRpdDiQQHzAJegQIAhAJ"
    },
    {
      "position": 3,
      "title": "What is affiliate? definition and meaning - BusinessDictionary ...",
      "link": "http://www.businessdictionary.com/definition/affiliate.html",
      "displayed_link": "www.businessdictionary.com › definition › affiliate",
      "snippet": "Definition of affiliate: Commerce: Two parties are affiliates if either party has the power to control the other, or a third party controls or has the power to control the ...",
      "cached_page_link": "http://webcache.googleusercontent.com/search?q=cache:8yTo8jncBEUJ:www.businessdictionary.com/definition/affiliate.html+&cd=11&hl=en&ct=clnk&gl=us",
      "related_pages_link": "https://www.google.com/search?q=related:www.businessdictionary.com/definition/affiliate.html+affiliate+office&tbo=1&sa=X&ved=2ahUKEwiJ3-3O-ZTnAhVPzIsBHRpdDiQQHzAKegQIBBAJ"
    },
    {
      "position": 4,
      "title": "Microsoft Affiliate Program Home",
      "link": "https://www.microsoftaffiliates.com/",
      "displayed_link": "www.microsoftaffiliates.com",
      "snippet": "“It's been an absolute pleasure working with the Microsoft Affiliate Team. ... Join the Microsoft Affiliate Program and earn up to 10% commission on Office, ...",
      "cached_page_link": "https://webcache.googleusercontent.com/search?q=cache:yMzYjMkROpoJ:https://www.microsoftaffiliates.com/+&cd=12&hl=en&ct=clnk&gl=us",
      "related_pages_link": "https://www.google.com/search?q=related:https://www.microsoftaffiliates.com/+affiliate+office&tbo=1&sa=X&ved=2ahUKEwiJ3-3O-ZTnAhVPzIsBHRpdDiQQHzALegQIBhAH"
    },
    {
      "position": 5,
      "title": "Affiliated Companies Definition - Investopedia",
      "link": "https://www.investopedia.com/terms/a/affiliatedcompanies.asp",
      "displayed_link": "www.investopedia.com › ... › Mergers & Acquisitions",
      "date": "Jun 1, 2019",
      "snippet": "In most cases, affiliates are associates or associated companies, which describes an organization whose parent has a minority stake in it.",
      "cached_page_link": "https://webcache.googleusercontent.com/search?q=cache:drz_xtqb7S4J:https://www.investopedia.com/terms/a/affiliatedcompanies.asp+&cd=13&hl=en&ct=clnk&gl=us"
    },
    {
      "position": 6,
      "title": "South Texas Affiliate Office - MADD",
      "link": "https://www.madd.org/south-texas/",
      "displayed_link": "www.madd.org › south-texas",
      "snippet": "WELCOME TO SOUTH TEXAS. Mothers Against Drunk Driving's advocates and staff work tirelessly to support victims at no charge, advocate for stronger",
      "cached_page_link": "https://webcache.googleusercontent.com/search?q=cache:jFXcLJTazFsJ:https://www.madd.org/south-texas/+&cd=14&hl=en&ct=clnk&gl=us"
    },
    {
      "position": 7,
      "title": "South Texas Affiliate Office - MADD",
      "link": "https://www.madd.org/south-texas/google-maps/130/",
      "displayed_link": "www.madd.org › south-texas › google-maps",
      "date": "Aug 1, 2017",
      "snippet": "24-hour Victim Help Line. 877-MADD-HELP · 24-hour Victim Help Line · Victim Impact Panels · Local Offices · MADD – South Texas Affiliate ...",
      "cached_page_link": "https://webcache.googleusercontent.com/search?q=cache:n1pKaF7KcqIJ:https://www.madd.org/south-texas/google-maps/130/+&cd=15&hl=en&ct=clnk&gl=us"
    },
    {
      "position": 8,
      "title": "Affiliate Program at Office Depot",
      "link": "https://www.officedepot.com/a/companyinfo/companyfacts/affiliateprogram/",
      "displayed_link": "www.officedepot.com › companyinfo › companyfacts › affiliateprogr...",
      "snippet": "The Office Depot Affiliate Program* is a unique opportunity for you to earn additional income by placing links from OfficeDepot.com directly to your Web site.",
      "cached_page_link": "https://webcache.googleusercontent.com/search?q=cache:xLcl1IPxkpUJ:https://www.officedepot.com/a/companyinfo/companyfacts/affiliateprogram/+&cd=16&hl=en&ct=clnk&gl=us"
    },
    {
      "position": 9,
      "title": "Affiliate Marketing in 2020: What It Is + How Beginners Can Start",
      "link": "https://www.bigcommerce.com/blog/affiliate-marketing/",
      "displayed_link": "www.bigcommerce.com › blog › affiliate-marketing",
      "snippet": "Wake up at an ungodly hour. Drive to the office through total gridlock, streets jammed with other half-asleep commuters. Slog through email after mind-numbing ...",
      "cached_page_link": "https://webcache.googleusercontent.com/search?q=cache:u3DLER_kwN8J:https://www.bigcommerce.com/blog/affiliate-marketing/+&cd=17&hl=en&ct=clnk&gl=us"
    },
    {
      "position": 10,
      "title": "Affiliates | American Civil Liberties Union",
      "link": "https://www.aclu.org/about/affiliates",
      "displayed_link": "www.aclu.org › about › affiliates",
      "snippet": "To request legal assistance or get involved, find your local ACLU affiliate below. ... network of staffed offices in every state, Washington, D.C., and Puerto Rico.",
      "cached_page_link": "https://webcache.googleusercontent.com/search?q=cache:8KkgF8PVSOcJ:https://www.aclu.org/about/affiliates+&cd=18&hl=en&ct=clnk&gl=us",
      "related_pages_link": "https://www.google.com/search?q=related:https://www.aclu.org/about/affiliates+affiliate+office&tbo=1&sa=X&ved=2ahUKEwiJ3-3O-ZTnAhVPzIsBHRpdDiQQHzARegQIBxAJ"
    }
  ],
  "related_searches": [
    {
      "query": "what is an affiliate company",
      "link": "https://www.google.com/search?q=what+is+an+affiliate+company&sa=X&ved=2ahUKEwiJ3-3O-ZTnAhVPzIsBHRpdDiQQ1QIoAHoECAsQAQ"
    },
    {
      "query": "legal definition of affiliate",
      "link": "https://www.google.com/search?q=legal+definition+of+affiliate&sa=X&ved=2ahUKEwiJ3-3O-ZTnAhVPzIsBHRpdDiQQ1QIoAXoECAsQAg"
    },
    {
      "query": "affiliate organization examples",
      "link": "https://www.google.com/search?q=affiliate+organization+examples&sa=X&ved=2ahUKEwiJ3-3O-ZTnAhVPzIsBHRpdDiQQ1QIoAnoECAsQAw"
    },
    {
      "query": "affiliate marketing",
      "link": "https://www.google.com/search?q=affiliate+marketing&sa=X&ved=2ahUKEwiJ3-3O-ZTnAhVPzIsBHRpdDiQQ1QIoA3oECAsQBA"
    },
    {
      "query": "affiliated companies examples",
      "link": "https://www.google.com/search?q=affiliated+companies+examples&sa=X&ved=2ahUKEwiJ3-3O-ZTnAhVPzIsBHRpdDiQQ1QIoBHoECAsQBQ"
    },
    {
      "query": "affiliate definition legal contract",
      "link": "https://www.google.com/search?q=affiliate+definition+legal+contract&sa=X&ved=2ahUKEwiJ3-3O-ZTnAhVPzIsBHRpdDiQQ1QIoBXoECAsQBg"
    },
    {
      "query": "affiliate company definition uk",
      "link": "https://www.google.com/search?q=affiliate+company+definition+uk&sa=X&ved=2ahUKEwiJ3-3O-ZTnAhVPzIsBHRpdDiQQ1QIoBnoECAsQBw"
    },
    {
      "query": "are affiliates considered employees",
      "link": "https://www.google.com/search?q=are+affiliates+considered+employees&sa=X&ved=2ahUKEwiJ3-3O-ZTnAhVPzIsBHRpdDiQQ1QIoB3oECAsQCA"
    }
  ],
  "pagination": {
    "current": 1,
    "next": "https://www.google.com/search?q=affiliate+office&ei=6hAnXonCE8-Yr7wPmrq5oAI&start=10&sa=N&ved=2ahUKEwiJ3-3O-ZTnAhVPzIsBHRpdDiQQ8NMDegQIDRBA",
    "other_pages": {
      "2": "https://www.google.com/search?q=affiliate+office&ei=6hAnXonCE8-Yr7wPmrq5oAI&start=10&sa=N&ved=2ahUKEwiJ3-3O-ZTnAhVPzIsBHRpdDiQQ8tMDegQIDRAu",
      "3": "https://www.google.com/search?q=affiliate+office&ei=6hAnXonCE8-Yr7wPmrq5oAI&start=20&sa=N&ved=2ahUKEwiJ3-3O-ZTnAhVPzIsBHRpdDiQQ8tMDegQIDRAw",
      "4": "https://www.google.com/search?q=affiliate+office&ei=6hAnXonCE8-Yr7wPmrq5oAI&start=30&sa=N&ved=2ahUKEwiJ3-3O-ZTnAhVPzIsBHRpdDiQQ8tMDegQIDRAy",
      "5": "https://www.google.com/search?q=affiliate+office&ei=6hAnXonCE8-Yr7wPmrq5oAI&start=40&sa=N&ved=2ahUKEwiJ3-3O-ZTnAhVPzIsBHRpdDiQQ8tMDegQIDRA0",
      "6": "https://www.google.com/search?q=affiliate+office&ei=6hAnXonCE8-Yr7wPmrq5oAI&start=50&sa=N&ved=2ahUKEwiJ3-3O-ZTnAhVPzIsBHRpdDiQQ8tMDegQIDRA2",
      "7": "https://www.google.com/search?q=affiliate+office&ei=6hAnXonCE8-Yr7wPmrq5oAI&start=60&sa=N&ved=2ahUKEwiJ3-3O-ZTnAhVPzIsBHRpdDiQQ8tMDegQIDRA4",
      "8": "https://www.google.com/search?q=affiliate+office&ei=6hAnXonCE8-Yr7wPmrq5oAI&start=70&sa=N&ved=2ahUKEwiJ3-3O-ZTnAhVPzIsBHRpdDiQQ8tMDegQIDRA6",
      "9": "https://www.google.com/search?q=affiliate+office&ei=6hAnXonCE8-Yr7wPmrq5oAI&start=80&sa=N&ved=2ahUKEwiJ3-3O-ZTnAhVPzIsBHRpdDiQQ8tMDegQIDRA8",
      "10": "https://www.google.com/search?q=affiliate+office&ei=6hAnXonCE8-Yr7wPmrq5oAI&start=90&sa=N&ved=2ahUKEwiJ3-3O-ZTnAhVPzIsBHRpdDiQQ8tMDegQIDRA-"
    }
  },
  "serpapi_pagination": {
    "current": 1,
    "next_link": "https://serpapi.com/search.json?device=desktop&engine=google&google_domain=google.com&q=affiliate+office&start=10&token=4e3dfb5f5564bd75",
    "next": "https://serpapi.com/search.json?device=desktop&engine=google&google_domain=google.com&q=affiliate+office&start=10&token=4e3dfb5f5564bd75",
    "other_pages": {
      "2": "https://serpapi.com/search.json?device=desktop&engine=google&google_domain=google.com&q=affiliate+office&start=10&token=4e3dfb5f5564bd75",
      "3": "https://serpapi.com/search.json?device=desktop&engine=google&google_domain=google.com&q=affiliate+office&start=20&token=33df8967f5562204",
      "4": "https://serpapi.com/search.json?device=desktop&engine=google&google_domain=google.com&q=affiliate+office&start=30&token=91bb78cbf85d72cf",
      "5": "https://serpapi.com/search.json?device=desktop&engine=google&google_domain=google.com&q=affiliate+office&start=40&token=17734b72efcf7955",
      "6": "https://serpapi.com/search.json?device=desktop&engine=google&google_domain=google.com&q=affiliate+office&start=50&token=e1c1ae3b65d0e6d9",
      "7": "https://serpapi.com/search.json?device=desktop&engine=google&google_domain=google.com&q=affiliate+office&start=60&token=d4c7dbbeaa9a610f",
      "8": "https://serpapi.com/search.json?device=desktop&engine=google&google_domain=google.com&q=affiliate+office&start=70&token=607da2bf1208ecce",
      "9": "https://serpapi.com/search.json?device=desktop&engine=google&google_domain=google.com&q=affiliate+office&start=80&token=3e696d05eec452ee",
      "10": "https://serpapi.com/search.json?device=desktop&engine=google&google_domain=google.com&q=affiliate+office&start=90&token=14742cce28fb2480"
    }
  }
}