{
  "search_metadata": {
    "id": "",
    "status": "Success",
    "json_endpoint": "",
    "created_at": "2020-01-21 14:32:36 UTC",
    "processed_at": "2020-01-21 14:32:36 UTC",
    "google_url": "https://www.google.com/search?q=affiliate+jobs+from+home&oq=affiliate+jobs+from+home&sourceid=chrome&ie=UTF-8",
    "raw_html_file": "",
    "total_time_taken": 2.34
  },
  "search_parameters": {
    "engine": "google",
    "q": "affiliate jobs from home",
    "google_domain": "google.com",
    "device": "desktop"
  },
  "search_information": {
    "organic_results_state": "Results for exact spelling",
    "total_results": 427000000,
    "time_taken_displayed": 0.48,
    "query_displayed": "affiliate jobs from home"
  },
  "ads": [
    {
      "position": 1,
      "block_position": "bottom",
      "title": "$18-42/Hr Work At Home Jobs | Hiring Immediately - Apply Now‎",
      "link": "https://www.upward.careers/register_jobalerts.jsp?CID=3461&SID=UWSEASONAL&job=Work%20At%20Home",
      "displayed_link": "www.upward.careers/work-at-home/jobs",
      "tracking_link": "https://www.google.com/aclk?sa=l&ai=DChcSEwjY-cO89JTnAhUSdmAKHazFDvYYABAAGgJ0bQ&sig=AOD64_0RWr8kG1a59OpwJX16ma0kzz8xsw&q=&ved=2ahUKEwjIu7289JTnAhWPA4gKHWOqDD0Q0Qx6BAgSEAE&adurl=",
      "description": "New Positions Open Near You. Hiring Now. Apply Today! Get Noticed By Employers. All The Jobs In One Place. Post Your Resume. Search 100s Of Job Boards. New Postings Daily. Sign Up For Job Alerts. Flex Hours. Find Jobs Near Me.",
      "sitelinks": [
        {
          "title": "Online Jobs",
          "link": "https://www.upward.careers/register_jobalerts.jsp?CID=2434&SID=UWWORKATHOME&job=Work%20At%20Home%20Online"
        },
        {
          "title": "Part Time Jobs",
          "link": "https://www.upward.careers/register_jobalerts.jsp?CID=2434&SID=UWWORKATHOME&job=Work%20At%20Home"
        },
        {
          "title": "Customer Service Jobs",
          "link": "https://www.upward.careers/register_jobalerts.jsp?CID=2434&SID=UWWORKATHOME&job=Work%20At%20Home%20Customer%20Service"
        },
        {
          "title": "Telesales Jobs",
          "link": "https://www.upward.careers/register_jobalerts.jsp?CID=2434&SID=UWWORKATHOME&job=Work%20At%20Home%20Telesales"
        },
        {
          "title": "Sales Jobs",
          "link": "https://www.upward.careers/register_jobalerts.jsp?CID=2434&SID=UWWORKATHOME&job=Work%20At%20Home%20Sales"
        }
      ]
    },
    {
      "position": 2,
      "block_position": "bottom",
      "title": "Influencer Opportunities | Shopify Partner Program‎",
      "link": "https://www.shopify.com/partners/jobs/affiliate-marketing",
      "displayed_link": "www.shopify.com/",
      "tracking_link": "https://www.google.com/aclk?sa=l&ai=DChcSEwjY-cO89JTnAhUSdmAKHazFDvYYABAEGgJ0bQ&sig=AOD64_3qOxrbqOaHZFnebUCGwsD9RQdffQ&q=&ved=2ahUKEwjIu7289JTnAhWPA4gKHWOqDD0Q0Qx6BAgUEAE&adurl=",
      "description": "Use your influence to refer merchants to Shopify, and gain passive income. Improve your craft, grow your audience, and earn revenue doing what you love. Become A Shopify Expert. Create Your Best Work. Earn More Revenue. Access 17 Free Courses. Sign Up for Free.",
      "sitelinks": [
        {
          "title": "Shopify Developers",
          "link": "https://developers.shopify.com/"
        },
        {
          "title": "Shopify Partner Academy",
          "link": "/aclk?sa=l&ai=DChcSEwjY-cO89JTnAhUSdmAKHazFDvYYABANGgJ0bQ&sig=AOD64_2cCGazoPNwhGF20xBoYj8jALCrWA&adurl=&q="
        }
      ]
    },
    {
      "position": 3,
      "block_position": "bottom",
      "title": "Promote gigs for job-seekers | Make money posting jobs‎",
      "link": "https://www.appjobs.com/affiliate",
      "displayed_link": "www.appjobs.com/Affiliate",
      "tracking_link": "https://www.google.com/aclk?sa=l&ai=DChcSEwjY-cO89JTnAhUSdmAKHazFDvYYABAFGgJ0bQ&sig=AOD64_1iYrqWbeWRcWpWweOgT1D8stWBQA&q=&ved=2ahUKEwjIu7289JTnAhWPA4gKHWOqDD0Q0Qx6BAgTEAE&adurl=",
      "description": "Earn money promoting the largest gig-job marketplace with opportunities for everyone. 35+ countries, 1000+ partners, 20+ job categories. Get up to 50% of our revenue. Join now! Join Online. Intuitive Platform. Free To Sign Up & Use. Expert Support Team.",
      "sitelinks": [
        {
          "title": "Earning Process",
          "link": "https://www.appjobs.com/affiliate#EarningProcess"
        },
        {
          "title": "Contact Us",
          "link": "https://www.appjobs.com/affiliate#ContactUs"
        },
        {
          "title": "Procedural Information",
          "link": "https://www.appjobs.com/affiliate#Howitworks"
        },
        {
          "title": "Read The FAQs",
          "link": "https://www.appjobs.com/affiliate#FAQ"
        },
        {
          "title": "Join Now",
          "link": "https://www.appjobs.com/affiliate#Commision"
        }
      ]
    }
  ],
  "knowledge_graph": {},
  "related_questions": [
    {
      "question": "What are the highest paying work from home jobs?",
      "snippet": "Here are the 10 highest-paying, according to FlexJobs:Clinical regulatory affairs director. Salary range: $150,000 - $151,000. ... Supervisory attorney. ... Senior medical writer. ... Environmental engineer. ... Director of quality improvement. ... Senior software engineer. ... Director of business development. ... Research biologist.More items...•Jun 29, 2015",
      "title": "The 10 highest-paying work-from-home jobs - Business Insider",
      "link": "https://www.businessinsider.com/highest-paying-work-from-home-jobs-2015-6",
      "displayed_link": "www.businessinsider.com › highest-paying-work-from-home-jobs-2015-6"
    },
    {
      "question": "How do you make money as an affiliate?",
      "snippet": "How To Make Money In Affiliate MarketingBe Patient. There are many affiliate marketing works. ... Choose More Attractive Products. ... Use Several Traffic Sources. ... Attract Targeted Traffic. ... Test, Measure, and Track. ... Research Product Demand. ... Follow New Methods and Techniques. ... Select The Right Advertiser.More items...•Feb 22, 2018",
      "title": "How To Make Money Through Affiliate Marketing - App Samurai",
      "link": "https://appsamurai.com/how-to-make-money-through-affiliate-marketing/",
      "displayed_link": "appsamurai.com › how-to-make-money-through-affiliate-marketing"
    },
    {
      "question": "What kind of work can I do from home?",
      "snippet": "20 best work-from-home jobsVirtual assistant.Medical transcriptionist.Translator/interpreter.Web developer/designer.Call center representative.Tech support specialist.Travel agent.Teacher/tutor.More items...•Feb 28, 2019",
      "title": "The 20 Best Work-From-Home Jobs | Bankrate.com",
      "link": "https://www.bankrate.com/finance/personal-finance/10-best-and-real-work-at-home-jobs-1.aspx",
      "displayed_link": "www.bankrate.com › finance › 10-best-and-real-work-at-home-jobs-1"
    },
    {
      "question": "How do I become an internet affiliate?",
      "snippet": "Here's a quick recap of what you need to do:Choose your niche.Research different affiliate programs and products.Build a site.Produce excellent content.Build an audience.Promote your affiliate product(s).Repeat steps #4–7 on a continual basis!Oct 17, 2018",
      "title": "Affiliate Marketing for Beginners: How to Make Your First Affiliate ...",
      "link": "https://www.affilorama.com/blog/first-affiliate-marketing-sale",
      "displayed_link": "www.affilorama.com › blog › first-affiliate-marketing-sale"
    }
  ],
  "organic_results": [
    {
      "position": 1,
      "title": "$27k-$98k Affiliate Marketing Work From Home Jobs (NOW ...",
      "link": "https://www.ziprecruiter.com/Jobs/Affiliate-Marketing-Work-From-Home",
      "displayed_link": "www.ziprecruiter.com › Jobs › Affiliate-Marketing-Work-From-Home",
      "snippet": "What Are Jobs in Affiliate Marketing Working From Home? Jobs in affiliate marketing that allow you to work from home typically deal in niche goods and services. You form a partnership with an already existing company or product, and then promote it on your website or blog.",
      "cached_page_link": "https://webcache.googleusercontent.com/search?q=cache:RB-UEvihge0J:https://www.ziprecruiter.com/Jobs/Affiliate-Marketing-Work-From-Home+&cd=12&hl=en&ct=clnk&gl=us"
    },
    {
      "position": 2,
      "title": "Work From Home Affiliate Program Jobs, Employment | Indeed ...",
      "link": "https://www.indeed.com/q-Work-From-Home-Affiliate-Program-jobs.html",
      "displayed_link": "www.indeed.com › q-Work-From-Home-Affiliate-Program-jobs",
      "snippet": "177 Work From Home Affiliate Program jobs available on Indeed.com. Apply to Faculty, Campus Manager, Affiliate Marketing Manager and more!",
      "cached_page_link": "https://webcache.googleusercontent.com/search?q=cache:ZWRFlAARyEEJ:https://www.indeed.com/q-Work-From-Home-Affiliate-Program-jobs.html+&cd=13&hl=en&ct=clnk&gl=us"
    },
    {
      "position": 3,
      "title": "Working at Home in Affiliate Marketing",
      "link": "https://www.thebalancesmb.com/how-to-work-at-home-as-an-affiliate-marketer-1794707",
      "displayed_link": "www.thebalancesmb.com › ... › Home Business › Home Business Ideas",
      "snippet": "Working at Home in Affiliate Marketing. Affiliate marketing is essentially referral marketing with a commission. When you refer a new customer to a business that has an affiliate program, you get paid.",
      "cached_page_link": "https://webcache.googleusercontent.com/search?q=cache:Qz9-mVF5etcJ:https://www.thebalancesmb.com/how-to-work-at-home-as-an-affiliate-marketer-1794707+&cd=14&hl=en&ct=clnk&gl=us"
    },
    {
      "position": 4,
      "title": "Flexible & Telecommuting Affiliate Jobs | FlexJobs",
      "link": "https://www.flexjobs.com/jobs/telecommuting-affiliate-jobs",
      "displayed_link": "www.flexjobs.com › jobs › telecommuting-affiliate-jobs",
      "snippet": "Find telecommuting affiliate jobs and professional part-time affiliate jobs that are ... Work remotely from home and join teams and executives to participate on ...",
      "cached_page_link": "https://webcache.googleusercontent.com/search?q=cache:-oyOzWwzZsEJ:https://www.flexjobs.com/jobs/telecommuting-affiliate-jobs+&cd=15&hl=en&ct=clnk&gl=us",
      "related_pages_link": "https://www.google.com/search?q=related:https://www.flexjobs.com/jobs/telecommuting-affiliate-jobs+affiliate+jobs+from+home&tbo=1&sa=X&ved=2ahUKEwjIu7289JTnAhWPA4gKHWOqDD0QHzAOegQICxAJ"
    },
    {
      "position": 5,
      "title": "Affiliate Marketing Jobs | Upwork",
      "link": "https://www.upwork.com/freelance-jobs/affiliate-marketing/",
      "displayed_link": "www.upwork.com › freelance-jobs › affiliate-marketing",
      "snippet": "Browse Affiliate Marketing freelance jobs. Amazon Affiliate Keyword Research for Single Niche Blog. Affiliate Marketing for Fintech. Marketing and Acquisition Assistant. Affiliate marketing specialist. Affiliate marketing director. [URGENT] Need A Top-Rated Virtual Assistant. Advertisement.",
      "cached_page_link": "https://webcache.googleusercontent.com/search?q=cache:bwOR2TJcQqEJ:https://www.upwork.com/freelance-jobs/affiliate-marketing/+&cd=16&hl=en&ct=clnk&gl=us"
    },
    {
      "position": 6,
      "title": "50 Work-From-Home Jobs Paying as Much or a Lot More Than",
      "link": "https://www.entrepreneur.com/article/306578",
      "displayed_link": "www.entrepreneur.com › article",
      "snippet": "50 Work-From-Home Jobs Paying as Much or a Lot More Than the Average American ... People love affiliate marketing because they can start earning money ...",
      "cached_page_link": "https://webcache.googleusercontent.com/search?q=cache:HiIJXe99P4kJ:https://www.entrepreneur.com/article/306578+&cd=17&hl=en&ct=clnk&gl=us"
    },
    {
      "position": 7,
      "title": "Affiliate Marketing Jobs From Home - High Paying Affiliate ...",
      "link": "https://highpayingaffiliateprograms.com/affiliate-marketing-jobs-from-home/",
      "displayed_link": "highpayingaffiliateprograms.com › affiliate-marketing-jobs-from-home",
      "date": "Jul 17, 2017",
      "snippet": "Affiliate marketing, which is simply selling other people's products on the internet, is by far the most enjoyable way to earn income from home ...",
      "cached_page_link": "https://webcache.googleusercontent.com/search?q=cache:ssc7mvkgfe4J:https://highpayingaffiliateprograms.com/affiliate-marketing-jobs-from-home/+&cd=18&hl=en&ct=clnk&gl=us"
    },
    {
      "position": 8,
      "title": "Affiliate Marketing - Tried and True Mom Jobs",
      "link": "https://triedandtruemomjobs.com/make-money-affiliate-marketing/",
      "displayed_link": "triedandtruemomjobs.com › make-money-affiliate-marketing",
      "snippet": "Affiliate marketing is in my top 20 list of stay at home mom jobs because it does not require you to produce anything, deliver a service, be chained to the phone ...",
      "cached_page_link": "https://webcache.googleusercontent.com/search?q=cache:RihwekpAYuEJ:https://triedandtruemomjobs.com/make-money-affiliate-marketing/+&cd=19&hl=en&ct=clnk&gl=us"
    },
    {
      "position": 9,
      "title": "186 Affiliate Marketing Work From Home jobs in United States ...",
      "link": "https://www.linkedin.com/jobs/affiliate-marketing-work-from-home-jobs",
      "displayed_link": "www.linkedin.com › jobs › affiliate-marketing-work-from-home-jobs",
      "snippet": "Today's top 186 Affiliate Marketing Work From Home jobs in United States. Leverage your professional network, and get hired. New Affiliate Marketing Work ..."
    }
  ],
  "related_search_boxes": [
    {
      "position": 1,
      "query": "Top affiliate marketing platforms",
      "results": []
    }
  ],
  "related_searches": [
    {
      "query": "affiliate marketing",
      "link": "https://www.google.com/search?q=affiliate+marketing&sa=X&ved=2ahUKEwjIu7289JTnAhWPA4gKHWOqDD0Q1QIoAHoECBAQAQ"
    },
    {
      "query": "work from home jobs",
      "link": "https://www.google.com/search?q=work+from+home+jobs&sa=X&ved=2ahUKEwjIu7289JTnAhWPA4gKHWOqDD0Q1QIoAXoECBAQAg"
    },
    {
      "query": "affiliate programs",
      "link": "https://www.google.com/search?q=affiliate+programs&sa=X&ved=2ahUKEwjIu7289JTnAhWPA4gKHWOqDD0Q1QIoAnoECBAQAw"
    },
    {
      "query": "affiliate marketing programs",
      "link": "https://www.google.com/search?q=affiliate+marketing+programs&sa=X&ved=2ahUKEwjIu7289JTnAhWPA4gKHWOqDD0Q1QIoA3oECBAQBA"
    },
    {
      "query": "affiliate marketing jobs near me",
      "link": "https://www.google.com/search?q=affiliate+marketing+jobs+near+me&sa=X&ved=2ahUKEwjIu7289JTnAhWPA4gKHWOqDD0Q1QIoBHoECBAQBQ"
    },
    {
      "query": "affiliate marketing jobs amazon",
      "link": "https://www.google.com/search?q=affiliate+marketing+jobs+amazon&sa=X&ved=2ahUKEwjIu7289JTnAhWPA4gKHWOqDD0Q1QIoBXoECBAQBg"
    },
    {
      "query": "legitimate affiliate marketing jobs",
      "link": "https://www.google.com/search?q=legitimate+affiliate+marketing+jobs&sa=X&ved=2ahUKEwjIu7289JTnAhWPA4gKHWOqDD0Q1QIoBnoECBAQBw"
    },
    {
      "query": "affiliate marketing jobs remote",
      "link": "https://www.google.com/search?q=affiliate+marketing+jobs+remote&sa=X&ved=2ahUKEwjIu7289JTnAhWPA4gKHWOqDD0Q1QIoB3oECBAQCA"
    }
  ],
  "pagination": {
    "current": 1,
    "next": "https://www.google.com/search?q=affiliate+jobs+from+home&ei=hQsnXojlJI-HoATj1LLoAw&start=10&sa=N&ved=2ahUKEwjIu7289JTnAhWPA4gKHWOqDD0Q8NMDegQIERBA",
    "other_pages": {
      "2": "https://www.google.com/search?q=affiliate+jobs+from+home&ei=hQsnXojlJI-HoATj1LLoAw&start=10&sa=N&ved=2ahUKEwjIu7289JTnAhWPA4gKHWOqDD0Q8tMDegQIERAu",
      "3": "https://www.google.com/search?q=affiliate+jobs+from+home&ei=hQsnXojlJI-HoATj1LLoAw&start=20&sa=N&ved=2ahUKEwjIu7289JTnAhWPA4gKHWOqDD0Q8tMDegQIERAw",
      "4": "https://www.google.com/search?q=affiliate+jobs+from+home&ei=hQsnXojlJI-HoATj1LLoAw&start=30&sa=N&ved=2ahUKEwjIu7289JTnAhWPA4gKHWOqDD0Q8tMDegQIERAy",
      "5": "https://www.google.com/search?q=affiliate+jobs+from+home&ei=hQsnXojlJI-HoATj1LLoAw&start=40&sa=N&ved=2ahUKEwjIu7289JTnAhWPA4gKHWOqDD0Q8tMDegQIERA0",
      "6": "https://www.google.com/search?q=affiliate+jobs+from+home&ei=hQsnXojlJI-HoATj1LLoAw&start=50&sa=N&ved=2ahUKEwjIu7289JTnAhWPA4gKHWOqDD0Q8tMDegQIERA2",
      "7": "https://www.google.com/search?q=affiliate+jobs+from+home&ei=hQsnXojlJI-HoATj1LLoAw&start=60&sa=N&ved=2ahUKEwjIu7289JTnAhWPA4gKHWOqDD0Q8tMDegQIERA4",
      "8": "https://www.google.com/search?q=affiliate+jobs+from+home&ei=hQsnXojlJI-HoATj1LLoAw&start=70&sa=N&ved=2ahUKEwjIu7289JTnAhWPA4gKHWOqDD0Q8tMDegQIERA6",
      "9": "https://www.google.com/search?q=affiliate+jobs+from+home&ei=hQsnXojlJI-HoATj1LLoAw&start=80&sa=N&ved=2ahUKEwjIu7289JTnAhWPA4gKHWOqDD0Q8tMDegQIERA8",
      "10": "https://www.google.com/search?q=affiliate+jobs+from+home&ei=hQsnXojlJI-HoATj1LLoAw&start=90&sa=N&ved=2ahUKEwjIu7289JTnAhWPA4gKHWOqDD0Q8tMDegQIERA-"
    }
  },
  "serpapi_pagination": {
    "current": 1,
    "next_link": "https://serpapi.com/search.json?device=desktop&engine=google&google_domain=google.com&q=affiliate+jobs+from+home&start=10&token=4e0aecf556f5811f",
    "next": "https://serpapi.com/search.json?device=desktop&engine=google&google_domain=google.com&q=affiliate+jobs+from+home&start=10&token=4e0aecf556f5811f",
    "other_pages": {
      "2": "https://serpapi.com/search.json?device=desktop&engine=google&google_domain=google.com&q=affiliate+jobs+from+home&start=10&token=4e0aecf556f5811f",
      "3": "https://serpapi.com/search.json?device=desktop&engine=google&google_domain=google.com&q=affiliate+jobs+from+home&start=20&token=fed630b38db7b39a",
      "4": "https://serpapi.com/search.json?device=desktop&engine=google&google_domain=google.com&q=affiliate+jobs+from+home&start=30&token=747dd9c9b70c33b8",
      "5": "https://serpapi.com/search.json?device=desktop&engine=google&google_domain=google.com&q=affiliate+jobs+from+home&start=40&token=54d36ed54d92b866",
      "6": "https://serpapi.com/search.json?device=desktop&engine=google&google_domain=google.com&q=affiliate+jobs+from+home&start=50&token=2d03a558c2408e29",
      "7": "https://serpapi.com/search.json?device=desktop&engine=google&google_domain=google.com&q=affiliate+jobs+from+home&start=60&token=8d0d93a9db0d1ecb",
      "8": "https://serpapi.com/search.json?device=desktop&engine=google&google_domain=google.com&q=affiliate+jobs+from+home&start=70&token=727104b079b29b1d",
      "9": "https://serpapi.com/search.json?device=desktop&engine=google&google_domain=google.com&q=affiliate+jobs+from+home&start=80&token=6a608dd54139a8ba",
      "10": "https://serpapi.com/search.json?device=desktop&engine=google&google_domain=google.com&q=affiliate+jobs+from+home&start=90&token=a9fc9c30fee7b8e4"
    }
  }
}