{
  "search_metadata": {
    "id": "",
    "status": "Success",
    "json_endpoint": "",
    "created_at": "2020-01-21 13:50:43 UTC",
    "processed_at": "2020-01-21 13:50:43 UTC",
    "google_url": "https://www.google.com/search?q=affiliate+accounting&oq=affiliate+accounting&sourceid=chrome&ie=UTF-8",
    "raw_html_file": "",
    "total_time_taken": 2
  },
  "search_parameters": {
    "engine": "google",
    "q": "affiliate accounting",
    "google_domain": "google.com",
    "device": "desktop"
  },
  "search_information": {
    "organic_results_state": "Results for exact spelling",
    "total_results": 77800000,
    "time_taken_displayed": 0.46,
    "query_displayed": "affiliate accounting"
  },
  "knowledge_graph": {
    "see_more_about": []
  },
  "related_questions": [
    {
      "question": "What is the difference between affiliate and non affiliate?",
      "snippet": "In most cases, affiliate and associate are used synonymously to describe a company whose parent only possesses a minority stake in the ownership of the company. However, a subsidiary is a business whose parent holds a majority stake or is a majority shareholder of 50% or more of all shares.Apr 14, 2019",
      "title": "Subsidiary vs. Affiliate: What's the Difference? - Investopedia",
      "link": "https://www.investopedia.com/ask/answers/06/subsidiaries.asp",
      "displayed_link": "www.investopedia.com › ask › answers › subsidiaries"
    },
    {
      "question": "What is the legal definition of an affiliate?",
      "snippet": "Affiliates Law and Legal Definition. Affiliates are business concerns, organizations, or individuals that control each other or that are controlled by a third party. ... The power to control is the key factor in affiliation with another business concern, whether exercised or not.",
      "title": "Affiliates Law and Legal Definition | USLegal, Inc.",
      "link": "https://definitions.uslegal.com/a/affiliates/",
      "displayed_link": "definitions.uslegal.com › affiliates"
    },
    {
      "question": "What does affiliation mean in business?",
      "snippet": "Business affiliation refers to a relationship between two companies, where one has the power to control the other. That is achieved by having a stake in the ownership of a company, in the form of stock. It should be noted that business affiliation implies owning less than 50% of the voting stock.",
      "title": "Business Affiliation | What Is A Business Affiliation on Instant ...",
      "link": "https://www.instantcheckmate.com/glossary/business-affiliation/",
      "displayed_link": "www.instantcheckmate.com › glossary › business-affiliation"
    }
  ],
  "answer_box": {
    "type": "organic_result",
    "title": "Affiliate — AccountingTools",
    "date": "Jun 27, 2018",
    "link": "https://www.accountingtools.com/articles/2018/6/27/affiliate",
    "snippet": "An affiliate is a relationship between two businesses where one firm owns a minority interest in the other organization. The concept can also describe the relationship between two subsidiaries that are owned by the same parent company. Affiliation can also exist when two firms have interlocking directorships."
  },
  "organic_results": [
    {
      "position": 1,
      "title": "Affiliate Definition - Investopedia",
      "link": "https://www.investopedia.com/terms/a/affiliate.asp",
      "displayed_link": "www.investopedia.com › Business › Business Essentials",
      "date": "May 12, 2019",
      "snippet": "The term affiliate is used to describe the relationship between two entities wherein one owns less than a majority stake in the other's stock.",
      "cached_page_link": "https://webcache.googleusercontent.com/search?q=cache:hZm5MrdmCc4J:https://www.investopedia.com/terms/a/affiliate.asp+&cd=9&hl=en&ct=clnk&gl=us"
    },
    {
      "position": 2,
      "title": "Subsidiary vs. Affiliate: What's the Difference? - Investopedia",
      "link": "https://www.investopedia.com/ask/answers/06/subsidiaries.asp",
      "displayed_link": "www.investopedia.com › Business › Business Essentials",
      "date": "Apr 14, 2019",
      "snippet": "Depending on the level of ownership an entity has in a connected business, they may be termed as an affiliate, associate, or subsidiary of a ...",
      "cached_page_link": "https://webcache.googleusercontent.com/search?q=cache:zZ7MG_A6QKQJ:https://www.investopedia.com/ask/answers/06/subsidiaries.asp+&cd=10&hl=en&ct=clnk&gl=us"
    },
    {
      "position": 3,
      "title": "Affiliate — AccountingTools",
      "link": "https://www.accountingtools.com/articles/2018/6/27/affiliate",
      "displayed_link": "www.accountingtools.com › articles › affiliate",
      "date": "Jun 27, 2018",
      "snippet": "An affiliate is a relationship between two businesses where one firm owns a minority interest in the other organization. The concept can also describe the relationship between two subsidiaries that are owned by the same parent company. Affiliation can also exist when two firms have interlocking directorships.",
      "cached_page_link": "https://webcache.googleusercontent.com/search?q=cache:zIvOD1xm1YgJ:https://www.accountingtools.com/articles/2018/6/27/affiliate+&cd=11&hl=en&ct=clnk&gl=us"
    },
    {
      "position": 4,
      "title": "Top 10 Accounting Affiliate Programs To Add To Your Affiliate ...",
      "link": "https://onemorecupof-coffee.com/best-accounting-affiliate-programs/",
      "displayed_link": "onemorecupof-coffee.com › best-accounting-affiliate-programs",
      "date": "Oct 2, 2019",
      "snippet": "These Top 10 Accounting Affiliate Programs Can Free Up Time For Small Businesses And Add Earning Potential To Affiliate Portfolios.",
      "cached_page_link": "https://webcache.googleusercontent.com/search?q=cache:dDo98jczsUUJ:https://onemorecupof-coffee.com/best-accounting-affiliate-programs/+&cd=12&hl=en&ct=clnk&gl=us"
    },
    {
      "position": 5,
      "title": "Equity Method Accounting - Macabacus",
      "link": "https://www.macabacus.com/accounting/equity-method",
      "displayed_link": "www.macabacus.com › accounting › equity-method",
      "snippet": "Equity method of accounting for acquisitions. ... Rather, the Investment in Affiliate (or Equity Investment) non-current asset account on the balance sheet serves ...",
      "cached_page_link": "https://webcache.googleusercontent.com/search?q=cache:sHDpd-5ILUkJ:https://www.macabacus.com/accounting/equity-method+&cd=13&hl=en&ct=clnk&gl=us"
    },
    {
      "position": 6,
      "title": "Affiliate vs. Subsidiary Accounting - Bizfluent",
      "link": "https://bizfluent.com/info-12167200-affiliate-vs-subsidiary-accounting.html",
      "displayed_link": "bizfluent.com › Finance Your Business › Accounting",
      "snippet": "An affiliate business is another word for subsidiary, so the accounting standards are the same regardless how the entity is labeled. A subsidiary's financial ...",
      "cached_page_link": "https://webcache.googleusercontent.com/search?q=cache:WrMisUeIAloJ:https://bizfluent.com/info-12167200-affiliate-vs-subsidiary-accounting.html+&cd=14&hl=en&ct=clnk&gl=us"
    },
    {
      "position": 7,
      "title": "Equity Method Accounting - Definition, Explanation, Examples",
      "link": "https://corporatefinanceinstitute.com/resources/knowledge/accounting/equity-method/",
      "displayed_link": "corporatefinanceinstitute.com › Resources › Knowledge › Accounting",
      "snippet": "The equity method is a type of accounting used in investments. ... the equity method of accounting, the investee is often referred to as an “associate” or “affiliate”.",
      "cached_page_link": "https://webcache.googleusercontent.com/search?q=cache:ymdag9Cb8rsJ:https://corporatefinanceinstitute.com/resources/knowledge/accounting/equity-method/+&cd=15&hl=en&ct=clnk&gl=us"
    },
    {
      "position": 8,
      "title": "Equity Income in Affiliates - Crash Course in Accounting and ...",
      "link": "https://www.oreilly.com/library/view/crash-course-in/9780470047019/9780470047019_ch05lev1sec15.html",
      "displayed_link": "www.oreilly.com › library › view › crash-course-in",
      "snippet": "Equity Income in Affiliates Many companies have influential, but noncontrolling ... Selection from Crash Course in Accounting and Financial Statement Analysis, ...",
      "cached_page_link": "https://webcache.googleusercontent.com/search?q=cache:SkhlBN8sa1QJ:https://www.oreilly.com/library/view/crash-course-in/9780470047019/9780470047019_ch05lev1sec15.html+&cd=16&hl=en&ct=clnk&gl=us"
    },
    {
      "position": 9,
      "title": "Accounting Affiliate Jobs, Employment | Indeed.com",
      "link": "https://www.indeed.com/q-Accounting-Affiliate-jobs.html",
      "displayed_link": "www.indeed.com › q-Accounting-Affiliate-jobs",
      "snippet": "3248 Accounting Affiliate jobs available on Indeed.com. Apply to Document Specialist, Analyst, Staff Accountant and more!",
      "cached_page_link": "https://webcache.googleusercontent.com/search?q=cache:LeP1ky_uxuoJ:https://www.indeed.com/q-Accounting-Affiliate-jobs.html+&cd=17&hl=en&ct=clnk&gl=us"
    },
    {
      "position": 10,
      "title": "Affiliate Program – The Accountant Beside You",
      "link": "https://accountantbesideyou.com/pages/affiliate-program",
      "displayed_link": "accountantbesideyou.com › pages › affiliate-program",
      "snippet": "Affiliate & Partner Program Lisa London, CPA, (aka \"The Accountant Beside You\") offers an affiliate & partner program for accountants, trainers, web publishers ...",
      "cached_page_link": "https://webcache.googleusercontent.com/search?q=cache:FjtqlB9D_XkJ:https://accountantbesideyou.com/pages/affiliate-program+&cd=18&hl=en&ct=clnk&gl=us"
    }
  ],
  "related_searches": [
    {
      "query": "what is an affiliate company",
      "link": "https://www.google.com/search?q=what+is+an+affiliate+company&sa=X&ved=2ahUKEwiM8ISO65TnAhVIIDQIHdO2AfsQ1QIoAHoECAsQAQ"
    },
    {
      "query": "legal definition of affiliate",
      "link": "https://www.google.com/search?q=legal+definition+of+affiliate&sa=X&ved=2ahUKEwiM8ISO65TnAhVIIDQIHdO2AfsQ1QIoAXoECAsQAg"
    },
    {
      "query": "affiliated companies examples",
      "link": "https://www.google.com/search?q=affiliated+companies+examples&sa=X&ved=2ahUKEwiM8ISO65TnAhVIIDQIHdO2AfsQ1QIoAnoECAsQAw"
    },
    {
      "query": "affiliate vs subsidiary",
      "link": "https://www.google.com/search?q=affiliate+vs+subsidiary&sa=X&ved=2ahUKEwiM8ISO65TnAhVIIDQIHdO2AfsQ1QIoA3oECAsQBA"
    },
    {
      "query": "parent affiliate",
      "link": "https://www.google.com/search?q=parent+affiliate&sa=X&ved=2ahUKEwiM8ISO65TnAhVIIDQIHdO2AfsQ1QIoBHoECAsQBQ"
    },
    {
      "query": "subsidiary associate joint venture percentage",
      "link": "https://www.google.com/search?q=subsidiary+associate+joint+venture+percentage&sa=X&ved=2ahUKEwiM8ISO65TnAhVIIDQIHdO2AfsQ1QIoBXoECAsQBg"
    },
    {
      "query": "\"non affiliated companies\"",
      "link": "https://www.google.com/search?q=%22non+affiliated+companies%22&sa=X&ved=2ahUKEwiM8ISO65TnAhVIIDQIHdO2AfsQ1QIoBnoECAsQBw"
    },
    {
      "query": "associate company",
      "link": "https://www.google.com/search?q=associate+company&sa=X&ved=2ahUKEwiM8ISO65TnAhVIIDQIHdO2AfsQ1QIoB3oECAsQCA"
    }
  ],
  "pagination": {
    "current": 1,
    "next": "https://www.google.com/search?q=affiliate+accounting&ei=tAEnXozGEcjA0PEP0-2G2A8&start=10&sa=N&ved=2ahUKEwiM8ISO65TnAhVIIDQIHdO2AfsQ8NMDegQIDhA_",
    "other_pages": {
      "2": "https://www.google.com/search?q=affiliate+accounting&ei=tAEnXozGEcjA0PEP0-2G2A8&start=10&sa=N&ved=2ahUKEwiM8ISO65TnAhVIIDQIHdO2AfsQ8tMDegQIDhAt",
      "3": "https://www.google.com/search?q=affiliate+accounting&ei=tAEnXozGEcjA0PEP0-2G2A8&start=20&sa=N&ved=2ahUKEwiM8ISO65TnAhVIIDQIHdO2AfsQ8tMDegQIDhAv",
      "4": "https://www.google.com/search?q=affiliate+accounting&ei=tAEnXozGEcjA0PEP0-2G2A8&start=30&sa=N&ved=2ahUKEwiM8ISO65TnAhVIIDQIHdO2AfsQ8tMDegQIDhAx",
      "5": "https://www.google.com/search?q=affiliate+accounting&ei=tAEnXozGEcjA0PEP0-2G2A8&start=40&sa=N&ved=2ahUKEwiM8ISO65TnAhVIIDQIHdO2AfsQ8tMDegQIDhAz",
      "6": "https://www.google.com/search?q=affiliate+accounting&ei=tAEnXozGEcjA0PEP0-2G2A8&start=50&sa=N&ved=2ahUKEwiM8ISO65TnAhVIIDQIHdO2AfsQ8tMDegQIDhA1",
      "7": "https://www.google.com/search?q=affiliate+accounting&ei=tAEnXozGEcjA0PEP0-2G2A8&start=60&sa=N&ved=2ahUKEwiM8ISO65TnAhVIIDQIHdO2AfsQ8tMDegQIDhA3",
      "8": "https://www.google.com/search?q=affiliate+accounting&ei=tAEnXozGEcjA0PEP0-2G2A8&start=70&sa=N&ved=2ahUKEwiM8ISO65TnAhVIIDQIHdO2AfsQ8tMDegQIDhA5",
      "9": "https://www.google.com/search?q=affiliate+accounting&ei=tAEnXozGEcjA0PEP0-2G2A8&start=80&sa=N&ved=2ahUKEwiM8ISO65TnAhVIIDQIHdO2AfsQ8tMDegQIDhA7",
      "10": "https://www.google.com/search?q=affiliate+accounting&ei=tAEnXozGEcjA0PEP0-2G2A8&start=90&sa=N&ved=2ahUKEwiM8ISO65TnAhVIIDQIHdO2AfsQ8tMDegQIDhA9"
    }
  },
  "serpapi_pagination": {
    "current": 1,
    "next_link": "https://serpapi.com/search.json?device=desktop&engine=google&google_domain=google.com&q=affiliate+accounting&start=10&token=2739c28af9c96d7e",
    "next": "https://serpapi.com/search.json?device=desktop&engine=google&google_domain=google.com&q=affiliate+accounting&start=10&token=2739c28af9c96d7e",
    "other_pages": {
      "2": "https://serpapi.com/search.json?device=desktop&engine=google&google_domain=google.com&q=affiliate+accounting&start=10&token=2739c28af9c96d7e",
      "3": "https://serpapi.com/search.json?device=desktop&engine=google&google_domain=google.com&q=affiliate+accounting&start=20&token=0cf1fe60f19ce9e1",
      "4": "https://serpapi.com/search.json?device=desktop&engine=google&google_domain=google.com&q=affiliate+accounting&start=30&token=6ee20057153c323c",
      "5": "https://serpapi.com/search.json?device=desktop&engine=google&google_domain=google.com&q=affiliate+accounting&start=40&token=5165d2c993e08e59",
      "6": "https://serpapi.com/search.json?device=desktop&engine=google&google_domain=google.com&q=affiliate+accounting&start=50&token=a015788518847e8c",
      "7": "https://serpapi.com/search.json?device=desktop&engine=google&google_domain=google.com&q=affiliate+accounting&start=60&token=5db3baf95a7b8274",
      "8": "https://serpapi.com/search.json?device=desktop&engine=google&google_domain=google.com&q=affiliate+accounting&start=70&token=a9f14a9d32a7c4de",
      "9": "https://serpapi.com/search.json?device=desktop&engine=google&google_domain=google.com&q=affiliate+accounting&start=80&token=69ad3a2ae2f97164",
      "10": "https://serpapi.com/search.json?device=desktop&engine=google&google_domain=google.com&q=affiliate+accounting&start=90&token=d2bf04cfd4bd706e"
    }
  }
}