{
  "search_metadata": {
    "id": "",
    "status": "Success",
    "json_endpoint": "",
    "created_at": "2020-01-21 15:06:36 UTC",
    "processed_at": "2020-01-21 15:06:36 UTC",
    "google_url": "https://www.google.com/search?q=affiliate+ad+networks&oq=affiliate+ad+networks&sourceid=chrome&ie=UTF-8",
    "raw_html_file": "",
    "total_time_taken": 1.31
  },
  "search_parameters": {
    "engine": "google",
    "q": "affiliate ad networks",
    "google_domain": "google.com",
    "device": "desktop"
  },
  "search_information": {
    "organic_results_state": "Results for exact spelling",
    "total_results": 87300000,
    "time_taken_displayed": 0.53,
    "query_displayed": "affiliate ad networks"
  },
  "knowledge_graph": {
    "see_more_about": [
      {
        "title": null
      },
      {
        "title": null
      }
    ]
  },
  "related_questions": [
    {
      "question": "What is an affiliate marketing network?",
      "snippet": "Affiliate marketing is an advertising model in which a company compensates third-party publishers to generate traffic or leads to the company's products and services. ... In this sense, affiliate marketing is essentially a pay for performance marketing program where the act of selling is outsourced across a vast network.Aug 21, 2019",
      "title": "Understanding Affiliate Marketing - Investopedia",
      "link": "https://www.investopedia.com/terms/a/affiliate-marketing.asp",
      "displayed_link": "www.investopedia.com › terms › affiliate-marketing"
    },
    {
      "question": "What are the best affiliate networks?",
      "snippet": "The Best Affiliate Networks in 2019ShareASale.ClickBank.CJ Affiliate (formerly Commission Junction)Amazon Associates.eBay Partner Network (EPN)FlexOffers.Pepperjam.Rakuten Marketing (formerly LinkShare)Sep 25, 2019",
      "title": "The 8 Best Affiliate Networks for Earning Passive Income in 2019",
      "link": "https://smartblogger.com/affiliate-networks/",
      "displayed_link": "smartblogger.com › affiliate-networks"
    },
    {
      "question": "What are native ad networks?",
      "snippet": "Native advertising is the use of paid ads that match the look, feel and function of the media format in which they appear. Native ads are often found in social media feeds, or as recommended content on a web page.",
      "title": "What Is Native Advertising - How it works | Outbrain.com",
      "link": "https://www.outbrain.com/native-advertising/",
      "displayed_link": "www.outbrain.com › native-advertising"
    },
    {
      "question": "What is an ad exchange vs ad network?",
      "snippet": "Ad networks: Negotiations and real-time bidding (exchanges allow advertisers to purchase ads across multiple sites all at once, whereas negotiating buys directly with specific publishers, which is more effective). Rely on media inventory.Oct 25, 2018",
      "title": "What is the Difference Between Ad Exchange and Ad Network?",
      "link": "https://medium.com/swipe-mag/what-is-the-difference-between-ad-exchange-and-ad-network-e6714f950132",
      "displayed_link": "medium.com › swipe-mag › what-is-the-difference-between-ad-exchang..."
    }
  ],
  "answer_box": {
    "type": "organic_result",
    "title": "What is the difference between Ad networks and Affiliates in ...",
    "link": "https://www.quora.com/What-is-the-difference-between-Ad-networks-and-Affiliates-in-Digital-Marketing",
    "snippet": "Affiliate network is a link in affiliate marketing, that connects brands with publishers and gets the commission. Ad networks can play the role of either affiliates or affiliate networks on the affiliate market. Ad networks connect brands and publishers for the specific purpose of placing ads onto the websites."
  },
  "organic_results": [
    {
      "position": 1,
      "title": "The Top 5 Best Affiliate Ad Networks to Generate Additional ...",
      "link": "https://www.adpushup.com/blog/5-best-affiliate-networks-to-generate-additional-revenue/",
      "displayed_link": "www.adpushup.com › Home › Revenue Optimization",
      "date": "Aug 20, 2015",
      "snippet": "We review the top 5 affiliate networks along with their respective pros and cons.",
      "cached_page_link": "https://webcache.googleusercontent.com/search?q=cache:dTCyG_h1yRwJ:https://www.adpushup.com/blog/5-best-affiliate-networks-to-generate-additional-revenue/+&cd=3&hl=en&ct=clnk&gl=us",
      "related_pages_link": "https://www.google.com/search?q=related:https://www.adpushup.com/blog/5-best-affiliate-networks-to-generate-additional-revenue/+affiliate+ad+networks&tbo=1&sa=X&ved=2ahUKEwiys42J_JTnAhUBIDQIHVk-CWgQHzACegQIBRAL"
    },
    {
      "position": 2,
      "title": "Affiliate Advertising Networks | Ad Network Directory",
      "link": "https://www.adnetworkdirectory.com/ad_networks/?t=363",
      "displayed_link": "www.adnetworkdirectory.com › ad_networks",
      "snippet": "A complete directory of affiliate advertising networks. Find the best way to advertise or make money with your Web site.",
      "cached_page_link": "https://webcache.googleusercontent.com/search?q=cache:F5qC0P_oq1EJ:https://www.adnetworkdirectory.com/ad_networks/%3Ft%3D363+&cd=4&hl=en&ct=clnk&gl=us"
    },
    {
      "position": 3,
      "title": "Top Affiliate Networks (2019) - Business of Apps",
      "link": "https://www.businessofapps.com/guide/affiliate-networks/",
      "displayed_link": "www.businessofapps.com › guide › affiliate-networks",
      "date": "Jump to Aragon Advertising",
      "snippet": "Aragon Advertising is a digital performance marketing ... with distribution campaigns via its network of publishers, as well as ...",
      "cached_page_link": "https://webcache.googleusercontent.com/search?q=cache:E5VNRD681vcJ:https://www.businessofapps.com/guide/affiliate-networks/+&cd=5&hl=en&ct=clnk&gl=us"
    },
    {
      "position": 4,
      "title": "What is the difference between Ad networks and Affiliates in ...",
      "link": "https://www.quora.com/What-is-the-difference-between-Ad-networks-and-Affiliates-in-Digital-Marketing",
      "displayed_link": "www.quora.com › What-is-the-difference-between-Ad-networks-and-...",
      "date": "Apr 8, 2016",
      "snippet": "Affiliate network is a link in affiliate marketing, that connects brands with publishers and gets the commission. Ad networks can play the role of either affiliates or affiliate networks on the affiliate market. Ad networks connect brands and publishers for the specific purpose of placing ads onto the websites.",
      "sitelinks": {
        "list": [
          {
            "title": "How to make money with affiliate marketing using paying ads",
            "link": "https://www.quora.com/How-can-I-make-money-with-affiliate-marketing-using-paying-ads",
            "date": "Feb 9, 2016"
          },
          {
            "title": "What is the difference between affiliate marketing channels and ad ...",
            "link": "https://www.quora.com/What-is-the-difference-between-affiliate-marketing-channels-and-ad-network-channels",
            "date": "Jan 30, 2018"
          },
          {
            "title": "What are the pros and cons of using an advertising network vs ...",
            "link": "https://www.quora.com/What-are-the-pros-and-cons-of-using-an-advertising-network-vs-affiliate-advertising-for-mobile-apps-specifically-games",
            "date": "Mar 12, 2015"
          },
          {
            "title": "How can hackers make use of affiliate marketing and ad networks?",
            "link": "https://www.quora.com/How-can-hackers-make-use-of-affiliate-marketing-and-ad-networks",
            "date": "Mar 11, 2015"
          }
        ]
      },
      "rich_snippet": {
        "top": {
          "detected_extensions": {
            "answers": 9
          },
          "extensions": [
            "9 answers"
          ]
        }
      },
      "related_pages_link": "https://www.google.com/search?q=related:https://www.quora.com/What-is-the-difference-between-Ad-networks-and-Affiliates-in-Digital-Marketing+affiliate+ad+networks&tbo=1&sa=X&ved=2ahUKEwiys42J_JTnAhUBIDQIHVk-CWgQHzAFegQICRAI"
    },
    {
      "position": 5,
      "title": "53 Ad Networks that Will Open Up New Channels of Growth in ...",
      "link": "https://www.singlegrain.com/blog-posts/pay-per-click/alternative-ad-networks/",
      "displayed_link": "www.singlegrain.com › pay-per-click › alternative-ad-networks",
      "snippet": "These 54 ad networks can help you open up new growth channels – in less ... in the adult, pharmaceutical, gaming and weaponry businesses, as well as affiliate ...",
      "cached_page_link": "https://webcache.googleusercontent.com/search?q=cache:lJ5XR6CmbzkJ:https://www.singlegrain.com/blog-posts/pay-per-click/alternative-ad-networks/+&cd=15&hl=en&ct=clnk&gl=us"
    },
    {
      "position": 6,
      "title": "Ad Network - Mobidea",
      "link": "https://www.mobidea.com/academy/what-is-an-ad-network/",
      "displayed_link": "www.mobidea.com › academy › what-is-an-ad-network",
      "date": "Oct 21, 2019",
      "snippet": "One of the most important facets of online affiliate marketing, ad networks are used to make the interaction between advertisers and publishers as easy as it can possibly be. Basically, these networks are companies that serve as mediators, and they sell advertiser's inventory to publishers that are interested in it.",
      "cached_page_link": "https://webcache.googleusercontent.com/search?q=cache:AInpgHPlDScJ:https://www.mobidea.com/academy/what-is-an-ad-network/+&cd=16&hl=en&ct=clnk&gl=us"
    },
    {
      "position": 7,
      "title": "Best Ad Networks Worldwide: Ultimate List (January 2020 ...",
      "link": "https://www.mobidea.com/academy/best-ad-networks-list/",
      "displayed_link": "www.mobidea.com › academy › best-ad-networks-list",
      "date": "6 days ago",
      "snippet": "Introduction. If you've been working as an affiliate for any length of time, you've probably heard of ad networks. If not, then stick around!",
      "cached_page_link": "https://webcache.googleusercontent.com/search?q=cache:34fyIahL4ncJ:https://www.mobidea.com/academy/best-ad-networks-list/+&cd=17&hl=en&ct=clnk&gl=us"
    },
    {
      "position": 8,
      "title": "20+ Best Affiliate Marketing Platforms and Networks of 2020 ...",
      "link": "https://makeawebsitehub.com/affiliate-marketing-networks/",
      "displayed_link": "makeawebsitehub.com › affiliate-marketing-networks",
      "snippet": "In this post I cover the best affiliate marketing networks and programs to help ... Per Action/Acquisition) company that doesn't deal with ad banners or the like, just ...",
      "cached_page_link": "https://webcache.googleusercontent.com/search?q=cache:aedN2w77ZFQJ:https://makeawebsitehub.com/affiliate-marketing-networks/+&cd=18&hl=en&ct=clnk&gl=us",
      "related_pages_link": "https://www.google.com/search?q=related:https://makeawebsitehub.com/affiliate-marketing-networks/+affiliate+ad+networks&tbo=1&sa=X&ved=2ahUKEwiys42J_JTnAhUBIDQIHVk-CWgQHzARegQIBhAJ"
    },
    {
      "position": 9,
      "title": "Making connections: What affiliates want from an ad network ...",
      "link": "https://www.tune.com/blog/making-connections-affiliates-want-ad-network-2017/",
      "displayed_link": "www.tune.com › blog › making-connections-affiliates-want-ad-netwo...",
      "date": "Feb 14, 2017",
      "snippet": "Build upon your list of partners this year by understanding what affiliates want from an ad network.",
      "cached_page_link": "https://webcache.googleusercontent.com/search?q=cache:AyFF5AFqpiAJ:https://www.tune.com/blog/making-connections-affiliates-want-ad-network-2017/+&cd=19&hl=en&ct=clnk&gl=us",
      "related_pages_link": "https://www.google.com/search?q=related:https://www.tune.com/blog/making-connections-affiliates-want-ad-network-2017/+affiliate+ad+networks&tbo=1&sa=X&ved=2ahUKEwiys42J_JTnAhUBIDQIHVk-CWgQHzASegQIAhAJ"
    },
    {
      "position": 10,
      "title": "5 Best Affiliate Ad Networks to Generate Additional Revenue ...",
      "link": "http://flymedianetwork.com/best-affiliate-ad-networks-to-generate-additional-revenue/",
      "displayed_link": "flymedianetwork.com › best-affiliate-ad-networks-to-generate-additio...",
      "snippet": "Numerous merchant's (client's) work directly with publishers (affiliates), but still there are many affiliate ad networks available that connect publishers with ...",
      "cached_page_link": "http://webcache.googleusercontent.com/search?q=cache:u_7abnFjmYMJ:flymedianetwork.com/best-affiliate-ad-networks-to-generate-additional-revenue/+&cd=20&hl=en&ct=clnk&gl=us"
    }
  ],
  "related_search_boxes": [
    {
      "position": 1,
      "query": "Affiliate network listView 3+ moreView 3+",
      "results": []
    },
    {
      "position": 2,
      "query": "Best advertising platforms",
      "results": []
    }
  ],
  "related_searches": [
    {
      "query": "affiliate network",
      "link": "https://www.google.com/search?q=affiliate+network&sa=X&ved=2ahUKEwiys42J_JTnAhUBIDQIHVk-CWgQ1QIoAHoECAsQAQ"
    },
    {
      "query": "affiliate marketing",
      "link": "https://www.google.com/search?q=affiliate+marketing&sa=X&ved=2ahUKEwiys42J_JTnAhUBIDQIHVk-CWgQ1QIoAXoECAsQAg"
    },
    {
      "query": "advertising affiliate programs",
      "link": "https://www.google.com/search?q=advertising+affiliate+programs&sa=X&ved=2ahUKEwiys42J_JTnAhUBIDQIHVk-CWgQ1QIoAnoECAsQAw"
    },
    {
      "query": "top ad networks",
      "link": "https://www.google.com/search?q=top+ad+networks&sa=X&ved=2ahUKEwiys42J_JTnAhUBIDQIHVk-CWgQ1QIoA3oECAsQBA"
    },
    {
      "query": "direct affiliate programs",
      "link": "https://www.google.com/search?q=direct+affiliate+programs&sa=X&ved=2ahUKEwiys42J_JTnAhUBIDQIHVk-CWgQ1QIoBHoECAsQBQ"
    },
    {
      "query": "affiliate products",
      "link": "https://www.google.com/search?q=affiliate+products&sa=X&ved=2ahUKEwiys42J_JTnAhUBIDQIHVk-CWgQ1QIoBXoECAsQBg"
    },
    {
      "query": "where to get affiliate links",
      "link": "https://www.google.com/search?q=where+to+get+affiliate+links&sa=X&ved=2ahUKEwiys42J_JTnAhUBIDQIHVk-CWgQ1QIoBnoECAsQBw"
    },
    {
      "query": "ad network list",
      "link": "https://www.google.com/search?q=ad+network+list&sa=X&ved=2ahUKEwiys42J_JTnAhUBIDQIHVk-CWgQ1QIoB3oECAsQCA"
    }
  ],
  "pagination": {
    "current": 1,
    "next": "https://www.google.com/search?q=affiliate+ad+networks&ei=fRMnXvKAFYHA0PEP2fykwAY&start=10&sa=N&ved=2ahUKEwiys42J_JTnAhUBIDQIHVk-CWgQ8NMDegQIEBBA",
    "other_pages": {
      "2": "https://www.google.com/search?q=affiliate+ad+networks&ei=fRMnXvKAFYHA0PEP2fykwAY&start=10&sa=N&ved=2ahUKEwiys42J_JTnAhUBIDQIHVk-CWgQ8tMDegQIEBAu",
      "3": "https://www.google.com/search?q=affiliate+ad+networks&ei=fRMnXvKAFYHA0PEP2fykwAY&start=20&sa=N&ved=2ahUKEwiys42J_JTnAhUBIDQIHVk-CWgQ8tMDegQIEBAw",
      "4": "https://www.google.com/search?q=affiliate+ad+networks&ei=fRMnXvKAFYHA0PEP2fykwAY&start=30&sa=N&ved=2ahUKEwiys42J_JTnAhUBIDQIHVk-CWgQ8tMDegQIEBAy",
      "5": "https://www.google.com/search?q=affiliate+ad+networks&ei=fRMnXvKAFYHA0PEP2fykwAY&start=40&sa=N&ved=2ahUKEwiys42J_JTnAhUBIDQIHVk-CWgQ8tMDegQIEBA0",
      "6": "https://www.google.com/search?q=affiliate+ad+networks&ei=fRMnXvKAFYHA0PEP2fykwAY&start=50&sa=N&ved=2ahUKEwiys42J_JTnAhUBIDQIHVk-CWgQ8tMDegQIEBA2",
      "7": "https://www.google.com/search?q=affiliate+ad+networks&ei=fRMnXvKAFYHA0PEP2fykwAY&start=60&sa=N&ved=2ahUKEwiys42J_JTnAhUBIDQIHVk-CWgQ8tMDegQIEBA4",
      "8": "https://www.google.com/search?q=affiliate+ad+networks&ei=fRMnXvKAFYHA0PEP2fykwAY&start=70&sa=N&ved=2ahUKEwiys42J_JTnAhUBIDQIHVk-CWgQ8tMDegQIEBA6",
      "9": "https://www.google.com/search?q=affiliate+ad+networks&ei=fRMnXvKAFYHA0PEP2fykwAY&start=80&sa=N&ved=2ahUKEwiys42J_JTnAhUBIDQIHVk-CWgQ8tMDegQIEBA8",
      "10": "https://www.google.com/search?q=affiliate+ad+networks&ei=fRMnXvKAFYHA0PEP2fykwAY&start=90&sa=N&ved=2ahUKEwiys42J_JTnAhUBIDQIHVk-CWgQ8tMDegQIEBA-"
    }
  },
  "serpapi_pagination": {
    "current": 1,
    "next_link": "https://serpapi.com/search.json?device=desktop&engine=google&google_domain=google.com&q=affiliate+ad+networks&start=10&token=3f61273fc846782f",
    "next": "https://serpapi.com/search.json?device=desktop&engine=google&google_domain=google.com&q=affiliate+ad+networks&start=10&token=3f61273fc846782f",
    "other_pages": {
      "2": "https://serpapi.com/search.json?device=desktop&engine=google&google_domain=google.com&q=affiliate+ad+networks&start=10&token=3f61273fc846782f",
      "3": "https://serpapi.com/search.json?device=desktop&engine=google&google_domain=google.com&q=affiliate+ad+networks&start=20&token=60c17bef556637a7",
      "4": "https://serpapi.com/search.json?device=desktop&engine=google&google_domain=google.com&q=affiliate+ad+networks&start=30&token=e3ed66e62fbafaa0",
      "5": "https://serpapi.com/search.json?device=desktop&engine=google&google_domain=google.com&q=affiliate+ad+networks&start=40&token=798b9f269c39bcb0",
      "6": "https://serpapi.com/search.json?device=desktop&engine=google&google_domain=google.com&q=affiliate+ad+networks&start=50&token=aba6d60e67a5693b",
      "7": "https://serpapi.com/search.json?device=desktop&engine=google&google_domain=google.com&q=affiliate+ad+networks&start=60&token=e1fca5f8f2daa056",
      "8": "https://serpapi.com/search.json?device=desktop&engine=google&google_domain=google.com&q=affiliate+ad+networks&start=70&token=87d4a07d82305b0f",
      "9": "https://serpapi.com/search.json?device=desktop&engine=google&google_domain=google.com&q=affiliate+ad+networks&start=80&token=0930179965019fa2",
      "10": "https://serpapi.com/search.json?device=desktop&engine=google&google_domain=google.com&q=affiliate+ad+networks&start=90&token=3d98014e38f2706c"
    }
  }
}