{
  "search_metadata": {
    "id": "",
    "status": "Success",
    "json_endpoint": "",
    "created_at": "2020-01-21 15:08:14 UTC",
    "processed_at": "2020-01-21 15:08:14 UTC",
    "google_url": "https://www.google.com/search?q=affiliate+guide&oq=affiliate+guide&sourceid=chrome&ie=UTF-8",
    "raw_html_file": "",
    "total_time_taken": 1.28
  },
  "search_parameters": {
    "engine": "google",
    "q": "affiliate guide",
    "google_domain": "google.com",
    "device": "desktop"
  },
  "search_information": {
    "organic_results_state": "Results for exact spelling",
    "total_results": 639000000,
    "time_taken_displayed": 0.5,
    "query_displayed": "affiliate guide"
  },
  "knowledge_graph": {
    "see_more_about": [
      {
        "title": null
      },
      {
        "title": null
      }
    ]
  },
  "related_questions": [
    {
      "question": "How do I become an affiliate marketer?",
      "snippet": "Here's How to Start Affiliate Marketing on Your Blog in 8 Steps:Step 1: Create a Website or A Blog.Step 2: Choose an Industry, and then Niche Down.Step 3: Research Products in Your Niche that You Can Review.Step 4: Sign Up for the Amazon Affiliate Program.More items...•Jan 25, 2019",
      "title": "How to Start Affiliate Marketing for Beginners (A Step by Step Guide)",
      "link": "https://www.locationrebel.com/how-to-start-affiliate-marketing/",
      "displayed_link": "www.locationrebel.com › how-to-start-affiliate-marketing"
    },
    {
      "question": "Can you really make money with affiliate marketing?",
      "snippet": "Can you make money with affiliate marketing? The short answer is yes, affiliate programs can earn extra money and even a full-time income from home.",
      "title": "Can You Really Make Money with Affiliate Marketing?",
      "link": "https://www.thebalancesmb.com/can-you-really-make-money-with-affiliate-marketing-1794168",
      "displayed_link": "www.thebalancesmb.com › can-you-really-make-money-with-affiliate-..."
    },
    {
      "question": "Which affiliate program is the best?",
      "snippet": "Whatever the reason, here's a list of top beginner affiliate programs for those of you just getting started:DreamHost Affiliate Program. ... Amazon Associates. ... eBay Partner Network. ... Target Affiliates. ... AliExpress Affiliate Program.",
      "title": "The 67+ Best Affiliate Programs of 2019 (Highest Paying)",
      "link": "https://www.forexreferral.com/best-affiliate-programs",
      "displayed_link": "www.forexreferral.com › best-affiliate-programs"
    },
    {
      "question": "What is affiliate marketing and how does it work for beginners?",
      "snippet": "Affiliate marketing is the process by which an affiliate earns a commission for marketing another person's or company's products. The affiliate simply searches for a product they enjoy, then promotes that product and earns a piece of the profit from each sale they make.",
      "title": "Affiliate Marketing in 2019: What It Is + How Beginners Can Start",
      "link": "https://www.bigcommerce.com/blog/affiliate-marketing/",
      "displayed_link": "www.bigcommerce.com › blog › affiliate-marketing"
    }
  ],
  "organic_results": [
    {
      "position": 1,
      "title": "Affiliate Marketing Made Simple: A Step-by-Step Guide",
      "link": "https://neilpatel.com/what-is-affiliate-marketing/",
      "displayed_link": "neilpatel.com › what-is-affiliate-marketing",
      "snippet": "(Image source: Top 5 SEO). Passive income. That's the dream, right? Make money while you sleep. For 99% of people, affiliate marketing is how they get started.",
      "rich_snippet": {
        "bottom": {
          "questions": [
            "What is affiliate marketing?",
            "How much money can you make as an affiliate marketer?",
            "What are some of the most popular affilaite networks?",
            "Is affiliate marketing a pyramid scheme?"
          ]
        }
      }
    },
    {
      "position": 2,
      "title": "Affiliate Marketing in 2020: FREE Guide for Beginners",
      "link": "https://smartblogger.com/affiliate-marketing/",
      "displayed_link": "smartblogger.com › affiliate-marketing",
      "date": "Nov 8, 2019",
      "snippet": "In This Guide: What is Affiliate Marketing? | How to Start Affiliate Marketing in 4 Steps | 4 Types of Affiliate Products to Promote | The Bottom ...",
      "cached_page_link": "https://webcache.googleusercontent.com/search?q=cache:qi3DXERNuQYJ:https://smartblogger.com/affiliate-marketing/+&cd=3&hl=en&ct=clnk&gl=us",
      "related_pages_link": "https://www.google.com/search?q=related:https://smartblogger.com/affiliate-marketing/+affiliate+guide&tbo=1&sa=X&ved=2ahUKEwiMl6-3_JTnAhVbHTQIHUgkD-IQHzACegQIBRAJ"
    },
    {
      "position": 3,
      "title": "Beginners Guide: Affiliate Marketing Tips & Tools (That ...",
      "link": "https://www.wpbeginner.com/beginners-guide/affiliate-marketing-guide-for-beginners-step-by-step/",
      "displayed_link": "www.wpbeginner.com › Blog › Beginners Guide",
      "date": "Jul 11, 2018",
      "snippet": "In this step by step ultimate affiliate marketing guide, we will show you how to start earning through affiliate marketing using your WordPress ...",
      "cached_page_link": "https://webcache.googleusercontent.com/search?q=cache:uT8jL2d94IIJ:https://www.wpbeginner.com/beginners-guide/affiliate-marketing-guide-for-beginners-step-by-step/+&cd=4&hl=en&ct=clnk&gl=us"
    },
    {
      "position": 4,
      "title": "The Ultimate Guide to Affiliate Marketing - HubSpot Blog",
      "link": "https://blog.hubspot.com/marketing/affiliate-marketing-guide",
      "displayed_link": "blog.hubspot.com › marketing › affiliate-marketing-guide",
      "date": "Dec 11, 2018",
      "snippet": "Learn how to earn a passive income with affiliate marketing.",
      "cached_page_link": "https://webcache.googleusercontent.com/search?q=cache:60ruYHzKw3IJ:https://blog.hubspot.com/marketing/affiliate-marketing-guide+&cd=5&hl=en&ct=clnk&gl=us"
    },
    {
      "position": 5,
      "title": "Beginner's Guide to Affiliate Marketing - DreamHost",
      "link": "https://www.dreamhost.com/blog/beginners-guide-to-affiliate-marketing/",
      "displayed_link": "www.dreamhost.com › blog › beginners-guide-to-affiliate-marketing",
      "date": "Dec 19, 2019",
      "snippet": "Want to easily make some extra cash? Learn the lucrative art of affiliate marketing — a flexible, rewarding way of making money online by ...",
      "cached_page_link": "https://webcache.googleusercontent.com/search?q=cache:20vluVlwWtkJ:https://www.dreamhost.com/blog/beginners-guide-to-affiliate-marketing/+&cd=6&hl=en&ct=clnk&gl=us"
    },
    {
      "position": 6,
      "title": "Affiliate Marketing Made Simple: A Step-By-Step Guide",
      "link": "https://www.ventureharbour.com/affiliate-marketing-guide/",
      "displayed_link": "www.ventureharbour.com › affiliate-marketing-guide",
      "date": "Feb 27, 2019",
      "snippet": "Affiliate marketing is one of the most popular ways to earn passive ... The Ultimate Guide to Affiliate Marketing, written for HubSpot by Justin Lee.",
      "cached_page_link": "https://webcache.googleusercontent.com/search?q=cache:za3DaOn-uusJ:https://www.ventureharbour.com/affiliate-marketing-guide/+&cd=7&hl=en&ct=clnk&gl=us"
    },
    {
      "position": 7,
      "title": "The Definitive Guide To Affiliate Marketing - Forbes",
      "link": "https://www.forbes.com/sites/robertadams/2017/05/25/the-definitive-guide-to-affiliate-marketing/",
      "displayed_link": "www.forbes.com › sites › robertadams › 2017/05/25 › the-definitive-...",
      "date": "May 25, 2017",
      "snippet": "Marketing products or services as an affiliate provides a means to an end of earning money online without the added friction of building a costly ...",
      "cached_page_link": "https://webcache.googleusercontent.com/search?q=cache:fZEI7TeFDy0J:https://www.forbes.com/sites/robertadams/2017/05/25/the-definitive-guide-to-affiliate-marketing/+&cd=8&hl=en&ct=clnk&gl=us"
    },
    {
      "position": 8,
      "title": "Affiliate Marketing for Beginners: How to Make Your First ...",
      "link": "https://www.affilorama.com/blog/first-affiliate-marketing-sale",
      "displayed_link": "www.affilorama.com › Affiliate Marketing Blog",
      "date": "Oct 17, 2018",
      "snippet": "Working as an affiliate marketer can be a great way to make money online—if you know how. Here's an easy 7-step guide to affiliate marketing ...",
      "cached_page_link": "https://webcache.googleusercontent.com/search?q=cache:0VDbL9iRLw8J:https://www.affilorama.com/blog/first-affiliate-marketing-sale+&cd=9&hl=en&ct=clnk&gl=us",
      "related_pages_link": "https://www.google.com/search?q=related:https://www.affilorama.com/blog/first-affiliate-marketing-sale+affiliate+guide&tbo=1&sa=X&ved=2ahUKEwiMl6-3_JTnAhVbHTQIHUgkD-IQHzAIegQIARAL"
    },
    {
      "position": 9,
      "title": "Affiliate Marketing: The Ultimate (Free) Guide",
      "link": "https://amylynnandrews.com/affiliate-marketing/",
      "displayed_link": "amylynnandrews.com › affiliate-marketing",
      "date": "Apr 28, 2018",
      "snippet": "Affiliate marketing is my largest and most favorite income stream. This guide covers what it is, how it works, tips and common myths and ...",
      "cached_page_link": "https://webcache.googleusercontent.com/search?q=cache:fB1BWT-vVsEJ:https://amylynnandrews.com/affiliate-marketing/+&cd=18&hl=en&ct=clnk&gl=us",
      "related_pages_link": "https://www.google.com/search?q=related:https://amylynnandrews.com/affiliate-marketing/+affiliate+guide&tbo=1&sa=X&ved=2ahUKEwiMl6-3_JTnAhVbHTQIHUgkD-IQHzARegQIBBAJ"
    }
  ],
  "related_search_boxes": [
    {
      "position": 1,
      "query": "Top affiliate marketing platforms",
      "results": []
    }
  ],
  "related_searches": [
    {
      "query": "affiliate marketing definition",
      "link": "https://www.google.com/search?q=affiliate+marketing+definition&sa=X&ved=2ahUKEwiMl6-3_JTnAhVbHTQIHUgkD-IQ1QIoAHoECAsQAQ"
    },
    {
      "query": "how to start affiliate marketing",
      "link": "https://www.google.com/search?q=how+to+start+affiliate+marketing&sa=X&ved=2ahUKEwiMl6-3_JTnAhVbHTQIHUgkD-IQ1QIoAXoECAsQAg"
    },
    {
      "query": "affiliate marketing companies",
      "link": "https://www.google.com/search?q=affiliate+marketing+companies&sa=X&ved=2ahUKEwiMl6-3_JTnAhVbHTQIHUgkD-IQ1QIoAnoECAsQAw"
    },
    {
      "query": "affiliate marketing amazon",
      "link": "https://www.google.com/search?q=affiliate+marketing+amazon&sa=X&ved=2ahUKEwiMl6-3_JTnAhVbHTQIHUgkD-IQ1QIoA3oECAsQBA"
    },
    {
      "query": "what is affiliate marketing and how does it work",
      "link": "https://www.google.com/search?q=what+is+affiliate+marketing+and+how+does+it+work&sa=X&ved=2ahUKEwiMl6-3_JTnAhVbHTQIHUgkD-IQ1QIoBHoECAsQBQ"
    },
    {
      "query": "affiliate marketing for beginners 2018",
      "link": "https://www.google.com/search?q=affiliate+marketing+for+beginners+2018&sa=X&ved=2ahUKEwiMl6-3_JTnAhVbHTQIHUgkD-IQ1QIoBXoECAsQBg"
    },
    {
      "query": "affiliate marketing examples",
      "link": "https://www.google.com/search?q=affiliate+marketing+examples&sa=X&ved=2ahUKEwiMl6-3_JTnAhVbHTQIHUgkD-IQ1QIoBnoECAsQBw"
    },
    {
      "query": "affiliate links",
      "link": "https://www.google.com/search?q=affiliate+links&sa=X&ved=2ahUKEwiMl6-3_JTnAhVbHTQIHUgkD-IQ1QIoB3oECAsQCA"
    }
  ],
  "pagination": {
    "current": 1,
    "next": "https://www.google.com/search?q=affiliate+guide&ei=3hMnXoywFtu60PEPyMi8kA4&start=10&sa=N&ved=2ahUKEwiMl6-3_JTnAhVbHTQIHUgkD-IQ8NMDegQIERBA",
    "other_pages": {
      "2": "https://www.google.com/search?q=affiliate+guide&ei=3hMnXoywFtu60PEPyMi8kA4&start=10&sa=N&ved=2ahUKEwiMl6-3_JTnAhVbHTQIHUgkD-IQ8tMDegQIERAu",
      "3": "https://www.google.com/search?q=affiliate+guide&ei=3hMnXoywFtu60PEPyMi8kA4&start=20&sa=N&ved=2ahUKEwiMl6-3_JTnAhVbHTQIHUgkD-IQ8tMDegQIERAw",
      "4": "https://www.google.com/search?q=affiliate+guide&ei=3hMnXoywFtu60PEPyMi8kA4&start=30&sa=N&ved=2ahUKEwiMl6-3_JTnAhVbHTQIHUgkD-IQ8tMDegQIERAy",
      "5": "https://www.google.com/search?q=affiliate+guide&ei=3hMnXoywFtu60PEPyMi8kA4&start=40&sa=N&ved=2ahUKEwiMl6-3_JTnAhVbHTQIHUgkD-IQ8tMDegQIERA0",
      "6": "https://www.google.com/search?q=affiliate+guide&ei=3hMnXoywFtu60PEPyMi8kA4&start=50&sa=N&ved=2ahUKEwiMl6-3_JTnAhVbHTQIHUgkD-IQ8tMDegQIERA2",
      "7": "https://www.google.com/search?q=affiliate+guide&ei=3hMnXoywFtu60PEPyMi8kA4&start=60&sa=N&ved=2ahUKEwiMl6-3_JTnAhVbHTQIHUgkD-IQ8tMDegQIERA4",
      "8": "https://www.google.com/search?q=affiliate+guide&ei=3hMnXoywFtu60PEPyMi8kA4&start=70&sa=N&ved=2ahUKEwiMl6-3_JTnAhVbHTQIHUgkD-IQ8tMDegQIERA6",
      "9": "https://www.google.com/search?q=affiliate+guide&ei=3hMnXoywFtu60PEPyMi8kA4&start=80&sa=N&ved=2ahUKEwiMl6-3_JTnAhVbHTQIHUgkD-IQ8tMDegQIERA8",
      "10": "https://www.google.com/search?q=affiliate+guide&ei=3hMnXoywFtu60PEPyMi8kA4&start=90&sa=N&ved=2ahUKEwiMl6-3_JTnAhVbHTQIHUgkD-IQ8tMDegQIERA-"
    }
  },
  "serpapi_pagination": {
    "current": 1,
    "next_link": "https://serpapi.com/search.json?device=desktop&engine=google&google_domain=google.com&q=affiliate+guide&start=10&token=760b305789b9b0e8",
    "next": "https://serpapi.com/search.json?device=desktop&engine=google&google_domain=google.com&q=affiliate+guide&start=10&token=760b305789b9b0e8",
    "other_pages": {
      "2": "https://serpapi.com/search.json?device=desktop&engine=google&google_domain=google.com&q=affiliate+guide&start=10&token=760b305789b9b0e8",
      "3": "https://serpapi.com/search.json?device=desktop&engine=google&google_domain=google.com&q=affiliate+guide&start=20&token=4f9f22def43480dd",
      "4": "https://serpapi.com/search.json?device=desktop&engine=google&google_domain=google.com&q=affiliate+guide&start=30&token=e6ca22059b5d4521",
      "5": "https://serpapi.com/search.json?device=desktop&engine=google&google_domain=google.com&q=affiliate+guide&start=40&token=1b8ab8bd2d0fc88c",
      "6": "https://serpapi.com/search.json?device=desktop&engine=google&google_domain=google.com&q=affiliate+guide&start=50&token=e106a8cacfdaf550",
      "7": "https://serpapi.com/search.json?device=desktop&engine=google&google_domain=google.com&q=affiliate+guide&start=60&token=2fbb2174fba82d8a",
      "8": "https://serpapi.com/search.json?device=desktop&engine=google&google_domain=google.com&q=affiliate+guide&start=70&token=7f83448d82837535",
      "9": "https://serpapi.com/search.json?device=desktop&engine=google&google_domain=google.com&q=affiliate+guide&start=80&token=56da1cd3eecc734a",
      "10": "https://serpapi.com/search.json?device=desktop&engine=google&google_domain=google.com&q=affiliate+guide&start=90&token=99edf7d34f5313a0"
    }
  }
}