{
  "search_metadata": {
    "id": "",
    "status": "Success",
    "json_endpoint": "",
    "created_at": "2020-01-21 14:51:18 UTC",
    "processed_at": "2020-01-21 14:51:18 UTC",
    "google_url": "https://www.google.com/search?q=affiliate+marketing+pdf+guide&oq=affiliate+marketing+pdf+guide&sourceid=chrome&ie=UTF-8",
    "raw_html_file": "",
    "total_time_taken": 1.28
  },
  "search_parameters": {
    "engine": "google",
    "q": "affiliate marketing pdf guide",
    "google_domain": "google.com",
    "device": "desktop"
  },
  "search_information": {
    "organic_results_state": "Results for exact spelling",
    "total_results": 20900000,
    "time_taken_displayed": 0.5,
    "query_displayed": "affiliate marketing pdf guide"
  },
  "ads": [
    {
      "position": 1,
      "block_position": "bottom",
      "title": "Shopify | Internet Affiliate Marketing‎",
      "link": "https://www.shopify.com/sell",
      "displayed_link": "www.shopify.com/",
      "tracking_link": "https://www.google.com/aclk?sa=l&ai=DChcSEwix6IzT-JTnAhXDaSoKHUBaCpcYABAAGgJ0bQ&sig=AOD64_3MXxY1eAKfBTqwBWFjfRgZKgTUWw&q=&ved=2ahUKEwiD74bT-JTnAhWVHXAKHRHkCf0Q0Qx6BAgSEAE&adurl=",
      "description": "Use One Tool To Manage All Your Products, Inventory, And Customers. SEO Optimized. Mobile Commerce Ready. Full Blogging Platform. Unlimited 24/7 Support. Accept Credit Cards. Secure Shopping Cart. Drop Shipping Integration. 100+ Professional Themes.",
      "sitelinks": [
        {
          "title": "Find Products To Sell",
          "link": "http://www.shopify.com/oberlo"
        },
        {
          "title": "See Plans & Pricing",
          "link": "http://www.shopify.com/pricing"
        },
        {
          "title": "Market",
          "link": "https://www.shopify.com/market"
        },
        {
          "title": "Shopify® POS System",
          "link": "http://www.shopify.com/pos"
        },
        {
          "title": "Start",
          "link": "https://www.shopify.com/start"
        },
        {
          "title": "Manage",
          "link": "https://www.shopify.com/manage"
        }
      ]
    },
    {
      "position": 2,
      "block_position": "bottom",
      "title": "Marketing Guides Online | Learn Anytime, Anywhere.‎",
      "link": "https://www.linkedin.com/learning/subscription/paid?categoryId=2058&categoryCollection=business&hero=10",
      "displayed_link": "www.linkedin.com/learning/Marketing",
      "tracking_link": "https://www.google.com/aclk?sa=l&ai=DChcSEwix6IzT-JTnAhXDaSoKHUBaCpcYABAFGgJ0bQ&sig=AOD64_1MT0D62kgX5n-L8gs7EPdd9tmIqA&q=&ved=2ahUKEwiD74bT-JTnAhWVHXAKHRHkCf0Q0Qx6BAgTEAE&adurl=",
      "description": "Master Branding, Public Relations, SEO, PPC, Social Media & More - Start Today! Access Anytime, Anywhere. With Lynda.com Content. Start Your Free Month. Learn In-Demand Skills. Expert-Led Courses. Courses: Content Marketing, Viral Marketing, Online Marketing."
    }
  ],
  "knowledge_graph": {
    "see_more_about": [
      {
        "title": null
      },
      {
        "title": null
      }
    ]
  },
  "related_questions": [
    {
      "question": "What is affiliate marketing and how does it work PDF?",
      "snippet": "Affiliate marketing is the process of earning a commission by promoting other people's (or company's) products. You find a product you like, promote it to others and earn a piece of the profit for each sale that you make.",
      "title": "Affiliate Marketing Made Simple: A Step-by-Step Guide - Neil Patel",
      "link": "https://neilpatel.com/what-is-affiliate-marketing/",
      "displayed_link": "neilpatel.com › what-is-affiliate-marketing"
    },
    {
      "question": "How do I become an affiliate marketer?",
      "snippet": "Here's How to Start Affiliate Marketing on Your Blog in 8 Steps:Step 1: Create a Website or A Blog.Step 2: Choose an Industry, and then Niche Down.Step 3: Research Products in Your Niche that You Can Review.Step 4: Sign Up for the Amazon Affiliate Program.More items...•Jan 25, 2019",
      "title": "How to Start Affiliate Marketing for Beginners (A Step by Step Guide)",
      "link": "https://www.locationrebel.com/how-to-start-affiliate-marketing/",
      "displayed_link": "www.locationrebel.com › how-to-start-affiliate-marketing"
    },
    {
      "question": "Which affiliate program is the best?",
      "snippet": "Whatever the reason, here's a list of top beginner affiliate programs for those of you just getting started:DreamHost Affiliate Program. ... Amazon Associates. ... eBay Partner Network. ... Target Affiliates. ... AliExpress Affiliate Program.",
      "title": "The 67+ Best Affiliate Programs of 2019 (Highest Paying)",
      "link": "https://www.forexreferral.com/best-affiliate-programs",
      "displayed_link": "www.forexreferral.com › best-affiliate-programs"
    },
    {
      "question": "Can you make money from affiliate marketing?",
      "snippet": "Yes, you can make money through affiliate marketing. Good money. And, yes, you can even make money while you sleep. ... If you're already into affiliate marketing, you'll probably still find something in here you haven't thought of before.May 11, 2019",
      "title": "How to Make Money While You Sleep With Affiliate Marketing",
      "link": "https://optinmonster.com/get-started-with-affiliate-marketing/",
      "displayed_link": "optinmonster.com › get-started-with-affiliate-marketing"
    }
  ],
  "organic_results": [
    {
      "position": 1,
      "title": "The Ultimate Guide to Affiliate Marketing - Yuck Boys Live",
      "link": "https://307ntl34wci12hk39n1c9pfv-wpengine.netdna-ssl.com/wp-content/uploads/2017/06/AFFCelerator_UltimateGuide2.pdf",
      "displayed_link": "307ntl34wci12hk39n1c9pfv-wpengine.netdna-ssl.com › 2017/06 › A...",
      "snippet": "I wrote this guide for people who have never heard about affiliate marketing before. ... I've written up a PDF checklist here that'll be a huge help to you.",
      "cached_page_link": "https://webcache.googleusercontent.com/search?q=cache:uOb3y-W2qJ8J:https://307ntl34wci12hk39n1c9pfv-wpengine.netdna-ssl.com/wp-content/uploads/2017/06/AFFCelerator_UltimateGuide2.pdf+&cd=1&hl=en&ct=clnk&gl=us"
    },
    {
      "position": 2,
      "title": "Affiliate Marketing Made Simple: A Step-by-Step Guide",
      "link": "https://neilpatel.com/what-is-affiliate-marketing/",
      "displayed_link": "neilpatel.com › what-is-affiliate-marketing",
      "snippet": "(Image source: Top 5 SEO). Passive income. That's the dream, right? Make money while you sleep. For 99% of people, affiliate marketing is how they get started.",
      "rich_snippet": {
        "bottom": {
          "questions": [
            "What is affiliate marketing?",
            "How much money can you make as an affiliate marketer?",
            "What are some of the most popular affilaite networks?",
            "Is affiliate marketing a pyramid scheme?"
          ]
        }
      }
    },
    {
      "position": 3,
      "title": "The​ ​Ultimate​ ​Blogger's​ ​Guide​ ​To Affiliate ...",
      "link": "https://thirstyaffiliates.com/wp-content/uploads/2017/09/The-Ultimate-Bloggers-Guide-To-Affiliate-Marketing.pdf",
      "displayed_link": "thirstyaffiliates.com › wp-content › uploads › 2017/09 › The-Ultimate...",
      "snippet": "There is money to be earned in affiliate marketing, but whether you'll earn from it or not will ... If you're offering an information product in the form of a PDF or an.",
      "cached_page_link": "https://webcache.googleusercontent.com/search?q=cache:LpaUYDVOsTUJ:https://thirstyaffiliates.com/wp-content/uploads/2017/09/The-Ultimate-Bloggers-Guide-To-Affiliate-Marketing.pdf+&cd=4&hl=en&ct=clnk&gl=us"
    },
    {
      "position": 4,
      "title": "affiliate marketing handbook - IAB",
      "link": "https://www.iab.com/wp-content/uploads/2016/11/IAB-Affiliate-Marketing-Handbook_2016.pdf",
      "displayed_link": "www.iab.com › wp-content › uploads › 2016/11 › IAB-Affiliate-Mar...",
      "snippet": "The 2016 Affiliate Marketing Handbook was compiled by the IAB Affiliate Marketing. Working ... and place of Affiliate Marketing in the modern digital marketplace.",
      "cached_page_link": "https://webcache.googleusercontent.com/search?q=cache:gvlBhOwLBm0J:https://www.iab.com/wp-content/uploads/2016/11/IAB-Affiliate-Marketing-Handbook_2016.pdf+&cd=5&hl=en&ct=clnk&gl=us"
    },
    {
      "position": 5,
      "title": "Affiliate Marketing for Beginners FREE PDF Download - eBook",
      "link": "https://internetaffiliatenetwork.com/book/affiliate-marketing-beginners-pdf-ebook",
      "displayed_link": "internetaffiliatenetwork.com › book › affiliate-marketing-beginners-p...",
      "snippet": "By Internet Affiliate Network. Affiliate Marketing for Beginners – PDF eBook. Beginners Guide. $0.00. Editor: Internet Affiliate Network; Edition: First Edition ...",
      "rich_snippet": {
        "top": {
          "detected_extensions": {
            "rating": 3.5,
            "reviews": 25,
            "": 9.99
          },
          "extensions": [
            "Rating: 3.5",
            "25 reviews",
            "$9.99",
            "In stock"
          ]
        }
      },
      "cached_page_link": "https://webcache.googleusercontent.com/search?q=cache:Tap7CzgPHT0J:https://internetaffiliatenetwork.com/book/affiliate-marketing-beginners-pdf-ebook+&cd=6&hl=en&ct=clnk&gl=us"
    },
    {
      "position": 6,
      "title": "Affiliate Marketing for Dummies PDF eBook - Beginners ...",
      "link": "https://internetaffiliatenetwork.com/book/affiliate-marketing-dummies-pdf-ebook",
      "displayed_link": "internetaffiliatenetwork.com › book › affiliate-marketing-dummies-pd...",
      "snippet": "Discover How to Get Started in Affiliate Marketing with a Detailed Beginners Guide! In this detailed Affiliate Marketing for Dummies; you will learn all you need to ...",
      "rich_snippet": {
        "top": {
          "detected_extensions": {
            "rating": 5,
            "reviews": 4
          },
          "extensions": [
            "Rating: 5",
            "4 reviews",
            "Free",
            "In stock"
          ]
        }
      },
      "cached_page_link": "https://webcache.googleusercontent.com/search?q=cache:c__8ECW0w-YJ:https://internetaffiliatenetwork.com/book/affiliate-marketing-dummies-pdf-ebook+&cd=7&hl=en&ct=clnk&gl=us"
    },
    {
      "position": 7,
      "title": "Affiliate Marketing Step By Step Guide Pdf ⋆ Affiliate Profits",
      "link": "https://affiliateprofitpower.com/affiliate-marketing-step-by-step-guide-pdf/",
      "displayed_link": "affiliateprofitpower.com › affiliate-marketing-step-by-step-guide-pdf",
      "date": "Feb 27, 2019",
      "snippet": "When choosing a particular affiliate niche market, make sure that market has plenty of products to choose from. Do not make the mistake of over ...",
      "cached_page_link": "https://webcache.googleusercontent.com/search?q=cache:K5wuqjbnFCcJ:https://affiliateprofitpower.com/affiliate-marketing-step-by-step-guide-pdf/+&cd=8&hl=en&ct=clnk&gl=us"
    },
    {
      "position": 8,
      "title": "Affiliate Marketing: The Definitive Guide [2020 Update]",
      "link": "https://hacktheentrepreneur.com/what-is-affiliate-marketing/",
      "displayed_link": "hacktheentrepreneur.com › what-is-affiliate-marketing",
      "snippet": "How do you make money with affiliate marketing and what's changed in 2020? This complete guide is a path to building affiliate income fast.",
      "cached_page_link": "https://webcache.googleusercontent.com/search?q=cache:difn-KDp2soJ:https://hacktheentrepreneur.com/what-is-affiliate-marketing/+&cd=9&hl=en&ct=clnk&gl=us"
    },
    {
      "position": 9,
      "title": "Ebook Download Page – Ultimate Guide to Affiliate Marketing ...",
      "link": "https://charlesngo.com/ebook-download-page-ugam/",
      "displayed_link": "charlesngo.com › ebook-download-page-ugam",
      "date": "Mar 29, 2018",
      "snippet": "The Ultimate Guide to Affiliate Marketing PDFThe most comprehensive guide to affiliate marketing ever released… And it's 100% free.",
      "cached_page_link": "https://webcache.googleusercontent.com/search?q=cache:u4scvOgYZnIJ:https://charlesngo.com/ebook-download-page-ugam/+&cd=10&hl=en&ct=clnk&gl=us"
    }
  ],
  "related_search_boxes": [
    {
      "position": 1,
      "query": "Top affiliate marketing platforms",
      "results": []
    }
  ],
  "related_searches": [
    {
      "query": "a practical guide to affiliate marketing pdf",
      "link": "https://www.google.com/search?q=a+practical+guide+to+affiliate+marketing+pdf&sa=X&ved=2ahUKEwiD74bT-JTnAhWVHXAKHRHkCf0Q1QIoAHoECAsQAQ"
    },
    {
      "query": "the complete guide to affiliate marketing on the web pdf",
      "link": "https://www.google.com/search?q=the+complete+guide+to+affiliate+marketing+on+the+web+pdf&sa=X&ved=2ahUKEwiD74bT-JTnAhWVHXAKHRHkCf0Q1QIoAXoECAsQAg"
    },
    {
      "query": "affiliate marketing strategy pdf",
      "link": "https://www.google.com/search?q=affiliate+marketing+strategy+pdf&sa=X&ved=2ahUKEwiD74bT-JTnAhWVHXAKHRHkCf0Q1QIoAnoECAsQAw"
    },
    {
      "query": "affiliate marketing 101 pdf",
      "link": "https://www.google.com/search?q=affiliate+marketing+101+pdf&sa=X&ved=2ahUKEwiD74bT-JTnAhWVHXAKHRHkCf0Q1QIoA3oECAsQBA"
    },
    {
      "query": "affiliate marketing pdf 2019",
      "link": "https://www.google.com/search?q=affiliate+marketing+pdf+2019&sa=X&ved=2ahUKEwiD74bT-JTnAhWVHXAKHRHkCf0Q1QIoBHoECAsQBQ"
    },
    {
      "query": "how to start affiliate marketing",
      "link": "https://www.google.com/search?q=how+to+start+affiliate+marketing&sa=X&ved=2ahUKEwiD74bT-JTnAhWVHXAKHRHkCf0Q1QIoBXoECAsQBg"
    },
    {
      "query": "affiliate marketing meaning",
      "link": "https://www.google.com/search?q=affiliate+marketing+meaning&sa=X&ved=2ahUKEwiD74bT-JTnAhWVHXAKHRHkCf0Q1QIoBnoECAsQBw"
    },
    {
      "query": "clickbank affiliate marketing pdf",
      "link": "https://www.google.com/search?q=clickbank+affiliate+marketing+pdf&sa=X&ved=2ahUKEwiD74bT-JTnAhWVHXAKHRHkCf0Q1QIoB3oECAsQCA"
    }
  ],
  "pagination": {
    "current": 1,
    "next": "https://www.google.com/search?q=affiliate+marketing+pdf+guide&ei=5g8nXoPkKZW7wAORyKfoDw&start=10&sa=N&ved=2ahUKEwiD74bT-JTnAhWVHXAKHRHkCf0Q8NMDegQIERBB",
    "other_pages": {
      "2": "https://www.google.com/search?q=affiliate+marketing+pdf+guide&ei=5g8nXoPkKZW7wAORyKfoDw&start=10&sa=N&ved=2ahUKEwiD74bT-JTnAhWVHXAKHRHkCf0Q8tMDegQIERAv",
      "3": "https://www.google.com/search?q=affiliate+marketing+pdf+guide&ei=5g8nXoPkKZW7wAORyKfoDw&start=20&sa=N&ved=2ahUKEwiD74bT-JTnAhWVHXAKHRHkCf0Q8tMDegQIERAx",
      "4": "https://www.google.com/search?q=affiliate+marketing+pdf+guide&ei=5g8nXoPkKZW7wAORyKfoDw&start=30&sa=N&ved=2ahUKEwiD74bT-JTnAhWVHXAKHRHkCf0Q8tMDegQIERAz",
      "5": "https://www.google.com/search?q=affiliate+marketing+pdf+guide&ei=5g8nXoPkKZW7wAORyKfoDw&start=40&sa=N&ved=2ahUKEwiD74bT-JTnAhWVHXAKHRHkCf0Q8tMDegQIERA1",
      "6": "https://www.google.com/search?q=affiliate+marketing+pdf+guide&ei=5g8nXoPkKZW7wAORyKfoDw&start=50&sa=N&ved=2ahUKEwiD74bT-JTnAhWVHXAKHRHkCf0Q8tMDegQIERA3",
      "7": "https://www.google.com/search?q=affiliate+marketing+pdf+guide&ei=5g8nXoPkKZW7wAORyKfoDw&start=60&sa=N&ved=2ahUKEwiD74bT-JTnAhWVHXAKHRHkCf0Q8tMDegQIERA5",
      "8": "https://www.google.com/search?q=affiliate+marketing+pdf+guide&ei=5g8nXoPkKZW7wAORyKfoDw&start=70&sa=N&ved=2ahUKEwiD74bT-JTnAhWVHXAKHRHkCf0Q8tMDegQIERA7",
      "9": "https://www.google.com/search?q=affiliate+marketing+pdf+guide&ei=5g8nXoPkKZW7wAORyKfoDw&start=80&sa=N&ved=2ahUKEwiD74bT-JTnAhWVHXAKHRHkCf0Q8tMDegQIERA9",
      "10": "https://www.google.com/search?q=affiliate+marketing+pdf+guide&ei=5g8nXoPkKZW7wAORyKfoDw&start=90&sa=N&ved=2ahUKEwiD74bT-JTnAhWVHXAKHRHkCf0Q8tMDegQIERA_"
    }
  },
  "serpapi_pagination": {
    "current": 1,
    "next_link": "https://serpapi.com/search.json?device=desktop&engine=google&google_domain=google.com&q=affiliate+marketing+pdf+guide&start=10&token=3dbaee477cfd4a99",
    "next": "https://serpapi.com/search.json?device=desktop&engine=google&google_domain=google.com&q=affiliate+marketing+pdf+guide&start=10&token=3dbaee477cfd4a99",
    "other_pages": {
      "2": "https://serpapi.com/search.json?device=desktop&engine=google&google_domain=google.com&q=affiliate+marketing+pdf+guide&start=10&token=3dbaee477cfd4a99",
      "3": "https://serpapi.com/search.json?device=desktop&engine=google&google_domain=google.com&q=affiliate+marketing+pdf+guide&start=20&token=36eceea3f216df04",
      "4": "https://serpapi.com/search.json?device=desktop&engine=google&google_domain=google.com&q=affiliate+marketing+pdf+guide&start=30&token=48822f5b2b59d78b",
      "5": "https://serpapi.com/search.json?device=desktop&engine=google&google_domain=google.com&q=affiliate+marketing+pdf+guide&start=40&token=366a68bfc92a76d4",
      "6": "https://serpapi.com/search.json?device=desktop&engine=google&google_domain=google.com&q=affiliate+marketing+pdf+guide&start=50&token=28c1c17e1dcb09eb",
      "7": "https://serpapi.com/search.json?device=desktop&engine=google&google_domain=google.com&q=affiliate+marketing+pdf+guide&start=60&token=0e6c0b6931e4e715",
      "8": "https://serpapi.com/search.json?device=desktop&engine=google&google_domain=google.com&q=affiliate+marketing+pdf+guide&start=70&token=c661d566fac21e4e",
      "9": "https://serpapi.com/search.json?device=desktop&engine=google&google_domain=google.com&q=affiliate+marketing+pdf+guide&start=80&token=8da1e48a1d15be7d",
      "10": "https://serpapi.com/search.json?device=desktop&engine=google&google_domain=google.com&q=affiliate+marketing+pdf+guide&start=90&token=11a6630950265456"
    }
  }
}