{
  "search_metadata": {
    "id": "",
    "status": "Success",
    "json_endpoint": "",
    "created_at": "2020-01-21 15:15:55 UTC",
    "processed_at": "2020-01-21 15:15:55 UTC",
    "google_url": "https://www.google.com/search?q=affiliate+marketing+strategy+examples&oq=affiliate+marketing+strategy+examples&sourceid=chrome&ie=UTF-8",
    "raw_html_file": "",
    "total_time_taken": 3.14
  },
  "search_parameters": {
    "engine": "google",
    "q": "affiliate marketing strategy examples",
    "google_domain": "google.com",
    "device": "desktop"
  },
  "search_information": {
    "organic_results_state": "Results for exact spelling",
    "total_results": 21100000,
    "time_taken_displayed": 0.53,
    "query_displayed": "affiliate marketing strategy examples"
  },
  "knowledge_graph": {
    "see_more_about": [
      {
        "title": null
      },
      {
        "title": null
      },
      {
        "title": null
      },
      {
        "title": null
      },
      {
        "title": null
      },
      {
        "title": null
      },
      {
        "title": null
      }
    ]
  },
  "related_questions": [
    {
      "question": "What is affiliate marketing strategy?",
      "snippet": "Affiliate marketing is the process of earning a commission by promoting other people's (or company's) products. You find a product you like, promote it to others and earn a piece of the profit for each sale that you make.",
      "title": "Affiliate Marketing Made Simple: A Step-by-Step Guide - Neil Patel",
      "link": "https://neilpatel.com/what-is-affiliate-marketing/",
      "displayed_link": "neilpatel.com › what-is-affiliate-marketing"
    },
    {
      "question": "How do I become an affiliate marketer?",
      "snippet": "Here's a quick recap of what you need to do:Choose your niche.Research different affiliate programs and products.Build a site.Produce excellent content.Build an audience.Promote your affiliate product(s).Repeat steps #4–7 on a continual basis!Oct 17, 2018",
      "title": "Affiliate Marketing for Beginners: How to Make Your First Affiliate ...",
      "link": "https://www.affilorama.com/blog/first-affiliate-marketing-sale",
      "displayed_link": "www.affilorama.com › blog › first-affiliate-marketing-sale"
    },
    {
      "question": "Can you really make money as an affiliate marketer?",
      "snippet": "Can you make money with affiliate marketing? The short answer is yes, affiliate programs can earn extra money and even a full-time income from home.",
      "title": "Can You Really Make Money with Affiliate Marketing?",
      "link": "https://www.thebalancesmb.com/can-you-really-make-money-with-affiliate-marketing-1794168",
      "displayed_link": "www.thebalancesmb.com › can-you-really-make-money-with-affiliate-..."
    },
    {
      "question": "How do you promote affiliate products?",
      "snippet": "7 Techniques For Promoting Affiliate Products Online#1 Social Media campaign. Perhaps one of the most prevalent tools used online. ... #2 Use Search Engine Optimization. ... #3 Blogging. ... #4 Monthly emails or newsletters. ... #5 Create helpful videos. ... #6 Add banners and buttons on your site. ... #7 Offer promos, coupons, incentives or loyalty rewards.Dec 6, 2016",
      "title": "7 Techniques For Promoting Affiliate Products Online - ThirstyAffiliates",
      "link": "https://thirstyaffiliates.com/increasing-sales/7-techniques-promoting-affiliate-products-online",
      "displayed_link": "thirstyaffiliates.com › increasing-sales › 7-techniques-promoting-affiliate..."
    }
  ],
  "answer_box": {
    "type": "organic_result",
    "title": "Affiliate Marketing - Venture Harbour",
    "link": "https://www.ventureharbour.com/10-steps-to-a-succesful-affiliate-marketing-strategy/",
    "snippet": "10 Affiliate Marketing Strategies That Generated Us Over $1M in IncomeGo one inch wide and one mile deep. ... Create content that your competition can't compete with. ... Build a brand that adds value to the consumer. ... Build a foundation of recurring affiliate revenue. ... Don't rely on a single traffic source. ... Be prepared for mobile.More items..."
  },
  "organic_results": [
    {
      "position": 1,
      "title": "6 Awesome Affiliate Marketing Strategies to Generate More ...",
      "link": "https://shanebarker.com/blog/affiliate-marketing-strategies/",
      "displayed_link": "shanebarker.com › blog › affiliate-marketing-strategies",
      "date": "Sep 25, 2018",
      "snippet": "Affiliate Marketing Strategies to Grow Your Brand. Choose the Right Affiliates. Attract Sales with Coupons, Deals, and Promotions. Leverage the Power of Niche Influencers. Build a Robust Affiliate Network. Leverage Affiliate Promotions From Multiple Sources. Optimize Your Product Pages for Conversions.",
      "cached_page_link": "https://webcache.googleusercontent.com/search?q=cache:2oftxSGqLWQJ:https://shanebarker.com/blog/affiliate-marketing-strategies/+&cd=5&hl=en&ct=clnk&gl=us"
    },
    {
      "position": 2,
      "title": "Affiliate Marketing Made Simple: A Step-by-Step Guide",
      "link": "https://neilpatel.com/what-is-affiliate-marketing/",
      "displayed_link": "neilpatel.com › what-is-affiliate-marketing",
      "snippet": "Affiliate marketing is the process of earning a commission by promoting other ... For example, this happens if the merchant only manages their affiliate ... So, with this strategy, you have several chances of getting your consumers to buy your ...",
      "rich_snippet": {
        "bottom": {
          "questions": [
            "What is affiliate marketing?",
            "How much money can you make as an affiliate marketer?",
            "What are some of the most popular affilaite networks?",
            "Is affiliate marketing a pyramid scheme?"
          ]
        }
      }
    },
    {
      "position": 3,
      "title": "5 examples of affiliate marketing that will inspire you",
      "link": "https://www.ecommerce-nation.com/5-examples-affiliate-marketing/",
      "displayed_link": "www.ecommerce-nation.com › 5-examples-affiliate-marketing",
      "date": "Feb 20, 2019",
      "snippet": "You should know that 81% of brands use affiliate programs, according ... One of the best examples of affiliate marketing strategies is Every Day ...",
      "cached_page_link": "https://webcache.googleusercontent.com/search?q=cache:JMyVoIK86noJ:https://www.ecommerce-nation.com/5-examples-affiliate-marketing/+&cd=8&hl=en&ct=clnk&gl=us"
    },
    {
      "position": 4,
      "title": "5 Proven Affiliate Marketing Strategies - MonetizePros",
      "link": "https://monetizepros.com/affiliate-marketing/5-proven-affiliate-marketing-strategies/",
      "displayed_link": "monetizepros.com › affiliate-marketing › 5-proven-affiliate-marketin...",
      "date": "Jan 6, 2014",
      "snippet": "Learn 5 affiliate marketing strategies that you can use today. ... most popular affiliate marketing implementations, along with examples of each.",
      "cached_page_link": "https://webcache.googleusercontent.com/search?q=cache:iNzhcTuRdRAJ:https://monetizepros.com/affiliate-marketing/5-proven-affiliate-marketing-strategies/+&cd=17&hl=en&ct=clnk&gl=us",
      "related_pages_link": "https://www.google.com/search?q=related:https://monetizepros.com/affiliate-marketing/5-proven-affiliate-marketing-strategies/+affiliate+marketing+strategy+examples&tbo=1&sa=X&ved=2ahUKEwid1P-T_pTnAhULHaYKHULCDPoQHzAQegQIARAL"
    },
    {
      "position": 5,
      "title": "Affiliate Marketing - Venture Harbour",
      "link": "https://www.ventureharbour.com/10-steps-to-a-succesful-affiliate-marketing-strategy/",
      "displayed_link": "www.ventureharbour.com › 10-steps-to-a-succesful-affiliate-marketin...",
      "snippet": "10 Affiliate Marketing Strategies That Generated Us Over $1M in Income. Go one inch wide and one mile deep. Create content that your competition can't compete with. Build a brand that adds value to the consumer. Build a foundation of recurring affiliate revenue. Don't rely on a single traffic source. Be prepared for ...",
      "cached_page_link": "https://webcache.googleusercontent.com/search?q=cache:TLr_AJrLJVkJ:https://www.ventureharbour.com/10-steps-to-a-succesful-affiliate-marketing-strategy/+&cd=18&hl=en&ct=clnk&gl=us",
      "related_pages_link": "https://www.google.com/search?q=related:https://www.ventureharbour.com/10-steps-to-a-succesful-affiliate-marketing-strategy/+affiliate+marketing+strategy+examples&tbo=1&sa=X&ved=2ahUKEwid1P-T_pTnAhULHaYKHULCDPoQHzARegQIBBAJ"
    },
    {
      "position": 6,
      "title": "The Best Affiliate Marketing Strategies For Beginners ...",
      "link": "https://www.bforbloggers.com/the-affiliate-marketing-strategy/",
      "displayed_link": "www.bforbloggers.com › Blog › Affiliate Marketing",
      "date": "Feb 21, 2019",
      "snippet": "You'll learn some of the proven, smart affiliate marketing strategies you can start implementing as a ... Examples – Unbounce, SEMrush, etc. 4.",
      "cached_page_link": "https://webcache.googleusercontent.com/search?q=cache:oJ921ds5KisJ:https://www.bforbloggers.com/the-affiliate-marketing-strategy/+&cd=19&hl=en&ct=clnk&gl=us"
    },
    {
      "position": 7,
      "title": "5 Savvy Affiliate Marketing Techniques to Boost Your Business",
      "link": "https://partners.livechatinc.com/blog/affiliate-marketing-techniques-2017/",
      "displayed_link": "partners.livechatinc.com › blog › affiliate-marketing-techniques-2017",
      "date": "Jun 27, 2017",
      "snippet": "Wondering what affiliate marketing techniques are best for you? ... to market your products on; identifying around 50 strategic keywords for each affiliate product; ... at the top of a search results page (example from Google):.",
      "cached_page_link": "https://webcache.googleusercontent.com/search?q=cache:H-VcOQU5SIYJ:https://partners.livechatinc.com/blog/affiliate-marketing-techniques-2017/+&cd=20&hl=en&ct=clnk&gl=us"
    },
    {
      "position": 8,
      "title": "What is Affiliate Marketing and How can you make money from ...",
      "link": "https://makeawebsitehub.com/what-is-affiliate-marketing/",
      "displayed_link": "makeawebsitehub.com › what-is-affiliate-marketing",
      "snippet": "Below I will teach you what is affiliate marketing, examples of affiliate marketing in blogging, affiliate strategies and some of the top affiliate networks to join.",
      "cached_page_link": "https://webcache.googleusercontent.com/search?q=cache:dmtEjGQveMYJ:https://makeawebsitehub.com/what-is-affiliate-marketing/+&cd=21&hl=en&ct=clnk&gl=us",
      "related_pages_link": "https://www.google.com/search?q=related:https://makeawebsitehub.com/what-is-affiliate-marketing/+affiliate+marketing+strategy+examples&tbo=1&sa=X&ved=2ahUKEwid1P-T_pTnAhULHaYKHULCDPoQHzAUegQICBAJ"
    },
    {
      "position": 9,
      "title": "Affiliate marketing strategy | Smart Insights",
      "link": "https://www.smartinsights.com/affiliate-marketing/affiliate-marketing-strategy/",
      "displayed_link": "www.smartinsights.com › affiliate-marketing › affiliate-marketing-stra...",
      "snippet": "Every aspect of your marketing needs a strategy, so you need an affiliate ... pages giving details on best practices, statistics and examples for these techniques:.",
      "cached_page_link": "https://webcache.googleusercontent.com/search?q=cache:0-FMGM4xdaEJ:https://www.smartinsights.com/affiliate-marketing/affiliate-marketing-strategy/+&cd=22&hl=en&ct=clnk&gl=us"
    }
  ],
  "related_search_boxes": [
    {
      "position": 1,
      "query": "Tools for affiliate marketingView 3+ moreView 3+",
      "results": []
    },
    {
      "position": 2,
      "query": "Top affiliate marketing platforms",
      "results": []
    }
  ],
  "related_searches": [
    {
      "query": "affiliate marketing examples",
      "link": "https://www.google.com/search?q=affiliate+marketing+examples&sa=X&ved=2ahUKEwid1P-T_pTnAhULHaYKHULCDPoQ1QIoAHoECAsQAQ"
    },
    {
      "query": "what is affiliate marketing",
      "link": "https://www.google.com/search?q=what+is+affiliate+marketing&sa=X&ved=2ahUKEwid1P-T_pTnAhULHaYKHULCDPoQ1QIoAXoECAsQAg"
    },
    {
      "query": "affiliate marketing for beginners",
      "link": "https://www.google.com/search?q=affiliate+marketing+for+beginners&sa=X&ved=2ahUKEwid1P-T_pTnAhULHaYKHULCDPoQ1QIoAnoECAsQAw"
    },
    {
      "query": "how to start affiliate marketing",
      "link": "https://www.google.com/search?q=how+to+start+affiliate+marketing&sa=X&ved=2ahUKEwid1P-T_pTnAhULHaYKHULCDPoQ1QIoA3oECAsQBA"
    },
    {
      "query": "what is affiliate marketing and how does it work",
      "link": "https://www.google.com/search?q=what+is+affiliate+marketing+and+how+does+it+work&sa=X&ved=2ahUKEwid1P-T_pTnAhULHaYKHULCDPoQ1QIoBHoECAsQBQ"
    },
    {
      "query": "types of affiliate marketing strategies",
      "link": "https://www.google.com/search?q=types+of+affiliate+marketing+strategies&sa=X&ved=2ahUKEwid1P-T_pTnAhULHaYKHULCDPoQ1QIoBXoECAsQBg"
    },
    {
      "query": "affiliate marketing companies",
      "link": "https://www.google.com/search?q=affiliate+marketing+companies&sa=X&ved=2ahUKEwid1P-T_pTnAhULHaYKHULCDPoQ1QIoBnoECAsQBw"
    },
    {
      "query": "affiliate marketing experience",
      "link": "https://www.google.com/search?q=affiliate+marketing+experience&sa=X&ved=2ahUKEwid1P-T_pTnAhULHaYKHULCDPoQ1QIoB3oECAsQCA"
    }
  ],
  "pagination": {
    "current": 1,
    "next": "https://www.google.com/search?q=affiliate+marketing+strategy+examples&ei=rRUnXt3JA4u6mAXChLPQDw&start=10&sa=N&ved=2ahUKEwid1P-T_pTnAhULHaYKHULCDPoQ8NMDegQIExBB",
    "other_pages": {
      "2": "https://www.google.com/search?q=affiliate+marketing+strategy+examples&ei=rRUnXt3JA4u6mAXChLPQDw&start=10&sa=N&ved=2ahUKEwid1P-T_pTnAhULHaYKHULCDPoQ8tMDegQIExAv",
      "3": "https://www.google.com/search?q=affiliate+marketing+strategy+examples&ei=rRUnXt3JA4u6mAXChLPQDw&start=20&sa=N&ved=2ahUKEwid1P-T_pTnAhULHaYKHULCDPoQ8tMDegQIExAx",
      "4": "https://www.google.com/search?q=affiliate+marketing+strategy+examples&ei=rRUnXt3JA4u6mAXChLPQDw&start=30&sa=N&ved=2ahUKEwid1P-T_pTnAhULHaYKHULCDPoQ8tMDegQIExAz",
      "5": "https://www.google.com/search?q=affiliate+marketing+strategy+examples&ei=rRUnXt3JA4u6mAXChLPQDw&start=40&sa=N&ved=2ahUKEwid1P-T_pTnAhULHaYKHULCDPoQ8tMDegQIExA1",
      "6": "https://www.google.com/search?q=affiliate+marketing+strategy+examples&ei=rRUnXt3JA4u6mAXChLPQDw&start=50&sa=N&ved=2ahUKEwid1P-T_pTnAhULHaYKHULCDPoQ8tMDegQIExA3",
      "7": "https://www.google.com/search?q=affiliate+marketing+strategy+examples&ei=rRUnXt3JA4u6mAXChLPQDw&start=60&sa=N&ved=2ahUKEwid1P-T_pTnAhULHaYKHULCDPoQ8tMDegQIExA5",
      "8": "https://www.google.com/search?q=affiliate+marketing+strategy+examples&ei=rRUnXt3JA4u6mAXChLPQDw&start=70&sa=N&ved=2ahUKEwid1P-T_pTnAhULHaYKHULCDPoQ8tMDegQIExA7",
      "9": "https://www.google.com/search?q=affiliate+marketing+strategy+examples&ei=rRUnXt3JA4u6mAXChLPQDw&start=80&sa=N&ved=2ahUKEwid1P-T_pTnAhULHaYKHULCDPoQ8tMDegQIExA9",
      "10": "https://www.google.com/search?q=affiliate+marketing+strategy+examples&ei=rRUnXt3JA4u6mAXChLPQDw&start=90&sa=N&ved=2ahUKEwid1P-T_pTnAhULHaYKHULCDPoQ8tMDegQIExA_"
    }
  },
  "serpapi_pagination": {
    "current": 1,
    "next_link": "https://serpapi.com/search.json?device=desktop&engine=google&google_domain=google.com&q=affiliate+marketing+strategy+examples&start=10&token=fb73c53f0c166488",
    "next": "https://serpapi.com/search.json?device=desktop&engine=google&google_domain=google.com&q=affiliate+marketing+strategy+examples&start=10&token=fb73c53f0c166488",
    "other_pages": {
      "2": "https://serpapi.com/search.json?device=desktop&engine=google&google_domain=google.com&q=affiliate+marketing+strategy+examples&start=10&token=fb73c53f0c166488",
      "3": "https://serpapi.com/search.json?device=desktop&engine=google&google_domain=google.com&q=affiliate+marketing+strategy+examples&start=20&token=a65f260dbf9ba862",
      "4": "https://serpapi.com/search.json?device=desktop&engine=google&google_domain=google.com&q=affiliate+marketing+strategy+examples&start=30&token=9d946cb376fcb91b",
      "5": "https://serpapi.com/search.json?device=desktop&engine=google&google_domain=google.com&q=affiliate+marketing+strategy+examples&start=40&token=7eb5aeb20edcb804",
      "6": "https://serpapi.com/search.json?device=desktop&engine=google&google_domain=google.com&q=affiliate+marketing+strategy+examples&start=50&token=70fad4f97ad54304",
      "7": "https://serpapi.com/search.json?device=desktop&engine=google&google_domain=google.com&q=affiliate+marketing+strategy+examples&start=60&token=023d03b89f6613f0",
      "8": "https://serpapi.com/search.json?device=desktop&engine=google&google_domain=google.com&q=affiliate+marketing+strategy+examples&start=70&token=9a270dbfa7431f7b",
      "9": "https://serpapi.com/search.json?device=desktop&engine=google&google_domain=google.com&q=affiliate+marketing+strategy+examples&start=80&token=d1be042ba6638b45",
      "10": "https://serpapi.com/search.json?device=desktop&engine=google&google_domain=google.com&q=affiliate+marketing+strategy+examples&start=90&token=a1c79692c7f9784c"
    }
  }
}