{
  "search_metadata": {
    "id": "",
    "status": "Success",
    "json_endpoint": "",
    "created_at": "2020-01-21 13:55:21 UTC",
    "processed_at": "2020-01-21 13:55:21 UTC",
    "google_url": "https://www.google.com/search?q=affiliate+tracking&oq=affiliate+tracking&sourceid=chrome&ie=UTF-8",
    "raw_html_file": "",
    "total_time_taken": 3.13
  },
  "search_parameters": {
    "engine": "google",
    "q": "affiliate tracking",
    "google_domain": "google.com",
    "device": "desktop"
  },
  "search_information": {
    "organic_results_state": "Results for exact spelling",
    "total_results": 408000000,
    "time_taken_displayed": 0.59,
    "query_displayed": "affiliate tracking"
  },
  "ads": [
    {
      "position": 1,
      "block_position": "top",
      "title": "Affiliate Program Tracking | Get More Partners | impact.com‎",
      "link": "http://go.impact.com/Demo-PC-Grow-Affiliate-Program.html",
      "displayed_link": "go.impact.com/",
      "tracking_link": "https://www.google.com/aclk?sa=l&ai=DChcSEwjCs5qT7JTnAhXT_-MHHalCCAgYABAAGgJ5bQ&sig=AOD64_0wy2_SKMlAqrFBXKqkDINy9vyQLg&q=&ved=2ahUKEwiT3JKT7JTnAhVNAqwKHW7TDR4Q0Qx6BAgTEAE&adurl=",
      "description": "Grow your Program by Tracking the True Value Each Partnership and Affiliate Brings",
      "sitelinks": [
        {
          "title": "Download our eBook",
          "link": "http://go.impact.com/PDF-PM-CN-How-to-Shop-for-a-Partner-Marketing-Platform.html"
        },
        {
          "title": "Consolidate Partnerships",
          "link": "https://impact.com/manage-engage/"
        }
      ]
    },
    {
      "position": 2,
      "block_position": "top",
      "title": "World's #1 Affiliate Platform | Trusted by Fortune 500 Brands‎",
      "link": "https://www.getambassador.com/demo-request-affiliate",
      "displayed_link": "www.getambassador.com/affiliate/platform",
      "tracking_link": "https://www.google.com/aclk?sa=l&ai=DChcSEwjCs5qT7JTnAhXT_-MHHalCCAgYABADGgJ5bQ&sig=AOD64_2mMCGNMU4Bul6qf1x6_7kJqsCWcQ&q=&ved=2ahUKEwiT3JKT7JTnAhVNAqwKHW7TDR4Q0Qx6BAgWEAE&adurl=",
      "description": "Top rated software and an award-winning team to scale your affiliate marketing. Get more..."
    },
    {
      "position": 3,
      "block_position": "top",
      "title": "#1 Affiliate Tracker Software | Best Tracker Software 2020‎",
      "link": "https://www.postaffiliatepro.com/affiliate-tracker-software/",
      "displayed_link": "www.postaffiliatepro.com/",
      "tracking_link": "https://www.google.com/aclk?sa=l&ai=DChcSEwjCs5qT7JTnAhXT_-MHHalCCAgYABAEGgJ5bQ&sig=AOD64_2AqKkbH5iq0hVKK4c2CzGL8QwPig&q=&ved=2ahUKEwiT3JKT7JTnAhVNAqwKHW7TDR4Q0Qx6BAgXEAE&adurl=",
      "description": "We've Helped 30,000 Companies get more Sales by Creating their own Affiliate Programs."
    },
    {
      "position": 4,
      "block_position": "top",
      "title": "Try Voluum® Affiliate Tracker | All Campaign Data in One Place‎",
      "link": "https://voluum.com/lp/ad-tracking/",
      "displayed_link": "www.voluum.com/",
      "tracking_link": "https://www.google.com/aclk?sa=l&ai=DChcSEwjCs5qT7JTnAhXT_-MHHalCCAgYABAFGgJ5bQ&sig=AOD64_1jwF-ehDp-Bo1mbPpw1bLcwDIFiA&q=&ved=2ahUKEwiT3JKT7JTnAhVNAqwKHW7TDR4Q0Qx6BAgYEAE&adurl=",
      "description": "Track, Analize and Optimize All Your Traffic Sources and Affiliate Networks in One Place"
    },
    {
      "position": 5,
      "block_position": "bottom",
      "title": "Affiliate Tracking Software | Try TUNE Free for 30 Day‎",
      "link": "https://mkt.tune.com/sem-affiliate-marketing-software.html?utm_campaign=americas-demo&utm_source=google&utm_medium=cpc&utm_term=affiliate-marketing-software",
      "displayed_link": "mkt.tune.com/Software/Free-Trial",
      "tracking_link": "https://www.google.com/aclk?sa=l&ai=DChcSEwjCs5qT7JTnAhXT_-MHHalCCAgYABAGGgJ5bQ&sig=AOD64_2xi9yMYz4pum0fQsOqqkedC4yIyA&q=&ved=2ahUKEwiT3JKT7JTnAhVNAqwKHW7TDR4Q0Qx6BAgUEAE&adurl=",
      "description": "Premier Performance Marketing Software Trusted By Top Networks. Request A Demo! Multi-currency & language. Fully customizable. 99.9% uptime. Real time reporting. Cloud-based solution. Platform-wide API. Services: Affiliate Management, Affiliate Payment."
    },
    {
      "position": 6,
      "block_position": "bottom",
      "title": "Affiliate Tracking Software | Fast & Easy Setup‎",
      "link": "https://getcake.com/affiliate-tracking-demo/",
      "displayed_link": "www.getcake.com/",
      "tracking_link": "https://www.google.com/aclk?sa=l&ai=DChcSEwjCs5qT7JTnAhXT_-MHHalCCAgYABAHGgJ5bQ&sig=AOD64_0uMwAihC5b1712bfv8A-qLizsY_g&q=&ved=2ahUKEwiT3JKT7JTnAhVNAqwKHW7TDR4Q0Qx6BAgSEAE&adurl=",
      "description": "Global Affiliate Tracking Software Powering More Than 500 Affiliate Marketing Programs. Campaign Management, Customizable Affiliate Payments, Fraud Detection, Event Tracking. 24/7 Phone Support. Easy to use. Scalable Tracking. All-in-One Affiliate Tool.",
      "sitelinks": [
        {
          "title": "Affiliate Marketing",
          "link": "https://www.getcake.com/affiliate-marketing-software/?utm_source=google&utm_medium=cpc&utm_content=sl&utm_term=am"
        },
        {
          "title": "Request a Demo",
          "link": "https://www.getcake.com/affiliate-marketing-software-demo/?utm_source=google&utm_medium=cpc&utm_content=sl&utm_term=rd-am"
        },
        {
          "title": "Resources",
          "link": "https://getcake.com/resources/?utm_source=google&utm_medium=cpc&utm_content=sl&utm_term=rsc"
        },
        {
          "title": "Customer Support",
          "link": "https://getcake.com/support/?utm_source=google&utm_medium=cpc&utm_content=sl&utm_term=csp"
        }
      ]
    },
    {
      "position": 7,
      "block_position": "bottom",
      "title": "Affiliate Tracking? | Set up own Affiliate Marketing‎",
      "link": "https://tapfiliate.com/lp/affiliate-tracking-software/",
      "displayed_link": "www.tapfiliate.com/",
      "tracking_link": "https://www.google.com/aclk?sa=l&ai=DChcSEwjCs5qT7JTnAhXT_-MHHalCCAgYABAMGgJ5bQ&sig=AOD64_1alYNLPJTzmhzjhNgq5ekuDlqdrA&q=&ved=2ahUKEwiT3JKT7JTnAhVNAqwKHW7TDR4Q0Qx6BAgVEAE&adurl=",
      "description": "Sign up today and use our Affiliate System Software for your strategy. Modern & easy Affiliate Marketing software, start a free trial now! Seamless installation. Start affiliate programs. No commissions. More exposure & revenue. Trusted by many companies.",
      "sitelinks": [
        {
          "title": "E-Commerce Integrations",
          "link": "https://tapfiliate.com/docs/integrations/"
        },
        {
          "title": "Pricing plans",
          "link": "https://tapfiliate.com/pricing/"
        },
        {
          "title": "Incredible Features",
          "link": "https://tapfiliate.com/features/"
        },
        {
          "title": "14-day free trial",
          "link": "https://tapfiliate.com/signup/"
        }
      ]
    }
  ],
  "knowledge_graph": {
    "see_more_about": [
      {
        "title": null
      },
      {
        "title": null
      },
      {
        "title": null
      }
    ]
  },
  "related_questions": [
    {
      "question": "What is iDevAffiliate?",
      "snippet": "iDevAffiliate is a cross-platform affiliate tracking and commission management software that enables users to manage the commission and payout structure easily and more efficiently. ... A monthly training subscription includes video training for affiliates, enabling them to generate more revenue.Jul 25, 2019",
      "title": "iDevAffiliate Reviews: Overview, Pricing and Features",
      "link": "https://reviews.financesonline.com/p/idevaffiliate/",
      "displayed_link": "reviews.financesonline.com › idevaffiliate"
    },
    {
      "question": "Which affiliate network is best?",
      "snippet": "The Best Affiliate Networks in 2019ShareASale.ClickBank.CJ Affiliate (formerly Commission Junction)Amazon Associates.eBay Partner Network (EPN)FlexOffers.Pepperjam.Rakuten Marketing (formerly LinkShare)Sep 25, 2019",
      "title": "The 8 Best Affiliate Networks for Earning Passive Income in 2019",
      "link": "https://smartblogger.com/affiliate-networks/",
      "displayed_link": "smartblogger.com › affiliate-networks"
    },
    {
      "question": "What is LeadDyno?",
      "snippet": "LeadDyno is a platform that automatically runs affiliate programs, tracking them from lead sources. The system, which works with any website, is very useful in affiliate recruitment, aiding them in promoting and increasing returns via social sharing.Sep 9, 2019",
      "title": "LeadDyno Reviews: Overview, Pricing and Features",
      "link": "https://reviews.financesonline.com/p/leaddyno/",
      "displayed_link": "reviews.financesonline.com › leaddyno"
    },
    {
      "question": "What is Everflow?",
      "snippet": "Everflow is a cloud-based affiliate management and partner tracking platform that brings monitoring, analysis and automation capabilities to affiliate marketers, advertisers, agencies and publishers.Sep 12, 2019",
      "title": "Everflow Reviews: Overview, Pricing and Features",
      "link": "https://reviews.financesonline.com/p/everflow/",
      "displayed_link": "reviews.financesonline.com › everflow"
    }
  ],
  "organic_results": [
    {
      "position": 1,
      "title": "Tapfiliate: Affiliate Tracking Software",
      "link": "https://tapfiliate.com/",
      "displayed_link": "tapfiliate.com",
      "snippet": "Create, track and grow your affiliate program. Tapfiliate helps businesses and influencers grow together, through affiliate marketing.",
      "sitelinks": {
        "inline": [
          {
            "title": "Pricing",
            "link": "https://tapfiliate.com/pricing/"
          },
          {
            "title": "Log in",
            "link": "https://tapfiliate.com/login"
          },
          {
            "title": "Features",
            "link": "https://tapfiliate.com/features/"
          },
          {
            "title": "Docs",
            "link": "https://tapfiliate.com/docs/"
          }
        ]
      },
      "cached_page_link": "https://webcache.googleusercontent.com/search?q=cache:6unKbBc7vocJ:https://tapfiliate.com/+&cd=1&hl=en&ct=clnk&gl=us",
      "related_pages_link": "https://www.google.com/search?q=related:https://tapfiliate.com/+affiliate+tracking&tbo=1&sa=X&ved=2ahUKEwiT3JKT7JTnAhVNAqwKHW7TDR4QHzAAegQIBBAH"
    },
    {
      "position": 2,
      "title": "The 7 Most Trusted Affiliate Tracking Software Solutions for 2019",
      "link": "https://www.namogoo.com/blog/the-7-most-trusted-affiliate-tracking-solutions-for-2019/",
      "displayed_link": "www.namogoo.com › eCommerce Hub › Consumer Data Insights",
      "date": "Jan 14, 2019",
      "snippet": "Not all is upward trending revenue graphs. Issues like click attribution, ad fraud, and conversion tracking have become commonplace. See the ...",
      "cached_page_link": "https://webcache.googleusercontent.com/search?q=cache:T2VEXiDVjccJ:https://www.namogoo.com/blog/the-7-most-trusted-affiliate-tracking-solutions-for-2019/+&cd=2&hl=en&ct=clnk&gl=us"
    },
    {
      "position": 3,
      "title": "Affiliate Tracking & Affiliate Program Software",
      "link": "https://www.postaffiliatepro.com/",
      "displayed_link": "www.postaffiliatepro.com",
      "snippet": "Post Affiliate Pro is the #1 ranked affiliate software, trusted by more than 30000 companies worldwide. Start your affiliate program now.",
      "sitelinks": {
        "inline": [
          {
            "title": "Pricing",
            "link": "https://www.postaffiliatepro.com/pricing/"
          },
          {
            "title": "Features",
            "link": "https://www.postaffiliatepro.com/features"
          },
          {
            "title": "Testimonials",
            "link": "https://www.postaffiliatepro.com/testimonials/"
          },
          {
            "title": "Blog",
            "link": "https://www.postaffiliatepro.com/blog/"
          }
        ]
      },
      "cached_page_link": "https://webcache.googleusercontent.com/search?q=cache:3Eo3VVXKIsAJ:https://www.postaffiliatepro.com/+&cd=3&hl=en&ct=clnk&gl=us",
      "related_pages_link": "https://www.google.com/search?q=related:https://www.postaffiliatepro.com/+affiliate+tracking&tbo=1&sa=X&ved=2ahUKEwiT3JKT7JTnAhVNAqwKHW7TDR4QHzACegQIAxAH"
    },
    {
      "position": 4,
      "title": "Top 10 Affiliate Marketing Tracking Software Platforms",
      "link": "https://www.entrepreneur.com/article/291042",
      "displayed_link": "www.entrepreneur.com › article",
      "date": "Mar 24, 2017",
      "snippet": "Affiliate marketing is one of the most popular means of making some extra income online and letting people know about your ...",
      "cached_page_link": "https://webcache.googleusercontent.com/search?q=cache:-Vrm5nwxwrsJ:https://www.entrepreneur.com/article/291042+&cd=4&hl=en&ct=clnk&gl=us",
      "related_pages_link": "https://www.google.com/search?q=related:https://www.entrepreneur.com/article/291042+affiliate+tracking&tbo=1&sa=X&ved=2ahUKEwiT3JKT7JTnAhVNAqwKHW7TDR4QHzADegQIBRAJ"
    },
    {
      "position": 5,
      "title": "iDevAffiliate: Affiliate Tracking Software | Affiliate Marketing ...",
      "link": "https://www.idevdirect.com/",
      "displayed_link": "www.idevdirect.com",
      "snippet": "Affiliate software designed for you to operate your own affiliate program. Track and commission your affiliates, influencers and brand ambassadors.",
      "sitelinks": {
        "inline": [
          {
            "title": "Pricing",
            "link": "https://www.idevdirect.com/pricing.php"
          },
          {
            "title": "Features",
            "link": "https://www.idevdirect.com/idevaffiliate.php"
          },
          {
            "title": "Demo",
            "link": "https://www.idevdirect.com/demo.php"
          },
          {
            "title": "Plugins",
            "link": "https://www.idevdirect.com/idevaffiliate-seo-plugin.php"
          }
        ]
      },
      "cached_page_link": "https://webcache.googleusercontent.com/search?q=cache:ZurUKp3ix5kJ:https://www.idevdirect.com/+&cd=5&hl=en&ct=clnk&gl=us"
    },
    {
      "position": 6,
      "title": "Best Affiliate Software | 2020 Reviews of the Most Popular ...",
      "link": "https://www.capterra.com/affiliate-software/",
      "displayed_link": "www.capterra.com › affiliate-software",
      "snippet": "Find and compare Affiliate software. Free ... Affiliate Payment Automation ... Scaleo is a revolutionary cloud-based Affiliate Tracking & Management Solution.",
      "cached_page_link": "https://webcache.googleusercontent.com/search?q=cache:McPAAkl41GYJ:https://www.capterra.com/affiliate-software/+&cd=6&hl=en&ct=clnk&gl=us"
    },
    {
      "position": 7,
      "title": "Affiliate tracking software - Wikipedia",
      "link": "https://en.wikipedia.org/wiki/Affiliate_tracking_software",
      "displayed_link": "en.wikipedia.org › wiki › Affiliate_tracking_software",
      "snippet": "Affiliate Tracking Software is used to track the referral, endorsement or recommendation made by one person or company to buy products or services from ...",
      "cached_page_link": "https://webcache.googleusercontent.com/search?q=cache:tFfiLm61zM8J:https://en.wikipedia.org/wiki/Affiliate_tracking_software+&cd=7&hl=en&ct=clnk&gl=us",
      "related_pages_link": "https://www.google.com/search?q=related:https://en.wikipedia.org/wiki/Affiliate_tracking_software+affiliate+tracking&tbo=1&sa=X&ved=2ahUKEwiT3JKT7JTnAhVNAqwKHW7TDR4QHzAGegQIBxAJ"
    },
    {
      "position": 8,
      "title": "The Best Affiliate Tracking Software Tools - Digital.com",
      "link": "https://digital.com/blog/affiliate-tracking/",
      "displayed_link": "digital.com › blog › affiliate-tracking",
      "date": "Dec 3, 2019",
      "snippet": "To succeed in affiliate marketing you need quality affiliate tracking software and a good affiliate network. Discover 21 of the best affiliate ...",
      "rich_snippet": {
        "bottom": {
          "questions": [
            "Where can I find affiliate products to promote?",
            "What percentage does Amazon pay affiliates?"
          ]
        }
      }
    },
    {
      "position": 9,
      "title": "LeadDyno - Easy Affiliate Marketing & Instant Affiliate Network",
      "link": "https://www.leaddyno.com/",
      "displayed_link": "www.leaddyno.com",
      "snippet": "As you probably know by now, most affiliate tracking software is pretty complex to get setup! You won't have any setup issues with LeadDyno. We designed it to ...",
      "cached_page_link": "https://webcache.googleusercontent.com/search?q=cache:4D6HGX_7PnUJ:https://www.leaddyno.com/+&cd=10&hl=en&ct=clnk&gl=us",
      "related_pages_link": "https://www.google.com/search?q=related:https://www.leaddyno.com/+affiliate+tracking&tbo=1&sa=X&ved=2ahUKEwiT3JKT7JTnAhVNAqwKHW7TDR4QHzAJegQIARAH"
    }
  ],
  "related_search_boxes": [
    {
      "position": 1,
      "query": "View 1+ moreView 1+",
      "results": []
    },
    {
      "position": 2,
      "query": "Top affiliate marketing platforms",
      "results": []
    }
  ],
  "related_searches": [
    {
      "query": "affiliate tracking software open source",
      "link": "https://www.google.com/search?q=affiliate+tracking+software+open+source&sa=X&ved=2ahUKEwiT3JKT7JTnAhVNAqwKHW7TDR4Q1QIoAHoECBkQAQ"
    },
    {
      "query": "simple affiliate tracking software",
      "link": "https://www.google.com/search?q=simple+affiliate+tracking+software&sa=X&ved=2ahUKEwiT3JKT7JTnAhVNAqwKHW7TDR4Q1QIoAXoECBkQAg"
    },
    {
      "query": "affordable affiliate tracking software",
      "link": "https://www.google.com/search?q=affordable+affiliate+tracking+software&sa=X&ved=2ahUKEwiT3JKT7JTnAhVNAqwKHW7TDR4Q1QIoAnoECBkQAw"
    },
    {
      "query": "automated affiliate marketing software",
      "link": "https://www.google.com/search?q=automated+affiliate+marketing+software&sa=X&ved=2ahUKEwiT3JKT7JTnAhVNAqwKHW7TDR4Q1QIoA3oECBkQBA"
    },
    {
      "query": "self hosted affiliate software",
      "link": "https://www.google.com/search?q=self+hosted+affiliate+software&sa=X&ved=2ahUKEwiT3JKT7JTnAhVNAqwKHW7TDR4Q1QIoBHoECBkQBQ"
    },
    {
      "query": "post affiliate pro merchant login",
      "link": "https://www.google.com/search?q=post+affiliate+pro+merchant+login&sa=X&ved=2ahUKEwiT3JKT7JTnAhVNAqwKHW7TDR4Q1QIoBXoECBkQBg"
    },
    {
      "query": "affiliate tracker",
      "link": "https://www.google.com/search?q=affiliate+tracker&sa=X&ved=2ahUKEwiT3JKT7JTnAhVNAqwKHW7TDR4Q1QIoBnoECBkQBw"
    },
    {
      "query": "in house affiliate program",
      "link": "https://www.google.com/search?q=in+house+affiliate+program&sa=X&ved=2ahUKEwiT3JKT7JTnAhVNAqwKHW7TDR4Q1QIoB3oECBkQCA"
    }
  ],
  "pagination": {
    "current": 1,
    "next": "https://www.google.com/search?q=affiliate+tracking&ei=ywInXtPKGs2EsAXuprfwAQ&start=10&sa=N&ved=2ahUKEwiT3JKT7JTnAhVNAqwKHW7TDR4Q8NMDegQIERBC",
    "other_pages": {
      "2": "https://www.google.com/search?q=affiliate+tracking&ei=ywInXtPKGs2EsAXuprfwAQ&start=10&sa=N&ved=2ahUKEwiT3JKT7JTnAhVNAqwKHW7TDR4Q8tMDegQIERAw",
      "3": "https://www.google.com/search?q=affiliate+tracking&ei=ywInXtPKGs2EsAXuprfwAQ&start=20&sa=N&ved=2ahUKEwiT3JKT7JTnAhVNAqwKHW7TDR4Q8tMDegQIERAy",
      "4": "https://www.google.com/search?q=affiliate+tracking&ei=ywInXtPKGs2EsAXuprfwAQ&start=30&sa=N&ved=2ahUKEwiT3JKT7JTnAhVNAqwKHW7TDR4Q8tMDegQIERA0",
      "5": "https://www.google.com/search?q=affiliate+tracking&ei=ywInXtPKGs2EsAXuprfwAQ&start=40&sa=N&ved=2ahUKEwiT3JKT7JTnAhVNAqwKHW7TDR4Q8tMDegQIERA2",
      "6": "https://www.google.com/search?q=affiliate+tracking&ei=ywInXtPKGs2EsAXuprfwAQ&start=50&sa=N&ved=2ahUKEwiT3JKT7JTnAhVNAqwKHW7TDR4Q8tMDegQIERA4",
      "7": "https://www.google.com/search?q=affiliate+tracking&ei=ywInXtPKGs2EsAXuprfwAQ&start=60&sa=N&ved=2ahUKEwiT3JKT7JTnAhVNAqwKHW7TDR4Q8tMDegQIERA6",
      "8": "https://www.google.com/search?q=affiliate+tracking&ei=ywInXtPKGs2EsAXuprfwAQ&start=70&sa=N&ved=2ahUKEwiT3JKT7JTnAhVNAqwKHW7TDR4Q8tMDegQIERA8",
      "9": "https://www.google.com/search?q=affiliate+tracking&ei=ywInXtPKGs2EsAXuprfwAQ&start=80&sa=N&ved=2ahUKEwiT3JKT7JTnAhVNAqwKHW7TDR4Q8tMDegQIERA-",
      "10": "https://www.google.com/search?q=affiliate+tracking&ei=ywInXtPKGs2EsAXuprfwAQ&start=90&sa=N&ved=2ahUKEwiT3JKT7JTnAhVNAqwKHW7TDR4Q8tMDegQIERBA"
    }
  },
  "serpapi_pagination": {
    "current": 1,
    "next_link": "https://serpapi.com/search.json?device=desktop&engine=google&google_domain=google.com&q=affiliate+tracking&start=10&token=5c05b47eb62aa17a",
    "next": "https://serpapi.com/search.json?device=desktop&engine=google&google_domain=google.com&q=affiliate+tracking&start=10&token=5c05b47eb62aa17a",
    "other_pages": {
      "2": "https://serpapi.com/search.json?device=desktop&engine=google&google_domain=google.com&q=affiliate+tracking&start=10&token=5c05b47eb62aa17a",
      "3": "https://serpapi.com/search.json?device=desktop&engine=google&google_domain=google.com&q=affiliate+tracking&start=20&token=8c567172c70e1c5d",
      "4": "https://serpapi.com/search.json?device=desktop&engine=google&google_domain=google.com&q=affiliate+tracking&start=30&token=0a69885e08216a13",
      "5": "https://serpapi.com/search.json?device=desktop&engine=google&google_domain=google.com&q=affiliate+tracking&start=40&token=339ccfae9135d1b3",
      "6": "https://serpapi.com/search.json?device=desktop&engine=google&google_domain=google.com&q=affiliate+tracking&start=50&token=fa718f563fdbe37f",
      "7": "https://serpapi.com/search.json?device=desktop&engine=google&google_domain=google.com&q=affiliate+tracking&start=60&token=0dcd37a724bdd8d2",
      "8": "https://serpapi.com/search.json?device=desktop&engine=google&google_domain=google.com&q=affiliate+tracking&start=70&token=2d5faf38a7ecda68",
      "9": "https://serpapi.com/search.json?device=desktop&engine=google&google_domain=google.com&q=affiliate+tracking&start=80&token=f21927ffd76e48ba",
      "10": "https://serpapi.com/search.json?device=desktop&engine=google&google_domain=google.com&q=affiliate+tracking&start=90&token=883cda05214d96c8"
    }
  }
}