{
  "search_metadata": {
    "id": "",
    "status": "Success",
    "json_endpoint": "",
    "created_at": "2020-01-21 14:07:56 UTC",
    "processed_at": "2020-01-21 14:07:56 UTC",
    "google_url": "https://www.google.com/search?q=affiliate+marketing+salary&oq=affiliate+marketing+salary&sourceid=chrome&ie=UTF-8",
    "raw_html_file": "",
    "total_time_taken": 1.85
  },
  "search_parameters": {
    "engine": "google",
    "q": "affiliate marketing salary",
    "google_domain": "google.com",
    "device": "desktop"
  },
  "search_information": {
    "organic_results_state": "Results for exact spelling",
    "total_results": 13700000,
    "time_taken_displayed": 0.54,
    "query_displayed": "affiliate marketing salary"
  },
  "knowledge_graph": {},
  "related_questions": [
    {
      "question": "How do I become an affiliate marketer?",
      "snippet": "Here's a quick recap of what you need to do:Choose your niche.Research different affiliate programs and products.Build a site.Produce excellent content.Build an audience.Promote your affiliate product(s).Repeat steps #4–7 on a continual basis!Oct 17, 2018",
      "title": "Affiliate Marketing for Beginners: How to Make Your First Affiliate ...",
      "link": "https://www.affilorama.com/blog/first-affiliate-marketing-sale",
      "displayed_link": "www.affilorama.com › blog › first-affiliate-marketing-sale"
    },
    {
      "question": "How much do you make in marketing?",
      "snippet": "Marketing Managers earned an average salary of $145,620 in 2017. Comparable jobs earned the following average salary in 2017: Sales Managers made $137,650, Business Operations Managers made $123,460, Management Analysts made $93,440, and Market Research Analysts made $71,450.",
      "title": "Marketing Manager Salary Information | US News Best Jobs",
      "link": "https://money.usnews.com/careers/best-jobs/marketing-manager/salary",
      "displayed_link": "money.usnews.com › careers › best-jobs › marketing-manager › salary"
    },
    {
      "question": "Can affiliate marketing make money?",
      "snippet": "Yes, you can make money through affiliate marketing. Good money. And, yes, you can even make money while you sleep. ... If you're already into affiliate marketing, you'll probably still find something in here you haven't thought of before.May 11, 2019",
      "title": "How to Make Money While You Sleep With Affiliate Marketing",
      "link": "https://optinmonster.com/get-started-with-affiliate-marketing/",
      "displayed_link": "optinmonster.com › get-started-with-affiliate-marketing"
    },
    {
      "question": "How much do affiliate managers make?",
      "snippet": "The average pay for an Affiliate Manager is $16.00 per hour. The average pay for an Affiliate Manager is $54,983 per year. Is Affiliate Manager your job title? Get a personalized salary report!",
      "title": "Affiliate Manager Salary | PayScale",
      "link": "https://www.payscale.com/research/US/Job=Affiliate_Manager/Salary",
      "displayed_link": "www.payscale.com › research › Job=Affiliate_Manager › Salary"
    }
  ],
  "organic_results": [
    {
      "position": 1,
      "title": "Salary: Affiliate Marketing | Glassdoor",
      "link": "https://www.glassdoor.com/Salaries/affiliate-marketing-salary-SRCH_KO0,19.htm",
      "displayed_link": "www.glassdoor.com › Salaries › affiliate-marketing-salary-SRCH_KO...",
      "date": "Oct 24, 2019",
      "snippet": "57 Affiliate Marketing Salaries provided anonymously by employees. What salary does a Affiliate Marketing earn in your area?",
      "cached_page_link": "https://webcache.googleusercontent.com/search?q=cache:MwVETsgLGGcJ:https://www.glassdoor.com/Salaries/affiliate-marketing-salary-SRCH_KO0,19.htm+&cd=2&hl=en&ct=clnk&gl=us"
    },
    {
      "position": 2,
      "title": "Salary: Affiliate Marketing Manager | Glassdoor",
      "link": "https://www.glassdoor.com/Salaries/affiliate-marketing-manager-salary-SRCH_KO0,27.htm",
      "displayed_link": "www.glassdoor.com › Salaries › affiliate-marketing-manager-salary-S...",
      "date": "Oct 24, 2019",
      "snippet": "21 Affiliate Marketing Manager Salaries provided anonymously by employees. What salary does a Affiliate Marketing Manager earn in your ...",
      "cached_page_link": "https://webcache.googleusercontent.com/search?q=cache:VmTh6m43laAJ:https://www.glassdoor.com/Salaries/affiliate-marketing-manager-salary-SRCH_KO0,27.htm+&cd=11&hl=en&ct=clnk&gl=us",
      "related_pages_link": "https://www.google.com/search?q=related:https://www.glassdoor.com/Salaries/affiliate-marketing-manager-salary-SRCH_KO0,27.htm+affiliate+marketing+salary&tbo=1&sa=X&ved=2ahUKEwj-3uT67pTnAhXDGs0KHWNRBRIQHzAKegQIBBAL"
    },
    {
      "position": 3,
      "title": "Affiliate Marketing Annual Salary ($66,070 Avg | Jan 2020 ...",
      "link": "https://www.ziprecruiter.com/Salaries/Affiliate-Marketing-Salary",
      "displayed_link": "www.ziprecruiter.com › Salaries › Affiliate-Marketing-Salary",
      "snippet": "How much do Affiliate Marketing jobs pay a year? The average annual pay for an Affiliate Marketing Job in the US is $66070 a year.",
      "cached_page_link": "https://webcache.googleusercontent.com/search?q=cache:-irjleQLRRsJ:https://www.ziprecruiter.com/Salaries/Affiliate-Marketing-Salary+&cd=12&hl=en&ct=clnk&gl=us"
    },
    {
      "position": 4,
      "title": "Average Affiliate Marketing Manager Salaries in the United ...",
      "link": "https://www.indeed.com/salaries/affiliate-marketing-manager-Salaries",
      "displayed_link": "www.indeed.com › salaries › affiliate-marketing-manager-Salaries",
      "date": "4 days ago",
      "snippet": "The average salary for an Affiliate Marketing Manager is $61,952 per year in the United States.",
      "cached_page_link": "https://webcache.googleusercontent.com/search?q=cache:1dzAa4YHkWUJ:https://www.indeed.com/salaries/affiliate-marketing-manager-Salaries+&cd=13&hl=en&ct=clnk&gl=us"
    },
    {
      "position": 5,
      "title": "Online Affiliate Marketing Manager Salary | PayScale",
      "link": "https://www.payscale.com/research/US/Job=Online_Affiliate_Marketing_Manager/Salary",
      "displayed_link": "www.payscale.com › research › Salary",
      "date": "Dec 3, 2019",
      "snippet": "The average salary for an Online Affiliate Marketing Manager is $55533. Visit PayScale to research online affiliate marketing manager salaries ...",
      "cached_page_link": "https://webcache.googleusercontent.com/search?q=cache:EpcnrufWRR8J:https://www.payscale.com/research/US/Job%3DOnline_Affiliate_Marketing_Manager/Salary+&cd=14&hl=en&ct=clnk&gl=us"
    },
    {
      "position": 6,
      "title": "Affiliate Marketer Salary | PayScale",
      "link": "https://www.payscale.com/research/US/Job=Affiliate_Marketer/Salary",
      "displayed_link": "www.payscale.com › research › Job=Affiliate_Marketer › Salary",
      "snippet": "Visit PayScale to research affiliate marketer salaries by city, experience, skill, employer and ... Use our tool to get a personalized report on your market worth.",
      "cached_page_link": "https://webcache.googleusercontent.com/search?q=cache:FZqgV5_30-MJ:https://www.payscale.com/research/US/Job%3DAffiliate_Marketer/Salary+&cd=15&hl=en&ct=clnk&gl=us"
    },
    {
      "position": 7,
      "title": "The Average Affiliate Marketing Salary | Warrior Forum - The #1 ...",
      "link": "https://www.warriorforum.com/articles/806094-average-affiliate-marketing-salary.html",
      "displayed_link": "www.warriorforum.com › articles › 806094-average-affiliate-marketi...",
      "snippet": "Do you know what the average affiliate marketing salary is? I'm sure you've heard of those affiliates who are making huge sums o.",
      "cached_page_link": "https://webcache.googleusercontent.com/search?q=cache:Wv6vQArhH6QJ:https://www.warriorforum.com/articles/806094-average-affiliate-marketing-salary.html+&cd=16&hl=en&ct=clnk&gl=us"
    },
    {
      "position": 8,
      "title": "Hourly wage for Affiliate Marketing Manager | Salary.com",
      "link": "https://www.salary.com/research/salary/recruiting/affiliate-marketing-manager-hourly-wages",
      "displayed_link": "www.salary.com › ... › Affiliate Marketing Manager",
      "snippet": "The average hourly wage for an Affiliate Marketing Manager in the United States is $30 as of December 26, 2019, but the salary range typically falls between ...",
      "cached_page_link": "https://webcache.googleusercontent.com/search?q=cache:o1LJPi6t6-oJ:https://www.salary.com/research/salary/recruiting/affiliate-marketing-manager-hourly-wages+&cd=17&hl=en&ct=clnk&gl=us"
    },
    {
      "position": 9,
      "title": "Can You Really Make Money with Affiliate Marketing?",
      "link": "https://www.thebalancesmb.com/can-you-really-make-money-with-affiliate-marketing-1794168",
      "displayed_link": "www.thebalancesmb.com › ... › Home Business Ideas › Ideas",
      "snippet": "Check out the truth about affiliate marketing including pros/cons, and tips to getting started and succeeding in affiliate marketing.",
      "cached_page_link": "https://webcache.googleusercontent.com/search?q=cache:aCOscJyPEbkJ:https://www.thebalancesmb.com/can-you-really-make-money-with-affiliate-marketing-1794168+&cd=18&hl=en&ct=clnk&gl=us"
    },
    {
      "position": 10,
      "title": "How Much Can You Earn From Affiliate Marketing? | Finch Sells",
      "link": "https://finchsells.com/2013/10/10/how-much-can-you-earn-from-affiliate-marketing/",
      "displayed_link": "finchsells.com › 2013/10/10 › how-much-can-you-earn-from-affiliate...",
      "date": "Oct 10, 2013",
      "snippet": "If this is your first day of affiliate marketing and you earn $1000, don't assume that ... Your current earnings, in relation to a salary, are $2.73/day.",
      "cached_page_link": "https://webcache.googleusercontent.com/search?q=cache:HAY5eEXw76IJ:https://finchsells.com/2013/10/10/how-much-can-you-earn-from-affiliate-marketing/+&cd=19&hl=en&ct=clnk&gl=us",
      "related_pages_link": "https://www.google.com/search?q=related:https://finchsells.com/2013/10/10/how-much-can-you-earn-from-affiliate-marketing/+affiliate+marketing+salary&tbo=1&sa=X&ved=2ahUKEwj-3uT67pTnAhXDGs0KHWNRBRIQHzASegQICBAJ"
    }
  ],
  "related_searches": [
    {
      "query": "amazon affiliate marketing salary",
      "link": "https://www.google.com/search?q=amazon+affiliate+marketing+salary&sa=X&ved=2ahUKEwj-3uT67pTnAhXDGs0KHWNRBRIQ1QIoAHoECAwQAQ"
    },
    {
      "query": "affiliate marketing average income 2017",
      "link": "https://www.google.com/search?q=affiliate+marketing+average+income+2017&sa=X&ved=2ahUKEwj-3uT67pTnAhXDGs0KHWNRBRIQ1QIoAXoECAwQAg"
    },
    {
      "query": "affiliate marketing for beginners",
      "link": "https://www.google.com/search?q=affiliate+marketing+for+beginners&sa=X&ved=2ahUKEwj-3uT67pTnAhXDGs0KHWNRBRIQ1QIoAnoECAwQAw"
    },
    {
      "query": "affiliate marketing jobs",
      "link": "https://www.google.com/search?q=affiliate+marketing+jobs&sa=X&ved=2ahUKEwj-3uT67pTnAhXDGs0KHWNRBRIQ1QIoA3oECAwQBA"
    },
    {
      "query": "affiliate online marketing",
      "link": "https://www.google.com/search?q=affiliate+online+marketing&sa=X&ved=2ahUKEwj-3uT67pTnAhXDGs0KHWNRBRIQ1QIoBHoECAwQBQ"
    },
    {
      "query": "affiliate marketing amazon",
      "link": "https://www.google.com/search?q=affiliate+marketing+amazon&sa=X&ved=2ahUKEwj-3uT67pTnAhXDGs0KHWNRBRIQ1QIoBXoECAwQBg"
    },
    {
      "query": "affiliate marketing manager",
      "link": "https://www.google.com/search?q=affiliate+marketing+manager&sa=X&ved=2ahUKEwj-3uT67pTnAhXDGs0KHWNRBRIQ1QIoBnoECAwQBw"
    },
    {
      "query": "affiliate marketing reddit",
      "link": "https://www.google.com/search?q=affiliate+marketing+reddit&sa=X&ved=2ahUKEwj-3uT67pTnAhXDGs0KHWNRBRIQ1QIoB3oECAwQCA"
    }
  ],
  "pagination": {
    "current": 1,
    "next": "https://www.google.com/search?q=affiliate+marketing+salary&ei=vQUnXr6MKMO1tAbjopWQAQ&start=10&sa=N&ved=2ahUKEwj-3uT67pTnAhXDGs0KHWNRBRIQ8NMDegQIDhAy",
    "other_pages": {
      "2": "https://www.google.com/search?q=affiliate+marketing+salary&ei=vQUnXr6MKMO1tAbjopWQAQ&start=10&sa=N&ved=2ahUKEwj-3uT67pTnAhXDGs0KHWNRBRIQ8tMDegQIDhAu",
      "3": "https://www.google.com/search?q=affiliate+marketing+salary&ei=vQUnXr6MKMO1tAbjopWQAQ&start=20&sa=N&ved=2ahUKEwj-3uT67pTnAhXDGs0KHWNRBRIQ8tMDegQIDhAw"
    }
  },
  "serpapi_pagination": {
    "current": 1,
    "next_link": "https://serpapi.com/search.json?device=desktop&engine=google&google_domain=google.com&q=affiliate+marketing+salary&start=10&token=da25569cdf3c9018",
    "next": "https://serpapi.com/search.json?device=desktop&engine=google&google_domain=google.com&q=affiliate+marketing+salary&start=10&token=da25569cdf3c9018",
    "other_pages": {
      "2": "https://serpapi.com/search.json?device=desktop&engine=google&google_domain=google.com&q=affiliate+marketing+salary&start=10&token=da25569cdf3c9018",
      "3": "https://serpapi.com/search.json?device=desktop&engine=google&google_domain=google.com&q=affiliate+marketing+salary&start=20&token=207957a5a5fac1bc"
    }
  }
}