{
  "search_metadata": {
    "id": "",
    "status": "Success",
    "json_endpoint": "",
    "created_at": "2020-01-21 15:09:37 UTC",
    "processed_at": "2020-01-21 15:09:37 UTC",
    "google_url": "https://www.google.com/search?q=affiliate+discount&oq=affiliate+discount&sourceid=chrome&ie=UTF-8",
    "raw_html_file": "",
    "total_time_taken": 1.69
  },
  "search_parameters": {
    "engine": "google",
    "q": "affiliate discount",
    "google_domain": "google.com",
    "device": "desktop"
  },
  "search_information": {
    "organic_results_state": "Results for exact spelling",
    "total_results": 503000000,
    "time_taken_displayed": 0.49,
    "query_displayed": "affiliate discount"
  },
  "knowledge_graph": {},
  "related_questions": [
    {
      "question": "What are the highest paying affiliate programs?",
      "snippet": "Fat referral fees. No matter how you say it, these affiliate marketing programs offer some of the highest commissions available....Highest paying affiliate programsSpocket Partner Program. ... ClickFunnels Affiliate Program. ... Wealthy Affiliate Program. ... Constant Contact. ... Media.net. ... Leadpages. ... Shopify Affiliate Program.More items...",
      "title": "The 67+ Best Affiliate Programs of 2019 (Highest Paying)",
      "link": "https://www.forexreferral.com/best-affiliate-programs",
      "displayed_link": "www.forexreferral.com › best-affiliate-programs"
    },
    {
      "question": "What percentage do affiliate programs pay?",
      "snippet": "Taking into account a variety of factors, an average affiliate commission rate should be somewhere between 5% to 30%. Here's a rundown of the factors that will change the average affiliate commission rates you're coming across online.",
      "title": "The Ultimate Breakdown of Average Affiliate Commission Rates ...",
      "link": "https://cospot.com/affiliate/average-affiliate-commission-rates/",
      "displayed_link": "cospot.com › affiliate › average-affiliate-commission-rates"
    },
    {
      "question": "Which is best affiliate program?",
      "snippet": "Let's get into the top 15 affiliate websites any level of blogger can benefit from.ShareASale Affiliates. ... Amazon Associates. ... eBay Partners. ... Shopify Affiliate Program. ... Clickbank. ... Rakuten Marketing Affiliates. ... Leadpages Partner Program. ... StudioPress Affiliate Website.More items...•Sep 27, 2019",
      "title": "Top 15 Affiliate Marketing Websites & Programs For 2019 | Solvid",
      "link": "https://solvid.co.uk/top-affiliate-marketing-websites-and-programs/",
      "displayed_link": "solvid.co.uk › top-affiliate-marketing-websites-and-programs"
    },
    {
      "question": "What does it mean to be an affiliate?",
      "snippet": "Definition: A way for a company to sell its products by signing up individuals or companies (\"affiliates\") who market the company's products for a commission. There are two ways to approach affiliate marketing: You can offer an affiliate program to others or you can sign up to be another business's affiliate.",
      "title": "Affiliate Marketing Definition - Entrepreneur Small Business ...",
      "link": "https://www.entrepreneur.com/encyclopedia/affiliate-marketing",
      "displayed_link": "www.entrepreneur.com › encyclopedia › affiliate-marketing"
    }
  ],
  "organic_results": [
    {
      "position": 1,
      "title": "Finding new customers with discounts | Affiliate Marketing ...",
      "link": "https://www.namecheap.com/resource-center/affiliate-marketing/discount-codes-coupon-websites/",
      "displayed_link": "www.namecheap.com › discount-codes-coupon-websites",
      "snippet": "Finding new customers through discount websites and coupon codes. ... If your brand is trying to boost its reach and acquire new customers through the world of affiliate marketing, the most obvious ways are affiliate websites and social media. It would be a mistake, however, to ...",
      "cached_page_link": "https://webcache.googleusercontent.com/search?q=cache:UhiKMejjwSEJ:https://www.namecheap.com/resource-center/affiliate-marketing/discount-codes-coupon-websites/+&cd=1&hl=en&ct=clnk&gl=us"
    },
    {
      "position": 2,
      "title": "30 of the Best Affiliate Programs That Pay the Highest ...",
      "link": "https://blog.hubspot.com/marketing/best-affiliate-programs",
      "displayed_link": "blog.hubspot.com › marketing › best-affiliate-programs",
      "date": "May 1, 2019",
      "snippet": "Wirecutter's affiliate program might make you doubt the legitimacy of Wirecutter's recommendations -- but, in fact, it's quite the opposite.",
      "cached_page_link": "https://webcache.googleusercontent.com/search?q=cache:cgoO3h_qjc4J:https://blog.hubspot.com/marketing/best-affiliate-programs+&cd=10&hl=en&ct=clnk&gl=us"
    },
    {
      "position": 3,
      "title": "The Beginner's Guide to Working With Coupon Affiliate Sites",
      "link": "https://bootstrappingecommerce.com/coupon-affiliate-sites/",
      "displayed_link": "bootstrappingecommerce.com › coupon-affiliate-sites",
      "date": "May 21, 2018",
      "snippet": "Just simply having a coupon gets over 75% of consumers to increase their average order value by $40, and two-thirds of millennials will switch brands if they can enjoy at least a 30% discount. If you're ready to build an affiliate marketing program, working with coupon affiliate sites will get you started in a big way.",
      "cached_page_link": "https://webcache.googleusercontent.com/search?q=cache:IIh5g0NYN70J:https://bootstrappingecommerce.com/coupon-affiliate-sites/+&cd=11&hl=en&ct=clnk&gl=us"
    },
    {
      "position": 4,
      "title": "3 Ways to Earn Meaningful Affiliate Income (That Aren't ...",
      "link": "https://affiliate-program.amazon.com/resource-center/3-ways-to-earn-affiliate-income-beyond-product-recommendations",
      "displayed_link": "affiliate-program.amazon.com › resource-center › 3-ways-to-earn-affi...",
      "snippet": "Product recommendations are the gold star of affiliate marketing, but if you're ... The code is automatically applied to the user's account, and the discount is ...",
      "cached_page_link": "https://webcache.googleusercontent.com/search?q=cache:L4SjWKCSDNYJ:https://affiliate-program.amazon.com/resource-center/3-ways-to-earn-affiliate-income-beyond-product-recommendations+&cd=12&hl=en&ct=clnk&gl=us"
    },
    {
      "position": 5,
      "title": "The 67+ Best Affiliate Programs of 2020 (Highest Paying)",
      "link": "https://www.forexreferral.com/best-affiliate-programs",
      "displayed_link": "www.forexreferral.com › best-affiliate-programs",
      "snippet": "Kinsta's affiliate program is one of the best and most beneficial in the hosting industry. After each referral they offer a one-time sign up bonus up to $500.",
      "cached_page_link": "https://webcache.googleusercontent.com/search?q=cache:1JNnul2vnJAJ:https://www.forexreferral.com/best-affiliate-programs+&cd=13&hl=en&ct=clnk&gl=us",
      "related_pages_link": "https://www.google.com/search?q=related:https://www.forexreferral.com/best-affiliate-programs+affiliate+discount&tbo=1&sa=X&ved=2ahUKEwjcy7Xf_JTnAhXR62EKHWJgDH4QHzAMegQIARAJ"
    },
    {
      "position": 6,
      "title": "How to Start an Affiliate Program That's Actually Successful",
      "link": "https://www.crazyegg.com/blog/how-to-start-an-affiliate-program/",
      "displayed_link": "www.crazyegg.com › Blog › Marketing",
      "date": "Feb 5, 2018",
      "snippet": "Learn how to start an affiliate program and earn more money! Before set it up, it's good to analyze what your competitors are doing and stablish ...",
      "cached_page_link": "https://webcache.googleusercontent.com/search?q=cache:zT5b4t3CchkJ:https://www.crazyegg.com/blog/how-to-start-an-affiliate-program/+&cd=14&hl=en&ct=clnk&gl=us",
      "related_pages_link": "https://www.google.com/search?q=related:https://www.crazyegg.com/blog/how-to-start-an-affiliate-program/+affiliate+discount&tbo=1&sa=X&ved=2ahUKEwjcy7Xf_JTnAhXR62EKHWJgDH4QHzANegQIBBAL"
    },
    {
      "position": 7,
      "title": "How Exclusive Offers Can Benefit Your Affiliate Program ...",
      "link": "https://www.sheerid.com/exclusive-offers-can-benefit-affiliate-program/",
      "displayed_link": "www.sheerid.com › exclusive-offers-can-benefit-affiliate-program",
      "date": "Jun 29, 2017",
      "snippet": "As an affiliate marketer, you're incredibly familiar with the importance of customer acquisition, and how effective affiliate programs can be to get ...",
      "cached_page_link": "https://webcache.googleusercontent.com/search?q=cache:Q4aljG6NzUEJ:https://www.sheerid.com/exclusive-offers-can-benefit-affiliate-program/+&cd=15&hl=en&ct=clnk&gl=us"
    },
    {
      "position": 8,
      "title": "105 Best Affiliate Programs of 2020 (High Paying for Beginners)",
      "link": "https://www.adamenfroy.com/best-high-paying-affiliate-programs",
      "displayed_link": "www.adamenfroy.com › Blog › Make Money Online",
      "snippet": "The Bluehost affiliate program is super popular in the web hosting space. With their plans starting at $2.95/month and one-time payouts starting at $65+, the cost ...",
      "cached_page_link": "https://webcache.googleusercontent.com/search?q=cache:lbWWxpmw_CEJ:https://www.adamenfroy.com/best-high-paying-affiliate-programs+&cd=16&hl=en&ct=clnk&gl=us"
    },
    {
      "position": 9,
      "title": "Shopify Affiliate Marketing Program | Earn income for your ...",
      "link": "https://www.shopify.com/affiliates",
      "displayed_link": "www.shopify.com › affiliates",
      "snippet": "Sign up for the Shopify Affiliate Program and get up to $2000 per customer.",
      "cached_page_link": "https://webcache.googleusercontent.com/search?q=cache:4IGPnQKt6DEJ:https://www.shopify.com/affiliates+&cd=17&hl=en&ct=clnk&gl=us",
      "related_pages_link": "https://www.google.com/search?q=related:https://www.shopify.com/affiliates+affiliate+discount&tbo=1&sa=X&ved=2ahUKEwjcy7Xf_JTnAhXR62EKHWJgDH4QHzAQegQIBxAJ"
    },
    {
      "position": 10,
      "title": "Login - Affiliate Program - Bluehost",
      "link": "https://www.bluehost.com/hosting/partner",
      "displayed_link": "www.bluehost.com › hosting › partner",
      "snippet": "What is it? Bluehost offers one of the most rewarding Affiliate Programs available on the web today. What do I get? By driving customers to sign-up at Bluehost, ...",
      "cached_page_link": "https://webcache.googleusercontent.com/search?q=cache:RG5hsk3_risJ:https://www.bluehost.com/hosting/partner+&cd=18&hl=en&ct=clnk&gl=us"
    }
  ],
  "related_search_boxes": [
    {
      "position": 1,
      "query": "Best affiliate marketing sites",
      "results": []
    }
  ],
  "related_searches": [
    {
      "query": "affiliate discount meaning",
      "link": "https://www.google.com/search?q=affiliate+discount+meaning&sa=X&ved=2ahUKEwjcy7Xf_JTnAhXR62EKHWJgDH4Q1QIoAHoECAsQAQ"
    },
    {
      "query": "affiliate marketing",
      "link": "https://www.google.com/search?q=affiliate+marketing&sa=X&ved=2ahUKEwjcy7Xf_JTnAhXR62EKHWJgDH4Q1QIoAXoECAsQAg"
    },
    {
      "query": "coupon code affiliate program",
      "link": "https://www.google.com/search?q=coupon+code+affiliate+program&sa=X&ved=2ahUKEwjcy7Xf_JTnAhXR62EKHWJgDH4Q1QIoAnoECAsQAw"
    },
    {
      "query": "best affiliate programs for beginners",
      "link": "https://www.google.com/search?q=best+affiliate+programs+for+beginners&sa=X&ved=2ahUKEwjcy7Xf_JTnAhXR62EKHWJgDH4Q1QIoA3oECAsQBA"
    },
    {
      "query": "software affiliate programs",
      "link": "https://www.google.com/search?q=software+affiliate+programs&sa=X&ved=2ahUKEwjcy7Xf_JTnAhXR62EKHWJgDH4Q1QIoBHoECAsQBQ"
    },
    {
      "query": "amazon affiliate program",
      "link": "https://www.google.com/search?q=amazon+affiliate+program&sa=X&ved=2ahUKEwjcy7Xf_JTnAhXR62EKHWJgDH4Q1QIoBXoECAsQBg"
    },
    {
      "query": "coupon code affiliate programs",
      "link": "https://www.google.com/search?q=coupon+code+affiliate+programs&sa=X&ved=2ahUKEwjcy7Xf_JTnAhXR62EKHWJgDH4Q1QIoBnoECAsQBw"
    },
    {
      "query": "affiliate discounts starbucks",
      "link": "https://www.google.com/search?q=affiliate+discounts+starbucks&sa=X&ved=2ahUKEwjcy7Xf_JTnAhXR62EKHWJgDH4Q1QIoB3oECAsQCA"
    }
  ],
  "pagination": {
    "current": 1,
    "next": "https://www.google.com/search?q=affiliate+discount&ei=MhQnXtzqFdHXhwPiwLHwBw&start=10&sa=N&ved=2ahUKEwjcy7Xf_JTnAhXR62EKHWJgDH4Q8NMDegQIDhBA",
    "other_pages": {
      "2": "https://www.google.com/search?q=affiliate+discount&ei=MhQnXtzqFdHXhwPiwLHwBw&start=10&sa=N&ved=2ahUKEwjcy7Xf_JTnAhXR62EKHWJgDH4Q8tMDegQIDhAu",
      "3": "https://www.google.com/search?q=affiliate+discount&ei=MhQnXtzqFdHXhwPiwLHwBw&start=20&sa=N&ved=2ahUKEwjcy7Xf_JTnAhXR62EKHWJgDH4Q8tMDegQIDhAw",
      "4": "https://www.google.com/search?q=affiliate+discount&ei=MhQnXtzqFdHXhwPiwLHwBw&start=30&sa=N&ved=2ahUKEwjcy7Xf_JTnAhXR62EKHWJgDH4Q8tMDegQIDhAy",
      "5": "https://www.google.com/search?q=affiliate+discount&ei=MhQnXtzqFdHXhwPiwLHwBw&start=40&sa=N&ved=2ahUKEwjcy7Xf_JTnAhXR62EKHWJgDH4Q8tMDegQIDhA0",
      "6": "https://www.google.com/search?q=affiliate+discount&ei=MhQnXtzqFdHXhwPiwLHwBw&start=50&sa=N&ved=2ahUKEwjcy7Xf_JTnAhXR62EKHWJgDH4Q8tMDegQIDhA2",
      "7": "https://www.google.com/search?q=affiliate+discount&ei=MhQnXtzqFdHXhwPiwLHwBw&start=60&sa=N&ved=2ahUKEwjcy7Xf_JTnAhXR62EKHWJgDH4Q8tMDegQIDhA4",
      "8": "https://www.google.com/search?q=affiliate+discount&ei=MhQnXtzqFdHXhwPiwLHwBw&start=70&sa=N&ved=2ahUKEwjcy7Xf_JTnAhXR62EKHWJgDH4Q8tMDegQIDhA6",
      "9": "https://www.google.com/search?q=affiliate+discount&ei=MhQnXtzqFdHXhwPiwLHwBw&start=80&sa=N&ved=2ahUKEwjcy7Xf_JTnAhXR62EKHWJgDH4Q8tMDegQIDhA8",
      "10": "https://www.google.com/search?q=affiliate+discount&ei=MhQnXtzqFdHXhwPiwLHwBw&start=90&sa=N&ved=2ahUKEwjcy7Xf_JTnAhXR62EKHWJgDH4Q8tMDegQIDhA-"
    }
  },
  "serpapi_pagination": {
    "current": 1,
    "next_link": "https://serpapi.com/search.json?device=desktop&engine=google&google_domain=google.com&q=affiliate+discount&start=10&token=060ccfc1e0538bee",
    "next": "https://serpapi.com/search.json?device=desktop&engine=google&google_domain=google.com&q=affiliate+discount&start=10&token=060ccfc1e0538bee",
    "other_pages": {
      "2": "https://serpapi.com/search.json?device=desktop&engine=google&google_domain=google.com&q=affiliate+discount&start=10&token=060ccfc1e0538bee",
      "3": "https://serpapi.com/search.json?device=desktop&engine=google&google_domain=google.com&q=affiliate+discount&start=20&token=4f660e821b5675f4",
      "4": "https://serpapi.com/search.json?device=desktop&engine=google&google_domain=google.com&q=affiliate+discount&start=30&token=9d83bce2bf0247e1",
      "5": "https://serpapi.com/search.json?device=desktop&engine=google&google_domain=google.com&q=affiliate+discount&start=40&token=9cdb0c1756adfd13",
      "6": "https://serpapi.com/search.json?device=desktop&engine=google&google_domain=google.com&q=affiliate+discount&start=50&token=3fbc4e1bcf957fa2",
      "7": "https://serpapi.com/search.json?device=desktop&engine=google&google_domain=google.com&q=affiliate+discount&start=60&token=9e78e86e07388912",
      "8": "https://serpapi.com/search.json?device=desktop&engine=google&google_domain=google.com&q=affiliate+discount&start=70&token=49956d385b623317",
      "9": "https://serpapi.com/search.json?device=desktop&engine=google&google_domain=google.com&q=affiliate+discount&start=80&token=39e63f8b40053960",
      "10": "https://serpapi.com/search.json?device=desktop&engine=google&google_domain=google.com&q=affiliate+discount&start=90&token=ff6a64e461ec2121"
    }
  }
}