{
  "search_metadata": {
    "id": "",
    "status": "Success",
    "json_endpoint": "",
    "created_at": "2020-01-21 13:50:58 UTC",
    "processed_at": "2020-01-21 13:50:58 UTC",
    "google_url": "https://www.google.com/search?q=affiliate+account&oq=affiliate+account&sourceid=chrome&ie=UTF-8",
    "raw_html_file": "",
    "total_time_taken": 1.11
  },
  "search_parameters": {
    "engine": "google",
    "q": "affiliate account",
    "google_domain": "google.com",
    "device": "desktop"
  },
  "search_information": {
    "organic_results_state": "Results for exact spelling",
    "total_results": 792000000,
    "time_taken_displayed": 0.61,
    "query_displayed": "affiliate account"
  },
  "knowledge_graph": {},
  "related_questions": [
    {
      "question": "How do you create an affiliate account?",
      "snippet": "How does it work?Register and get approved to join the program.Connect to 'Create' via your affiliate account.Place an affiliate link on your website or in your emails.Have friends and colleagues sign up for their own Create. websites using your affiliate link.Earn money for each person who subscribes!",
      "title": "Affiliate Program | Earn 10% Commission - Create.net",
      "link": "https://www.create.net/features/affiliates",
      "displayed_link": "www.create.net › features › affiliates"
    },
    {
      "question": "What is an affiliate site?",
      "snippet": "Simply put, affiliate programs, also called associate programs, are arrangements in which an online merchant Web site pays affiliate Web sites a commission to send them traffic. These affiliate Web sites post links to the merchant site and are paid according to a particular agreement.",
      "title": "What Are Affiliate Programs? - How Affiliate Programs Work ...",
      "link": "https://money.howstuffworks.com/affiliate-program1.htm",
      "displayed_link": "money.howstuffworks.com › affiliate-program1"
    },
    {
      "question": "Which affiliate program is the best?",
      "snippet": "Whatever the reason, here's a list of top beginner affiliate programs for those of you just getting started:DreamHost Affiliate Program. ... Amazon Associates. ... eBay Partner Network. ... Target Affiliates. ... AliExpress Affiliate Program.",
      "title": "The 67+ Best Affiliate Programs of 2019 (Highest Paying)",
      "link": "https://www.forexreferral.com/best-affiliate-programs",
      "displayed_link": "www.forexreferral.com › best-affiliate-programs"
    },
    {
      "question": "What qualifies you to be an Amazon affiliate?",
      "snippet": "Create Amazon Affiliate links.Create a website or blog. To become an Amazon Associate, you must have an active website, blog, app, or YouTube channel. ... Visit the Amazon Associates homepage. Now it's time to create your Amazon Associates account. ... Create Amazon Affiliate links.Mar 8, 2019",
      "title": "Everything You Need to Know About the Amazon Affiliate Program",
      "link": "https://blog.hubspot.com/sales/amazon-affiliate",
      "displayed_link": "blog.hubspot.com › sales › amazon-affiliate"
    }
  ],
  "organic_results": [
    {
      "position": 1,
      "title": "Amazon Affiliate Program - Amazon.com",
      "link": "https://affiliate-program.amazon.com/",
      "displayed_link": "affiliate-program.amazon.com",
      "snippet": "Join the Amazon.com Associates Program and start earning money today. The Amazon Associates Program is one of the largest and most successful online ...",
      "sitelinks": {
        "inline": [
          {
            "title": "Associates Program - Fee",
            "link": "https://affiliate-program.amazon.com/help/operating/policies"
          },
          {
            "title": "Learn More",
            "link": "https://affiliate-program.amazon.com/help/node/topic/GS3AUD9VVJ4V4TFV"
          },
          {
            "title": "Fee Schedule",
            "link": "https://affiliate-program.amazon.com/help/operating/schedule"
          },
          {
            "title": "Operating Agreement",
            "link": "https://affiliate-program.amazon.com/help/operating/agreement"
          }
        ]
      },
      "cached_page_link": "https://webcache.googleusercontent.com/search?q=cache:QWl122yV-aUJ:https://affiliate-program.amazon.com/+&cd=1&hl=en&ct=clnk&gl=us",
      "related_pages_link": "https://www.google.com/search?q=related:https://affiliate-program.amazon.com/+affiliate+account&tbo=1&sa=X&ved=2ahUKEwj1ruGU65TnAhWpAZ0JHcaVAdQQHzAAegQIAhAH"
    },
    {
      "position": 2,
      "title": "20+ Best Affiliate Marketing Platforms and Networks of 2020 ...",
      "link": "https://makeawebsitehub.com/affiliate-marketing-networks/",
      "displayed_link": "makeawebsitehub.com › affiliate-marketing-networks",
      "snippet": "Flexoffers also has their own affiliate program which is a licence to print money. If you refer someone to FlexOffers and they earn commission, you also earn ...",
      "cached_page_link": "https://webcache.googleusercontent.com/search?q=cache:aedN2w77ZFQJ:https://makeawebsitehub.com/affiliate-marketing-networks/+&cd=10&hl=en&ct=clnk&gl=us",
      "related_pages_link": "https://www.google.com/search?q=related:https://makeawebsitehub.com/affiliate-marketing-networks/+affiliate+account&tbo=1&sa=X&ved=2ahUKEwj1ruGU65TnAhWpAZ0JHcaVAdQQHzAJegQIARAJ"
    },
    {
      "position": 3,
      "title": "Affiliate Program - Website.com",
      "link": "https://www.website.com/affiliate/",
      "displayed_link": "www.website.com › affiliate",
      "snippet": "Website.com offers the highest paying affiliate program for website builders. ... Sign up for a free affiliate account. Refer Your Friends. Promote Website.com by adding banners and links to your site, or by posting on social media.",
      "cached_page_link": "https://webcache.googleusercontent.com/search?q=cache:Vj9HJZ9o91IJ:https://www.website.com/affiliate/+&cd=11&hl=en&ct=clnk&gl=us",
      "related_pages_link": "https://www.google.com/search?q=related:https://www.website.com/affiliate/+affiliate+account&tbo=1&sa=X&ved=2ahUKEwj1ruGU65TnAhWpAZ0JHcaVAdQQHzAKegQICBAJ"
    },
    {
      "position": 4,
      "title": "Shopify Affiliate Marketing Program | Earn income for your ...",
      "link": "https://www.shopify.com/affiliates",
      "displayed_link": "www.shopify.com › affiliates",
      "snippet": "Sign up for the Shopify Affiliate Program and get up to $2000 per customer.",
      "cached_page_link": "https://webcache.googleusercontent.com/search?q=cache:4IGPnQKt6DEJ:https://www.shopify.com/affiliates+&cd=12&hl=en&ct=clnk&gl=us",
      "related_pages_link": "https://www.google.com/search?q=related:https://www.shopify.com/affiliates+affiliate+account&tbo=1&sa=X&ved=2ahUKEwj1ruGU65TnAhWpAZ0JHcaVAdQQHzALegQIBBAJ"
    },
    {
      "position": 5,
      "title": "Affiliate Program | Join free and earn up to $180 per sale",
      "link": "https://www.webhostface.com/affiliate/",
      "displayed_link": "www.webhostface.com › affiliate",
      "snippet": "Web Hosting Affiliate Program with monthly payouts , real-time tracking, personal assistance and special starting bonus! Free & Easy start!",
      "cached_page_link": "https://webcache.googleusercontent.com/search?q=cache:0Hht9_YN-5gJ:https://www.webhostface.com/affiliate/+&cd=13&hl=en&ct=clnk&gl=us",
      "related_pages_link": "https://www.google.com/search?q=related:https://www.webhostface.com/affiliate/+affiliate+account&tbo=1&sa=X&ved=2ahUKEwj1ruGU65TnAhWpAZ0JHcaVAdQQHzAMegQIBxAJ"
    },
    {
      "position": 6,
      "title": "Affiliate Program | Earn 10% Commission - Create.net",
      "link": "https://www.create.net/features/affiliates",
      "displayed_link": "www.create.net › features › affiliates",
      "snippet": "Earn monthly commission through our affiliate program, for every new customer you refer to our platform you receive 10%, click to receive more information.",
      "cached_page_link": "https://webcache.googleusercontent.com/search?q=cache:-Dl1h8ffSPYJ:https://www.create.net/features/affiliates+&cd=14&hl=en&ct=clnk&gl=us"
    },
    {
      "position": 7,
      "title": "Everything You Need to Know About the Amazon Affiliate ...",
      "link": "https://blog.hubspot.com/sales/amazon-affiliate",
      "displayed_link": "blog.hubspot.com › sales › amazon-affiliate",
      "date": "Mar 8, 2019",
      "snippet": "The Amazon affiliate program, also called \"Amazon Associates\" can be an easy way to monetize your website or blog. Simply sign up, receive ...",
      "cached_page_link": "https://webcache.googleusercontent.com/search?q=cache:JPfWWDQp_rIJ:https://blog.hubspot.com/sales/amazon-affiliate+&cd=15&hl=en&ct=clnk&gl=us"
    },
    {
      "position": 8,
      "title": "30 of the Best Affiliate Programs That Pay the Highest ...",
      "link": "https://blog.hubspot.com/marketing/best-affiliate-programs",
      "displayed_link": "blog.hubspot.com › marketing › best-affiliate-programs",
      "date": "May 1, 2019",
      "snippet": "Wirecutter's affiliate program might make you doubt the legitimacy of Wirecutter's recommendations -- but, in fact, it's quite the opposite.",
      "cached_page_link": "https://webcache.googleusercontent.com/search?q=cache:cgoO3h_qjc4J:https://blog.hubspot.com/marketing/best-affiliate-programs+&cd=16&hl=en&ct=clnk&gl=us"
    },
    {
      "position": 9,
      "title": "Login - Affiliate Program - Bluehost",
      "link": "https://www.bluehost.com/hosting/partner",
      "displayed_link": "www.bluehost.com › hosting › partner",
      "snippet": "What is it? Bluehost offers one of the most rewarding Affiliate Programs available on the web today. What do I get? By driving customers to sign-up at Bluehost, ...",
      "cached_page_link": "https://webcache.googleusercontent.com/search?q=cache:RG5hsk3_risJ:https://www.bluehost.com/hosting/partner+&cd=17&hl=en&ct=clnk&gl=us"
    },
    {
      "position": 10,
      "title": "Namecheap Affiliate Program",
      "link": "https://www.namecheap.com/affiliates/",
      "displayed_link": "www.namecheap.com › affiliates",
      "snippet": "Are you an affiliate marketer? We created the Namecheap Affiliate Program so you can earn money for helping us spread the word. It's an easy, risk free way for ...",
      "cached_page_link": "https://webcache.googleusercontent.com/search?q=cache:cDcwXeK1s5oJ:https://www.namecheap.com/affiliates/+&cd=18&hl=en&ct=clnk&gl=us"
    }
  ],
  "related_search_boxes": [
    {
      "position": 1,
      "query": "Tools for affiliate marketingView 2+ moreView 2+",
      "results": []
    },
    {
      "position": 2,
      "query": "Affiliate network listView 1+ moreView 1+",
      "results": []
    }
  ],
  "related_searches": [
    {
      "query": "amazon affiliate account",
      "link": "https://www.google.com/search?q=amazon+affiliate+account&sa=X&ved=2ahUKEwj1ruGU65TnAhWpAZ0JHcaVAdQQ1QIoAHoECAsQAQ"
    },
    {
      "query": "amazon affiliate store",
      "link": "https://www.google.com/search?q=amazon+affiliate+store&sa=X&ved=2ahUKEwj1ruGU65TnAhWpAZ0JHcaVAdQQ1QIoAXoECAsQAg"
    },
    {
      "query": "affiliate marketing",
      "link": "https://www.google.com/search?q=affiliate+marketing&sa=X&ved=2ahUKEwj1ruGU65TnAhWpAZ0JHcaVAdQQ1QIoAnoECAsQAw"
    },
    {
      "query": "best affiliate programs",
      "link": "https://www.google.com/search?q=best+affiliate+programs&sa=X&ved=2ahUKEwj1ruGU65TnAhWpAZ0JHcaVAdQQ1QIoA3oECAsQBA"
    },
    {
      "query": "cj affiliate",
      "link": "https://www.google.com/search?q=cj+affiliate&sa=X&ved=2ahUKEwj1ruGU65TnAhWpAZ0JHcaVAdQQ1QIoBHoECAsQBQ"
    },
    {
      "query": "affiliate account meaning",
      "link": "https://www.google.com/search?q=affiliate+account+meaning&sa=X&ved=2ahUKEwj1ruGU65TnAhWpAZ0JHcaVAdQQ1QIoBXoECAsQBg"
    },
    {
      "query": "amazon affiliate commission rate",
      "link": "https://www.google.com/search?q=amazon+affiliate+commission+rate&sa=X&ved=2ahUKEwj1ruGU65TnAhWpAZ0JHcaVAdQQ1QIoBnoECAsQBw"
    },
    {
      "query": "affiliate links",
      "link": "https://www.google.com/search?q=affiliate+links&sa=X&ved=2ahUKEwj1ruGU65TnAhWpAZ0JHcaVAdQQ1QIoB3oECAsQCA"
    }
  ],
  "pagination": {
    "current": 1,
    "next": "https://www.google.com/search?q=affiliate+account&ei=wgEnXvXFF6mD9PwPxquGoA0&start=10&sa=N&ved=2ahUKEwj1ruGU65TnAhWpAZ0JHcaVAdQQ8NMDegQIEBBA",
    "other_pages": {
      "2": "https://www.google.com/search?q=affiliate+account&ei=wgEnXvXFF6mD9PwPxquGoA0&start=10&sa=N&ved=2ahUKEwj1ruGU65TnAhWpAZ0JHcaVAdQQ8tMDegQIEBAu",
      "3": "https://www.google.com/search?q=affiliate+account&ei=wgEnXvXFF6mD9PwPxquGoA0&start=20&sa=N&ved=2ahUKEwj1ruGU65TnAhWpAZ0JHcaVAdQQ8tMDegQIEBAw",
      "4": "https://www.google.com/search?q=affiliate+account&ei=wgEnXvXFF6mD9PwPxquGoA0&start=30&sa=N&ved=2ahUKEwj1ruGU65TnAhWpAZ0JHcaVAdQQ8tMDegQIEBAy",
      "5": "https://www.google.com/search?q=affiliate+account&ei=wgEnXvXFF6mD9PwPxquGoA0&start=40&sa=N&ved=2ahUKEwj1ruGU65TnAhWpAZ0JHcaVAdQQ8tMDegQIEBA0",
      "6": "https://www.google.com/search?q=affiliate+account&ei=wgEnXvXFF6mD9PwPxquGoA0&start=50&sa=N&ved=2ahUKEwj1ruGU65TnAhWpAZ0JHcaVAdQQ8tMDegQIEBA2",
      "7": "https://www.google.com/search?q=affiliate+account&ei=wgEnXvXFF6mD9PwPxquGoA0&start=60&sa=N&ved=2ahUKEwj1ruGU65TnAhWpAZ0JHcaVAdQQ8tMDegQIEBA4",
      "8": "https://www.google.com/search?q=affiliate+account&ei=wgEnXvXFF6mD9PwPxquGoA0&start=70&sa=N&ved=2ahUKEwj1ruGU65TnAhWpAZ0JHcaVAdQQ8tMDegQIEBA6",
      "9": "https://www.google.com/search?q=affiliate+account&ei=wgEnXvXFF6mD9PwPxquGoA0&start=80&sa=N&ved=2ahUKEwj1ruGU65TnAhWpAZ0JHcaVAdQQ8tMDegQIEBA8",
      "10": "https://www.google.com/search?q=affiliate+account&ei=wgEnXvXFF6mD9PwPxquGoA0&start=90&sa=N&ved=2ahUKEwj1ruGU65TnAhWpAZ0JHcaVAdQQ8tMDegQIEBA-"
    }
  },
  "serpapi_pagination": {
    "current": 1,
    "next_link": "https://serpapi.com/search.json?device=desktop&engine=google&google_domain=google.com&q=affiliate+account&start=10&token=977961e746c6ea22",
    "next": "https://serpapi.com/search.json?device=desktop&engine=google&google_domain=google.com&q=affiliate+account&start=10&token=977961e746c6ea22",
    "other_pages": {
      "2": "https://serpapi.com/search.json?device=desktop&engine=google&google_domain=google.com&q=affiliate+account&start=10&token=977961e746c6ea22",
      "3": "https://serpapi.com/search.json?device=desktop&engine=google&google_domain=google.com&q=affiliate+account&start=20&token=134b3254e1ad34ef",
      "4": "https://serpapi.com/search.json?device=desktop&engine=google&google_domain=google.com&q=affiliate+account&start=30&token=15453fe1f26ddb26",
      "5": "https://serpapi.com/search.json?device=desktop&engine=google&google_domain=google.com&q=affiliate+account&start=40&token=60fdebe7eb4497e3",
      "6": "https://serpapi.com/search.json?device=desktop&engine=google&google_domain=google.com&q=affiliate+account&start=50&token=a2f956bc7009fe4b",
      "7": "https://serpapi.com/search.json?device=desktop&engine=google&google_domain=google.com&q=affiliate+account&start=60&token=5177b42d86c3a268",
      "8": "https://serpapi.com/search.json?device=desktop&engine=google&google_domain=google.com&q=affiliate+account&start=70&token=7f5ff07ccf2d4fe7",
      "9": "https://serpapi.com/search.json?device=desktop&engine=google&google_domain=google.com&q=affiliate+account&start=80&token=3b5a3e56a18366d0",
      "10": "https://serpapi.com/search.json?device=desktop&engine=google&google_domain=google.com&q=affiliate+account&start=90&token=78623ac51901d168"
    }
  }
}