{
  "search_metadata": {
    "id": "",
    "status": "Success",
    "json_endpoint": "",
    "created_at": "2020-01-21 14:06:42 UTC",
    "processed_at": "2020-01-21 14:06:42 UTC",
    "google_url": "https://www.google.com/search?q=affiliate+synonym&oq=affiliate+synonym&sourceid=chrome&ie=UTF-8",
    "raw_html_file": "",
    "total_time_taken": 1.7
  },
  "search_parameters": {
    "engine": "google",
    "q": "affiliate synonym",
    "google_domain": "google.com",
    "device": "desktop"
  },
  "search_information": {
    "organic_results_state": "Results for exact spelling",
    "total_results": 2570000,
    "time_taken_displayed": 0.41,
    "query_displayed": "affiliate synonym"
  },
  "knowledge_graph": {},
  "related_questions": [
    {
      "question": "What is the synonym of associate?",
      "snippet": "cohort, companion, compatriot, compeer, comrade, crony, fellow, hobnobber, mate, running mate. Words Related to associate. colleague, coworker, equal, peer, workmate. accomplice, affiliate, ally, collaborator, confederate, half, partner. buddy, chum, confidant, familiar, friend, hearty, intimate, pal.",
      "title": "Synonyms and Antonyms of associate - Merriam-Webster",
      "link": "https://www.merriam-webster.com/thesaurus/associate",
      "displayed_link": "www.merriam-webster.com › thesaurus › associate"
    },
    {
      "question": "What is the synonym of identify?",
      "snippet": "Words Related to identifylocate, pick out, place, recognize, spot.check, examine, inspect, investigate, notice, observe, scrutinize.betray, disclose, discover, reveal.",
      "title": "Identify Synonyms, Identify Antonyms | Merriam-Webster Thesaurus",
      "link": "https://www.merriam-webster.com/thesaurus/identify",
      "displayed_link": "www.merriam-webster.com › thesaurus › identify"
    },
    {
      "question": "What is the synonym of amiable?",
      "snippet": "affable, agreeable, genial, good-natured, good-tempered, gracious, mellow, nice, pleasant, sweet, well-disposed. Words Related to amiable. amicable, clever [dialect], cordial, friendly, neighborly.",
      "title": "Amiable Synonyms, Amiable Antonyms | Merriam-Webster Thesaurus",
      "link": "https://www.merriam-webster.com/thesaurus/amiable",
      "displayed_link": "www.merriam-webster.com › thesaurus › amiable"
    },
    {
      "question": "What is an antonym for aghast?",
      "snippet": "Antonyms for (adjective) aghast Main entry: aghast, appalled, shocked, dismayed Definition: struck with fear, dread, or consternation. Antonyms: unafraid, fearless Definition: oblivious of dangers or perils or calmly resolute in facing them.",
      "title": "Antonyms for aghast | English Thesaurus",
      "link": "http://englishthesaurus.net/antonym/aghast",
      "displayed_link": "englishthesaurus.net › antonym › aghast"
    }
  ],
  "answer_box": {
    "type": "dictionary_results",
    "syllables": "af·fil·i·ate",
    "word_type": "verb",
    "definitions": [
      "officially attach or connect (a subsidiary group or a person) to an organization."
    ],
    "examples": [
      "\"the college is affiliated with the University of Wisconsin\""
    ],
    "extras": [
      "associated",
      "allied",
      "related",
      "integrated",
      "amalgamated",
      "incorporated",
      "federated",
      "confederated",
      "unified",
      "connected",
      "linked",
      "joined",
      "bound",
      "belonging",
      "in league"
    ]
  },
  "organic_results": [
    {
      "position": 1,
      "title": "Affiliate Synonyms, Affiliate Antonyms | Thesaurus.com",
      "link": "https://www.thesaurus.com/browse/affiliate",
      "displayed_link": "www.thesaurus.com › browse › affiliate",
      "snippet": "Synonyms for affiliate. branch. partner. associate. offshoot. sibling. affil.",
      "cached_page_link": "https://webcache.googleusercontent.com/search?q=cache:_VFA7cou6ccJ:https://www.thesaurus.com/browse/affiliate+&cd=2&hl=en&ct=clnk&gl=us"
    },
    {
      "position": 2,
      "title": "Affiliate Synonyms | Merriam-Webster Thesaurus",
      "link": "https://www.merriam-webster.com/thesaurus/affiliate",
      "displayed_link": "www.merriam-webster.com › thesaurus › affiliate",
      "snippet": "5 synonyms of affiliate from the Merriam-Webster Thesaurus, plus 7 related words, definitions, and antonyms. Find another word for affiliate.",
      "cached_page_link": "https://webcache.googleusercontent.com/search?q=cache:6gNSOZekCGYJ:https://www.merriam-webster.com/thesaurus/affiliate+&cd=3&hl=en&ct=clnk&gl=us",
      "related_pages_link": "https://www.google.com/search?q=related:https://www.merriam-webster.com/thesaurus/affiliate+affiliate+synonym&tbo=1&sa=X&ved=2ahUKEwiphKTX7pTnAhWOW80KHYitCnQQHzACegQICxAJ"
    },
    {
      "position": 3,
      "title": "What is another word for affiliate? | Affiliate Synonyms ...",
      "link": "https://www.wordhippo.com/what-is/another-word-for/affiliate.html",
      "displayed_link": "www.wordhippo.com › what-is › another-word-for › affiliate",
      "snippet": "Find 770 synonyms for affiliate and other similar words that you can use instead based on 11 separate contexts from our thesaurus.",
      "sitelinks": {
        "inline": [
          {
            "title": "local unit of an organization",
            "link": "https://www.wordhippo.com/what-is/another-word-for/affiliate.html#C0-1"
          },
          {
            "title": "Associate or be associated ...",
            "link": "https://www.wordhippo.com/what-is/another-word-for/affiliate.html#C0-5"
          },
          {
            "title": "To come together in ...",
            "link": "https://www.wordhippo.com/what-is/another-word-for/affiliate.html#C0-6"
          }
        ]
      },
      "cached_page_link": "https://webcache.googleusercontent.com/search?q=cache:I5kMACcORtYJ:https://www.wordhippo.com/what-is/another-word-for/affiliate.html+&cd=4&hl=en&ct=clnk&gl=us"
    },
    {
      "position": 4,
      "title": "Affiliate Synonyms & Antonyms | Synonyms.com",
      "link": "https://www.synonyms.com/synonym/affiliate",
      "displayed_link": "www.synonyms.com › synonym › affiliate",
      "snippet": "Find all the synonyms and alternative words for affiliate at Synonyms.com, the largest free online thesaurus, antonyms, definitions and translations resource on ...",
      "cached_page_link": "https://webcache.googleusercontent.com/search?q=cache:CdTWqaVJyukJ:https://www.synonyms.com/synonym/affiliate+&cd=5&hl=en&ct=clnk&gl=us"
    },
    {
      "position": 5,
      "title": "797 Affiliate Synonyms and 76 Affiliate Antonyms in Affiliate ...",
      "link": "https://www.powerthesaurus.org/affiliate",
      "displayed_link": "www.powerthesaurus.org › affiliate",
      "snippet": "Affiliate synonyms and Affiliate antonyms. Top synonym for affiliate (another word for affiliate) is associate.",
      "cached_page_link": "https://webcache.googleusercontent.com/search?q=cache:U8gJZAm2-ckJ:https://www.powerthesaurus.org/affiliate+&cd=6&hl=en&ct=clnk&gl=us",
      "related_pages_link": "https://www.google.com/search?q=related:https://www.powerthesaurus.org/affiliate+affiliate+synonym&tbo=1&sa=X&ved=2ahUKEwiphKTX7pTnAhWOW80KHYitCnQQHzAFegQICBAJ"
    },
    {
      "position": 6,
      "title": "Synonyms for affiliate | Another Word for affiliate - Thesaurus",
      "link": "https://thesaurus.yourdictionary.com/affiliate",
      "displayed_link": "thesaurus.yourdictionary.com › affiliate",
      "snippet": "Synonyms for affiliate at YourDictionary.com with free online thesaurus, related words, and antonyms. Find another word for affiliate with YourDictionary's ...",
      "cached_page_link": "https://webcache.googleusercontent.com/search?q=cache:ZDCR3A7memwJ:https://thesaurus.yourdictionary.com/affiliate+&cd=15&hl=en&ct=clnk&gl=us"
    },
    {
      "position": 7,
      "title": "Synonyms and Antonyms for affiliate | Synonym.com",
      "link": "https://www.synonym.com/synonyms/affiliate",
      "displayed_link": "www.synonym.com › synonyms › affiliate",
      "snippet": "Synonym.com is the web's best resource for English synonyms, antonyms, and definitions.",
      "cached_page_link": "https://webcache.googleusercontent.com/search?q=cache:z14HPgJ4bBcJ:https://www.synonym.com/synonyms/affiliate+&cd=16&hl=en&ct=clnk&gl=us"
    },
    {
      "position": 8,
      "title": "Affiliate Synonyms | Collins English Thesaurus",
      "link": "https://www.collinsdictionary.com/us/dictionary/english-thesaurus/affiliate",
      "displayed_link": "www.collinsdictionary.com › dictionary › english-thesaurus › affiliate",
      "snippet": "Another word for affiliate: associate, unite, join, link, ally | Collins English Thesaurus.",
      "cached_page_link": "https://webcache.googleusercontent.com/search?q=cache:Sr-QFsFWWiMJ:https://www.collinsdictionary.com/us/dictionary/english-thesaurus/affiliate+&cd=17&hl=en&ct=clnk&gl=us"
    },
    {
      "position": 9,
      "title": "Synonyms for AFFILIATE, Antonyms for AFFILIATE ...",
      "link": "https://www.thesaurus.net/affiliate",
      "displayed_link": "www.thesaurus.net › affiliate",
      "snippet": "Synonyms for affiliate: corp, knowledge industry, blue-chip, social enterprise, niche market, market leader, big business, business, Private Enterprise, franchisee, ...",
      "rich_snippet": {
        "top": {
          "detected_extensions": {
            "answer": 1
          },
          "extensions": [
            "1 answer"
          ]
        }
      },
      "cached_page_link": "https://webcache.googleusercontent.com/search?q=cache:WGN7xemKYKoJ:https://www.thesaurus.net/affiliate+&cd=18&hl=en&ct=clnk&gl=us"
    },
    {
      "position": 10,
      "title": "affiliate (noun) definition and synonyms | Macmillan Dictionary",
      "link": "https://www.macmillandictionary.com/us/dictionary/american/affiliate_2",
      "displayed_link": "www.macmillandictionary.com › dictionary › american › affiliate_2",
      "snippet": "Define affiliate (noun) and get synonyms. What is affiliate (noun)? affiliate (noun) meaning, pronunciation and more by Macmillan Dictionary.",
      "cached_page_link": "https://webcache.googleusercontent.com/search?q=cache:BWlK2AlvA0AJ:https://www.macmillandictionary.com/us/dictionary/american/affiliate_2+&cd=19&hl=en&ct=clnk&gl=us"
    }
  ],
  "related_searches": [
    {
      "query": "affiliate synonym words",
      "link": "https://www.google.com/search?q=affiliate+synonym+words&sa=X&ved=2ahUKEwiphKTX7pTnAhWOW80KHYitCnQQ1QIoAHoECAwQAQ"
    },
    {
      "query": "associate synonym",
      "link": "https://www.google.com/search?q=associate+synonym&sa=X&ved=2ahUKEwiphKTX7pTnAhWOW80KHYitCnQQ1QIoAXoECAwQAg"
    },
    {
      "query": "affiliated synonym",
      "link": "https://www.google.com/search?q=affiliated+synonym&sa=X&ved=2ahUKEwiphKTX7pTnAhWOW80KHYitCnQQ1QIoAnoECAwQAw"
    },
    {
      "query": "affiliate meaning",
      "link": "https://www.google.com/search?q=affiliate+meaning&sa=X&ved=2ahUKEwiphKTX7pTnAhWOW80KHYitCnQQ1QIoA3oECAwQBA"
    },
    {
      "query": "affiliate sentence",
      "link": "https://www.google.com/search?q=affiliate+sentence&sa=X&ved=2ahUKEwiphKTX7pTnAhWOW80KHYitCnQQ1QIoBHoECAwQBQ"
    },
    {
      "query": "partner synonym",
      "link": "https://www.google.com/search?q=partner+synonym&sa=X&ved=2ahUKEwiphKTX7pTnAhWOW80KHYitCnQQ1QIoBXoECAwQBg"
    },
    {
      "query": "associated synonym",
      "link": "https://www.google.com/search?q=associated+synonym&sa=X&ved=2ahUKEwiphKTX7pTnAhWOW80KHYitCnQQ1QIoBnoECAwQBw"
    },
    {
      "query": "affiliation synonym",
      "link": "https://www.google.com/search?q=affiliation+synonym&sa=X&ved=2ahUKEwiphKTX7pTnAhWOW80KHYitCnQQ1QIoB3oECAwQCA"
    }
  ],
  "pagination": {
    "current": 1,
    "next": "https://www.google.com/search?q=affiliate+synonym&ei=cwUnXun-C463tQaI26qgBw&start=10&sa=N&ved=2ahUKEwiphKTX7pTnAhWOW80KHYitCnQQ8NMDegQIDhBA",
    "other_pages": {
      "2": "https://www.google.com/search?q=affiliate+synonym&ei=cwUnXun-C463tQaI26qgBw&start=10&sa=N&ved=2ahUKEwiphKTX7pTnAhWOW80KHYitCnQQ8tMDegQIDhAu",
      "3": "https://www.google.com/search?q=affiliate+synonym&ei=cwUnXun-C463tQaI26qgBw&start=20&sa=N&ved=2ahUKEwiphKTX7pTnAhWOW80KHYitCnQQ8tMDegQIDhAw",
      "4": "https://www.google.com/search?q=affiliate+synonym&ei=cwUnXun-C463tQaI26qgBw&start=30&sa=N&ved=2ahUKEwiphKTX7pTnAhWOW80KHYitCnQQ8tMDegQIDhAy",
      "5": "https://www.google.com/search?q=affiliate+synonym&ei=cwUnXun-C463tQaI26qgBw&start=40&sa=N&ved=2ahUKEwiphKTX7pTnAhWOW80KHYitCnQQ8tMDegQIDhA0",
      "6": "https://www.google.com/search?q=affiliate+synonym&ei=cwUnXun-C463tQaI26qgBw&start=50&sa=N&ved=2ahUKEwiphKTX7pTnAhWOW80KHYitCnQQ8tMDegQIDhA2",
      "7": "https://www.google.com/search?q=affiliate+synonym&ei=cwUnXun-C463tQaI26qgBw&start=60&sa=N&ved=2ahUKEwiphKTX7pTnAhWOW80KHYitCnQQ8tMDegQIDhA4",
      "8": "https://www.google.com/search?q=affiliate+synonym&ei=cwUnXun-C463tQaI26qgBw&start=70&sa=N&ved=2ahUKEwiphKTX7pTnAhWOW80KHYitCnQQ8tMDegQIDhA6",
      "9": "https://www.google.com/search?q=affiliate+synonym&ei=cwUnXun-C463tQaI26qgBw&start=80&sa=N&ved=2ahUKEwiphKTX7pTnAhWOW80KHYitCnQQ8tMDegQIDhA8",
      "10": "https://www.google.com/search?q=affiliate+synonym&ei=cwUnXun-C463tQaI26qgBw&start=90&sa=N&ved=2ahUKEwiphKTX7pTnAhWOW80KHYitCnQQ8tMDegQIDhA-"
    }
  },
  "serpapi_pagination": {
    "current": 1,
    "next_link": "https://serpapi.com/search.json?device=desktop&engine=google&google_domain=google.com&q=affiliate+synonym&start=10&token=4f05752bca3aef02",
    "next": "https://serpapi.com/search.json?device=desktop&engine=google&google_domain=google.com&q=affiliate+synonym&start=10&token=4f05752bca3aef02",
    "other_pages": {
      "2": "https://serpapi.com/search.json?device=desktop&engine=google&google_domain=google.com&q=affiliate+synonym&start=10&token=4f05752bca3aef02",
      "3": "https://serpapi.com/search.json?device=desktop&engine=google&google_domain=google.com&q=affiliate+synonym&start=20&token=9c60db4dd19c9faa",
      "4": "https://serpapi.com/search.json?device=desktop&engine=google&google_domain=google.com&q=affiliate+synonym&start=30&token=b2b6e57a21ee68c8",
      "5": "https://serpapi.com/search.json?device=desktop&engine=google&google_domain=google.com&q=affiliate+synonym&start=40&token=7894c85b657c19f3",
      "6": "https://serpapi.com/search.json?device=desktop&engine=google&google_domain=google.com&q=affiliate+synonym&start=50&token=eadc5efaf34f8ddd",
      "7": "https://serpapi.com/search.json?device=desktop&engine=google&google_domain=google.com&q=affiliate+synonym&start=60&token=6ee7e4a79fe980ea",
      "8": "https://serpapi.com/search.json?device=desktop&engine=google&google_domain=google.com&q=affiliate+synonym&start=70&token=ce4fba23a1fe82ec",
      "9": "https://serpapi.com/search.json?device=desktop&engine=google&google_domain=google.com&q=affiliate+synonym&start=80&token=90509f1050a62e1a",
      "10": "https://serpapi.com/search.json?device=desktop&engine=google&google_domain=google.com&q=affiliate+synonym&start=90&token=3083451ce0025d86"
    }
  }
}