{
  "search_metadata": {
    "id": "",
    "status": "Success",
    "json_endpoint": "",
    "created_at": "2020-01-21 03:31:04 UTC",
    "processed_at": "2020-01-21 03:31:04 UTC",
    "google_url": "https://www.google.com/search?q=affiliate+bet365&oq=affiliate+bet365&sourceid=chrome&ie=UTF-8",
    "raw_html_file": "",
    "total_time_taken": 1.89
  },
  "search_parameters": {
    "engine": "google",
    "q": "affiliate bet365",
    "google_domain": "google.com",
    "device": "desktop"
  },
  "search_information": {
    "organic_results_state": "Results for exact spelling",
    "total_results": 4510000,
    "time_taken_displayed": 0.37,
    "query_displayed": "affiliate bet365"
  },
  "knowledge_graph": {},
  "organic_results": [
    {
      "position": 1,
      "title": "bet365 Affiliates – Sports Betting, Casino, Bingo, Poker ...",
      "link": "https://www.bet365affiliates.com/",
      "displayed_link": "www.bet365affiliates.com",
      "snippet": "Benefit from a 30% profit share for every customer that you refer with bet365 Affiliates.",
      "sitelinks": {
        "expanded": [
          {
            "title": "Affiliate Programme",
            "link": "https://www.bet365affiliates.com/UI/Pages/Affiliates/?ContentPath=%2FAffiliates%2Fv2_Root%2FinformationPages%2FaffiliateProgramme",
            "snippet": "Earnings - Links and Creative - Contact Us - My Account - ..."
          },
          {
            "title": "Earnings",
            "link": "https://www.bet365affiliates.com/UI/Pages/Affiliates/?ContentPath=%2FAffiliates%2Fv2_Root%2FinformationPages%2Fearnings",
            "snippet": "What happens if my affiliate account shows negative net ..."
          },
          {
            "title": "Terms and Conditions",
            "link": "https://www.bet365affiliates.com/UI/Pages/Affiliates/?ContentPath=%2FAffiliates%2Fv2_Root%2FinformationPages%2FtermsAndConditions",
            "snippet": "bet365 Affiliate Programme Terms and Conditions."
          },
          {
            "title": "Links and Creative",
            "link": "https://www.bet365affiliates.com/UI/Pages/Affiliates/?ContentPath=%2FAffiliates%2Fv2_Root%2FinformationPages%2FlinksAndCreative",
            "snippet": "What are the advantages of using hosted creative from bet365 ..."
          }
        ]
      },
      "cached_page_link": "https://webcache.googleusercontent.com/search?q=cache:k3M9YbLr5BsJ:https://www.bet365affiliates.com/+&cd=1&hl=en&ct=clnk&gl=us",
      "related_pages_link": "https://www.google.com/search?q=related:https://www.bet365affiliates.com/+affiliate+bet365&tbo=1&sa=X&ved=2ahUKEwiKkoXO4JPnAhWgJTQIHZiJDbEQHzAAegQICBAI"
    },
    {
      "position": 2,
      "title": "The new bet365 affiliates regulation are killing the affiliate ...",
      "link": "http://www.gpwa.org/forum/new-bet365-affiliates-regulation-killing-affiliate-business-242108.html",
      "displayed_link": "www.gpwa.org › forum › new-bet365-affiliates-regulation-killing-affi...",
      "date": "Oct 15, 2017",
      "snippet": "I received the following instruction from my aff manager: \"You will need to remove all of your own bet365 reviews and replace with this.",
      "sitelinks": {
        "list": [
          {
            "title": "Bet365 affiliate program approval requirements",
            "link": "http://www.gpwa.org/forum/bet365-affiliate-program-approval-requirements-246903.html",
            "date": "Dec 12, 2018"
          },
          {
            "title": "Bet365 affiliates are the biggest cheaters ever",
            "link": "http://www.gpwa.org/forum/bet365-affiliates-biggest-cheaters-ever-241929.html",
            "date": "Sep 29, 2017"
          },
          {
            "title": "How to become bet365 affiliate?",
            "link": "http://www.gpwa.org/forum/how-become-bet365-affiliate-195271.html",
            "date": "Jan 20, 2011"
          },
          {
            "title": "Value of Bet365 Affiliate Account",
            "link": "http://www.gpwa.org/forum/value-bet365-affiliate-account-231204.html",
            "date": "Mar 19, 2017"
          }
        ]
      },
      "cached_page_link": "http://webcache.googleusercontent.com/search?q=cache:gMVPYeVh6skJ:www.gpwa.org/forum/new-bet365-affiliates-regulation-killing-affiliate-business-242108.html+&cd=6&hl=en&ct=clnk&gl=us"
    },
    {
      "position": 3,
      "title": "bet365 Affiliates - GPWA",
      "link": "http://www.gpwa.org/affiliate-program/bet365-affiliates",
      "displayed_link": "www.gpwa.org › affiliate-program › bet365-affiliates",
      "snippet": "bet365 operates a one-wallet system: Your players will have the same login details and payment method for all their sportsbook, casino, poker and games.",
      "cached_page_link": "http://webcache.googleusercontent.com/search?q=cache:Tbntb0eZWBwJ:www.gpwa.org/affiliate-program/bet365-affiliates+&cd=7&hl=en&ct=clnk&gl=us",
      "related_pages_link": "https://www.google.com/search?q=related:www.gpwa.org/affiliate-program/bet365-affiliates+affiliate+bet365&tbo=1&sa=X&ved=2ahUKEwiKkoXO4JPnAhWgJTQIHZiJDbEQHzAGegQIARAJ"
    },
    {
      "position": 4,
      "title": "Bet365 Affiliates Review - Casino Affiliate Programs ...",
      "link": "https://www.askgamblers.com/casino-affiliate-programs/bet365-affiliates-review/",
      "displayed_link": "www.askgamblers.com › casino-affiliate-programs › bet365-affiliates-...",
      "snippet": "The most trusted reviews of Bet365 Affiliates, including affiliate program details, affiliate user reviews, affiliate complaints, news and more at AskGamblers.",
      "rich_snippet": {
        "top": {
          "detected_extensions": {
            "rating": 7.4
          },
          "extensions": [
            "Rating: 7.4/10",
            "Review by AskGamblers"
          ]
        }
      },
      "cached_page_link": "https://webcache.googleusercontent.com/search?q=cache:NyKVlG_74xwJ:https://www.askgamblers.com/casino-affiliate-programs/bet365-affiliates-review/+&cd=8&hl=en&ct=clnk&gl=us",
      "related_pages_link": "https://www.google.com/search?q=related:https://www.askgamblers.com/casino-affiliate-programs/bet365-affiliates-review/+affiliate+bet365&tbo=1&sa=X&ved=2ahUKEwiKkoXO4JPnAhWgJTQIHZiJDbEQHzAHegQIAxAJ"
    },
    {
      "position": 5,
      "title": "bet365 Affiliates",
      "link": "http://www.igamingaffiliateprograms.com/affiliate-program/bet365-affiliates/",
      "displayed_link": "www.igamingaffiliateprograms.com › affiliate-program › bet365-affil...",
      "snippet": "Bet365 Affiliates offers you detailed stats on the performance of your campaigns, along with a wide range of tools and reports at your fingertips. All betting and ...",
      "cached_page_link": "http://webcache.googleusercontent.com/search?q=cache:m91IpLkGjcgJ:www.igamingaffiliateprograms.com/affiliate-program/bet365-affiliates/+&cd=9&hl=en&ct=clnk&gl=us",
      "related_pages_link": "https://www.google.com/search?q=related:www.igamingaffiliateprograms.com/affiliate-program/bet365-affiliates/+affiliate+bet365&tbo=1&sa=X&ved=2ahUKEwiKkoXO4JPnAhWgJTQIHZiJDbEQHzAIegQIBBAJ"
    },
    {
      "position": 6,
      "title": "bet365 Affiliates - Affiliate Program",
      "link": "https://www.apcw.org/affiliate-program/bet365-affiliates",
      "displayed_link": "www.apcw.org › affiliate-program › bet365-affiliates",
      "snippet": "bet365 operates a one-wallet system: Your players will have the same login details and payment method for all their sportsbook, casino, poker and games.",
      "cached_page_link": "https://webcache.googleusercontent.com/search?q=cache:-hp91_NHWicJ:https://www.apcw.org/affiliate-program/bet365-affiliates+&cd=10&hl=en&ct=clnk&gl=us"
    },
    {
      "position": 7,
      "title": "Bet365 Affiliate Program & Review | Can You Trust Bet365 ...",
      "link": "http://www.bettingaffiliateprograms.com/bet365-affiliate-program/",
      "displayed_link": "www.bettingaffiliateprograms.com › bet365-affiliate-program",
      "date": "Dec 13, 2017",
      "snippet": "Bet365 was one of the most popular affiliate programs in sports betting. Is that reputation still justified? Read Bet365 Affiliates' review.",
      "cached_page_link": "http://webcache.googleusercontent.com/search?q=cache:eZ_jgUqrkMYJ:www.bettingaffiliateprograms.com/bet365-affiliate-program/+&cd=11&hl=en&ct=clnk&gl=us",
      "related_pages_link": "https://www.google.com/search?q=related:www.bettingaffiliateprograms.com/bet365-affiliate-program/+affiliate+bet365&tbo=1&sa=X&ved=2ahUKEwiKkoXO4JPnAhWgJTQIHZiJDbEQHzAKegQIAhAJ"
    },
    {
      "position": 8,
      "title": "Мачът е достъпен в залози на живо в Bet365",
      "link": "https://www.bet365.com/dl/~offer?affiliate=",
      "displayed_link": "www.bet365.com › ~offer › affiliate=",
      "snippet": "No information is available for this page.Learn why"
    }
  ],
  "related_searches": [
    {
      "query": "bet365 affiliate earnings",
      "link": "https://www.google.com/search?q=bet365+affiliate+earnings&sa=X&ved=2ahUKEwiKkoXO4JPnAhWgJTQIHZiJDbEQ1QIoAHoECAkQAQ"
    },
    {
      "query": "betfair affiliates",
      "link": "https://www.google.com/search?q=betfair+affiliates&sa=X&ved=2ahUKEwiKkoXO4JPnAhWgJTQIHZiJDbEQ1QIoAXoECAkQAg"
    },
    {
      "query": "bet365 login",
      "link": "https://www.google.com/search?q=bet365+login&sa=X&ved=2ahUKEwiKkoXO4JPnAhWgJTQIHZiJDbEQ1QIoAnoECAkQAw"
    },
    {
      "query": "888 affiliates",
      "link": "https://www.google.com/search?q=888+affiliates&sa=X&ved=2ahUKEwiKkoXO4JPnAhWgJTQIHZiJDbEQ1QIoA3oECAkQBA"
    },
    {
      "query": "bet365 affiliate terms and conditions",
      "link": "https://www.google.com/search?q=bet365+affiliate+terms+and+conditions&sa=X&ved=2ahUKEwiKkoXO4JPnAhWgJTQIHZiJDbEQ1QIoBHoECAkQBQ"
    },
    {
      "query": "betway affiliate",
      "link": "https://www.google.com/search?q=betway+affiliate&sa=X&ved=2ahUKEwiKkoXO4JPnAhWgJTQIHZiJDbEQ1QIoBXoECAkQBg"
    },
    {
      "query": "coral affiliates",
      "link": "https://www.google.com/search?q=coral+affiliates&sa=X&ved=2ahUKEwiKkoXO4JPnAhWgJTQIHZiJDbEQ1QIoBnoECAkQBw"
    },
    {
      "query": "william hill affiliates",
      "link": "https://www.google.com/search?q=william+hill+affiliates&sa=X&ved=2ahUKEwiKkoXO4JPnAhWgJTQIHZiJDbEQ1QIoB3oECAkQCA"
    }
  ],
  "pagination": {
    "current": 1,
    "next": "https://www.google.com/search?q=affiliate+bet365&ei=eXAmXsrxO6DL0PEPmJO2iAs&start=10&sa=N&ved=2ahUKEwiKkoXO4JPnAhWgJTQIHZiJDbEQ8NMDegQIChA_",
    "other_pages": {
      "2": "https://www.google.com/search?q=affiliate+bet365&ei=eXAmXsrxO6DL0PEPmJO2iAs&start=10&sa=N&ved=2ahUKEwiKkoXO4JPnAhWgJTQIHZiJDbEQ8tMDegQIChAt",
      "3": "https://www.google.com/search?q=affiliate+bet365&ei=eXAmXsrxO6DL0PEPmJO2iAs&start=20&sa=N&ved=2ahUKEwiKkoXO4JPnAhWgJTQIHZiJDbEQ8tMDegQIChAv",
      "4": "https://www.google.com/search?q=affiliate+bet365&ei=eXAmXsrxO6DL0PEPmJO2iAs&start=30&sa=N&ved=2ahUKEwiKkoXO4JPnAhWgJTQIHZiJDbEQ8tMDegQIChAx",
      "5": "https://www.google.com/search?q=affiliate+bet365&ei=eXAmXsrxO6DL0PEPmJO2iAs&start=40&sa=N&ved=2ahUKEwiKkoXO4JPnAhWgJTQIHZiJDbEQ8tMDegQIChAz",
      "6": "https://www.google.com/search?q=affiliate+bet365&ei=eXAmXsrxO6DL0PEPmJO2iAs&start=50&sa=N&ved=2ahUKEwiKkoXO4JPnAhWgJTQIHZiJDbEQ8tMDegQIChA1",
      "7": "https://www.google.com/search?q=affiliate+bet365&ei=eXAmXsrxO6DL0PEPmJO2iAs&start=60&sa=N&ved=2ahUKEwiKkoXO4JPnAhWgJTQIHZiJDbEQ8tMDegQIChA3",
      "8": "https://www.google.com/search?q=affiliate+bet365&ei=eXAmXsrxO6DL0PEPmJO2iAs&start=70&sa=N&ved=2ahUKEwiKkoXO4JPnAhWgJTQIHZiJDbEQ8tMDegQIChA5",
      "9": "https://www.google.com/search?q=affiliate+bet365&ei=eXAmXsrxO6DL0PEPmJO2iAs&start=80&sa=N&ved=2ahUKEwiKkoXO4JPnAhWgJTQIHZiJDbEQ8tMDegQIChA7",
      "10": "https://www.google.com/search?q=affiliate+bet365&ei=eXAmXsrxO6DL0PEPmJO2iAs&start=90&sa=N&ved=2ahUKEwiKkoXO4JPnAhWgJTQIHZiJDbEQ8tMDegQIChA9"
    }
  },
  "serpapi_pagination": {
    "current": 1,
    "next_link": "https://serpapi.com/search.json?device=desktop&engine=google&google_domain=google.com&q=affiliate+bet365&start=10&token=739f0a2811a41099",
    "next": "https://serpapi.com/search.json?device=desktop&engine=google&google_domain=google.com&q=affiliate+bet365&start=10&token=739f0a2811a41099",
    "other_pages": {
      "2": "https://serpapi.com/search.json?device=desktop&engine=google&google_domain=google.com&q=affiliate+bet365&start=10&token=739f0a2811a41099",
      "3": "https://serpapi.com/search.json?device=desktop&engine=google&google_domain=google.com&q=affiliate+bet365&start=20&token=660bc2f69df331f3",
      "4": "https://serpapi.com/search.json?device=desktop&engine=google&google_domain=google.com&q=affiliate+bet365&start=30&token=961bfb9500450074",
      "5": "https://serpapi.com/search.json?device=desktop&engine=google&google_domain=google.com&q=affiliate+bet365&start=40&token=0bc66ead8cf483dd",
      "6": "https://serpapi.com/search.json?device=desktop&engine=google&google_domain=google.com&q=affiliate+bet365&start=50&token=93b62637cefff8f1",
      "7": "https://serpapi.com/search.json?device=desktop&engine=google&google_domain=google.com&q=affiliate+bet365&start=60&token=986fa4161294df4d",
      "8": "https://serpapi.com/search.json?device=desktop&engine=google&google_domain=google.com&q=affiliate+bet365&start=70&token=079cfe6a10a5f22c",
      "9": "https://serpapi.com/search.json?device=desktop&engine=google&google_domain=google.com&q=affiliate+bet365&start=80&token=4ea98c07942ed19a",
      "10": "https://serpapi.com/search.json?device=desktop&engine=google&google_domain=google.com&q=affiliate+bet365&start=90&token=472278efc0661bab"
    }
  }
}