{
  "search_metadata": {
    "id": "",
    "status": "Success",
    "json_endpoint": "",
    "created_at": "2020-01-21 15:20:10 UTC",
    "processed_at": "2020-01-21 15:20:10 UTC",
    "google_url": "https://www.google.com/search?q=affiliate+feed&oq=affiliate+feed&sourceid=chrome&ie=UTF-8",
    "raw_html_file": "",
    "total_time_taken": 1.66
  },
  "search_parameters": {
    "engine": "google",
    "q": "affiliate feed",
    "google_domain": "google.com",
    "device": "desktop"
  },
  "search_information": {
    "organic_results_state": "Results for exact spelling",
    "total_results": 259000000,
    "time_taken_displayed": 0.41,
    "query_displayed": "affiliate feed"
  },
  "knowledge_graph": {},
  "organic_results": [
    {
      "position": 1,
      "title": "AffiliateFeeds.com - The ultimate feed tool plus a free affiliate ...",
      "link": "https://www.affiliatefeeds.com/",
      "displayed_link": "https://www.affiliatefeeds.com",
      "snippet": "Want a highly converting affiliate website? Thanks to our tool + website we can generate you money though affiliate feeds (without headache).",
      "cached_page_link": "https://webcache.googleusercontent.com/search?q=cache:rDTgkZyDeKAJ:https://www.affiliatefeeds.com/+&cd=1&hl=es-419&ct=clnk&gl=ec"
    },
    {
      "position": 2,
      "title": "What is an Affiliate Data Feed? - Answered Here! | Affilorama",
      "link": "https://www.affilorama.com/glossary/affiliate-data-feed",
      "displayed_link": "https://www.affilorama.com › glossary › affiliate-data-...",
      "snippet": "Affiliate data feeds are provided by merchants to affiliates to better promote and sell their products. Data feeds are converted into individual products and include ...",
      "cached_page_link": "https://webcache.googleusercontent.com/search?q=cache:YA3h1n0Qm-4J:https://www.affilorama.com/glossary/affiliate-data-feed+&cd=2&hl=es-419&ct=clnk&gl=ec",
      "related_pages_link": "https://www.google.com/search?q=related:https://www.affilorama.com/glossary/affiliate-data-feed+affiliate+feed&tbo=1&sa=X&ved=2ahUKEwjd9Y-N_5TnAhXVdd4KHSG7BQQQHzABegQIBRAH"
    },
    {
      "position": 3,
      "title": "What is a Product Data Feed? | Affiliate Marketing Data Feed ...",
      "link": "https://www.amnavigator.com/blog/2018/12/11/what-is-a-product-data-feed/",
      "displayed_link": "https://www.amnavigator.com › blog › 2018/12/11",
      "date": "11 dic. 2018",
      "snippet": "In e-Commerce, product feeds or data feeds are used regularly especially when you are exchanging large amounts of information or data.",
      "cached_page_link": "https://webcache.googleusercontent.com/search?q=cache:HK7k0FQ3R2YJ:https://www.amnavigator.com/blog/2018/12/11/what-is-a-product-data-feed/+&cd=3&hl=es-419&ct=clnk&gl=ec"
    },
    {
      "position": 4,
      "title": "Affiliate Data Feed | Post Affiliate Pro",
      "link": "https://www.postaffiliatepro.com/affiliate-marketing-glossary/affiliate-data-feed/",
      "displayed_link": "https://www.postaffiliatepro.com › affiliate-marketing-glossary › affiliate-d...",
      "snippet": "Affiliate data feed is created for affiliates to better advertise and sell company's services and products. It is created by merchants. These Affiliate Data Feeds are ...",
      "cached_page_link": "https://webcache.googleusercontent.com/search?q=cache:whkU7ha6u8oJ:https://www.postaffiliatepro.com/affiliate-marketing-glossary/affiliate-data-feed/+&cd=4&hl=es-419&ct=clnk&gl=ec"
    },
    {
      "position": 5,
      "title": "Datafeedr – WordPress Affiliate Plugin for WooCommerce",
      "link": "https://www.datafeedr.com/",
      "displayed_link": "https://www.datafeedr.com",
      "snippet": "We made it easy to import products from affiliate data feeds into your WooCommerce shop and quickly build your own WordPress affiliate store.",
      "cached_page_link": "https://webcache.googleusercontent.com/search?q=cache:8OG-S4G8nRYJ:https://www.datafeedr.com/+&cd=5&hl=es-419&ct=clnk&gl=ec",
      "related_pages_link": "https://www.google.com/search?q=related:https://www.datafeedr.com/+affiliate+feed&tbo=1&sa=X&ved=2ahUKEwjd9Y-N_5TnAhXVdd4KHSG7BQQQHzAEegQIBxAF"
    },
    {
      "position": 6,
      "title": "Affiliate Marketing: Using Product Data Feeds | Practical ...",
      "link": "https://www.practicalecommerce.com/Affiliate-Marketing-Using-Product-Data-Feeds",
      "displayed_link": "https://www.practicalecommerce.com › Affiliate-Mark...",
      "date": "29 oct. 2012",
      "snippet": "A common error that merchants make when launching an affiliate program is not providing enough marketing support for their affiliates.",
      "cached_page_link": "https://webcache.googleusercontent.com/search?q=cache:m-0h5u46V9IJ:https://www.practicalecommerce.com/Affiliate-Marketing-Using-Product-Data-Feeds+&cd=6&hl=es-419&ct=clnk&gl=ec"
    },
    {
      "position": 7,
      "title": "Affiliate Network Feed Automation & Optimization - GoDataFeed",
      "link": "https://www.godatafeed.com/affiliate-networks",
      "displayed_link": "https://www.godatafeed.com › affiliate-networks",
      "snippet": "Affiliate network product feeds can get complicated. We make it easy to create, manage, optimize and automate affiliate network feeds. Start a free trial now to ...",
      "cached_page_link": "https://webcache.googleusercontent.com/search?q=cache:PQc1U-AbOmQJ:https://www.godatafeed.com/affiliate-networks+&cd=7&hl=es-419&ct=clnk&gl=ec"
    },
    {
      "position": 8,
      "title": "Affiliate Program – FEED - FEED Projects",
      "link": "https://feedprojects.com/pages/affiliate-program",
      "displayed_link": "https://feedprojects.com › pages › affiliate-program",
      "snippet": "Whether you are a micro-influencer, style or lifestyle blogger, or just really love FEED, we'd love for you to join our affiliate program. The FEED Affiliate program ...",
      "cached_page_link": "https://webcache.googleusercontent.com/search?q=cache:rt8RbyMNco0J:https://feedprojects.com/pages/affiliate-program+&cd=8&hl=es-419&ct=clnk&gl=ec"
    },
    {
      "position": 9,
      "title": "Koongo | Feed and Affiliate Marketing Tool",
      "link": "https://www.koongo.com/",
      "displayed_link": "https://www.koongo.com",
      "snippet": "Koongo is Feed and Affiliate Marketing Tool that allows integration of electronic stores with 500+ product aggregators, affiliate networks and selling channels ...",
      "cached_page_link": "https://webcache.googleusercontent.com/search?q=cache:2odxrkr3_bkJ:https://www.koongo.com/+&cd=9&hl=es-419&ct=clnk&gl=ec",
      "related_pages_link": "https://www.google.com/search?q=related:https://www.koongo.com/+affiliate+feed&tbo=1&sa=X&ved=2ahUKEwjd9Y-N_5TnAhXVdd4KHSG7BQQQHzAIegQIChAF"
    },
    {
      "position": 10,
      "title": "Affiliate Product Feed Management | Highstreet.io",
      "link": "https://www.highstreet.io/product-feed-management/affiliate-product-feed-management/",
      "displayed_link": "https://www.highstreet.io › product-feed-management",
      "snippet": "Take the hassle out of affiliate product feed management and provide your affiliates with the product data they need to effectively promote your products.",
      "cached_page_link": "https://webcache.googleusercontent.com/search?q=cache:nR6rM0HgtvAJ:https://www.highstreet.io/product-feed-management/affiliate-product-feed-management/+&cd=10&hl=es-419&ct=clnk&gl=ec"
    }
  ],
  "pagination": {
    "current": 1,
    "next": "https://www.google.com/search?q=affiliate+feed&ei=qxYnXp30BNXr-Qah9pYg&start=10&sa=N&ved=2ahUKEwjd9Y-N_5TnAhXVdd4KHSG7BQQQ8NMDegQICxBB",
    "other_pages": {
      "2": "https://www.google.com/search?q=affiliate+feed&ei=qxYnXp30BNXr-Qah9pYg&start=10&sa=N&ved=2ahUKEwjd9Y-N_5TnAhXVdd4KHSG7BQQQ8tMDegQICxAv",
      "3": "https://www.google.com/search?q=affiliate+feed&ei=qxYnXp30BNXr-Qah9pYg&start=20&sa=N&ved=2ahUKEwjd9Y-N_5TnAhXVdd4KHSG7BQQQ8tMDegQICxAx",
      "4": "https://www.google.com/search?q=affiliate+feed&ei=qxYnXp30BNXr-Qah9pYg&start=30&sa=N&ved=2ahUKEwjd9Y-N_5TnAhXVdd4KHSG7BQQQ8tMDegQICxAz",
      "5": "https://www.google.com/search?q=affiliate+feed&ei=qxYnXp30BNXr-Qah9pYg&start=40&sa=N&ved=2ahUKEwjd9Y-N_5TnAhXVdd4KHSG7BQQQ8tMDegQICxA1",
      "6": "https://www.google.com/search?q=affiliate+feed&ei=qxYnXp30BNXr-Qah9pYg&start=50&sa=N&ved=2ahUKEwjd9Y-N_5TnAhXVdd4KHSG7BQQQ8tMDegQICxA3",
      "7": "https://www.google.com/search?q=affiliate+feed&ei=qxYnXp30BNXr-Qah9pYg&start=60&sa=N&ved=2ahUKEwjd9Y-N_5TnAhXVdd4KHSG7BQQQ8tMDegQICxA5",
      "8": "https://www.google.com/search?q=affiliate+feed&ei=qxYnXp30BNXr-Qah9pYg&start=70&sa=N&ved=2ahUKEwjd9Y-N_5TnAhXVdd4KHSG7BQQQ8tMDegQICxA7",
      "9": "https://www.google.com/search?q=affiliate+feed&ei=qxYnXp30BNXr-Qah9pYg&start=80&sa=N&ved=2ahUKEwjd9Y-N_5TnAhXVdd4KHSG7BQQQ8tMDegQICxA9",
      "10": "https://www.google.com/search?q=affiliate+feed&ei=qxYnXp30BNXr-Qah9pYg&start=90&sa=N&ved=2ahUKEwjd9Y-N_5TnAhXVdd4KHSG7BQQQ8tMDegQICxA_"
    }
  },
  "serpapi_pagination": {
    "current": 1,
    "next_link": "https://serpapi.com/search.json?device=desktop&engine=google&google_domain=google.com&q=affiliate+feed&start=10&token=fc6b55ac5f038533",
    "next": "https://serpapi.com/search.json?device=desktop&engine=google&google_domain=google.com&q=affiliate+feed&start=10&token=fc6b55ac5f038533",
    "other_pages": {
      "2": "https://serpapi.com/search.json?device=desktop&engine=google&google_domain=google.com&q=affiliate+feed&start=10&token=fc6b55ac5f038533",
      "3": "https://serpapi.com/search.json?device=desktop&engine=google&google_domain=google.com&q=affiliate+feed&start=20&token=605d137813976d70",
      "4": "https://serpapi.com/search.json?device=desktop&engine=google&google_domain=google.com&q=affiliate+feed&start=30&token=c064202cc02dcc5a",
      "5": "https://serpapi.com/search.json?device=desktop&engine=google&google_domain=google.com&q=affiliate+feed&start=40&token=7f41319d543656e8",
      "6": "https://serpapi.com/search.json?device=desktop&engine=google&google_domain=google.com&q=affiliate+feed&start=50&token=3633bf818661b6e6",
      "7": "https://serpapi.com/search.json?device=desktop&engine=google&google_domain=google.com&q=affiliate+feed&start=60&token=eb5349ab0e725002",
      "8": "https://serpapi.com/search.json?device=desktop&engine=google&google_domain=google.com&q=affiliate+feed&start=70&token=bc9940fcae27642c",
      "9": "https://serpapi.com/search.json?device=desktop&engine=google&google_domain=google.com&q=affiliate+feed&start=80&token=58d4facc60c7fb43",
      "10": "https://serpapi.com/search.json?device=desktop&engine=google&google_domain=google.com&q=affiliate+feed&start=90&token=e69cd284ff1982d3"
    }
  }
}