{
  "search_metadata": {
    "id": "",
    "status": "Success",
    "json_endpoint": "",
    "created_at": "2020-01-21 03:46:48 UTC",
    "processed_at": "2020-01-21 03:46:48 UTC",
    "google_url": "https://www.google.com/search?q=affiliate+cpa&oq=affiliate+cpa&sourceid=chrome&ie=UTF-8",
    "raw_html_file": "",
    "total_time_taken": 1.65
  },
  "search_parameters": {
    "engine": "google",
    "q": "affiliate cpa",
    "google_domain": "google.com",
    "device": "desktop"
  },
  "search_information": {
    "organic_results_state": "Results for exact spelling",
    "total_results": 15100000,
    "time_taken_displayed": 0.37,
    "query_displayed": "affiliate cpa"
  },
  "ads": [
    {
      "position": 1,
      "block_position": "bottom",
      "title": "Best CPA Affiliate Network | Best Payouts - Best Offers‎",
      "link": "http://finoads.com/",
      "displayed_link": "www.finoads.com/",
      "tracking_link": "https://www.google.com/aclk?sa=l&ai=DChcSEwjnxYOQ5JPnAhVBsO0KHa5GB-kYABAAGgJkZw&sig=AOD64_0J5F4qQAKjWBTDk1E2zzzKzS64RQ&q=&ved=2ahUKEwiluf6P5JPnAhVhQ0EAHUkpD60Q0Qx6BAgREAE&adurl=",
      "description": "FinoAds is the fastest growing Affiliate Network in the Market. Best and Weekly Payouts in almost all Verticals. Signup today!",
      "sitelinks": [
        {
          "title": "View Benefits",
          "link": "http://finoads.com/#why-finoads"
        },
        {
          "title": "Sign Up",
          "link": "https://partners.finoads.com/affiliate/signup"
        },
        {
          "title": "Contact Us",
          "link": "http://finoads.com/#contact-us"
        },
        {
          "title": "Log In",
          "link": "https://partners.finoads.com/login"
        },
        {
          "title": "Our Key Vertical",
          "link": "http://finoads.com/#verticals"
        }
      ]
    }
  ],
  "knowledge_graph": {},
  "related_questions": [
    {
      "question": "How does CPA affiliate marketing work?",
      "snippet": "What Is CPA Marketing? Cost Per Action (CPA) Marketing is a affiliate model where a commission is paid when a user takes a specific action. These actions include filling out a form, getting a quote, signing up for a trial, or making a purchase.Jul 30, 2018",
      "title": "CPA Marketing: The Ultimate Guide (Updated) - Backlinko",
      "link": "https://backlinko.com/cpa-marketing",
      "displayed_link": "backlinko.com › cpa-marketing"
    },
    {
      "question": "What is CPA commission?",
      "snippet": "Action Commissions (CPA – Commission Per Action) The Action Commissions feature allows you to define actions that determine when commissions will be paid, such as “per action,” “per click,” and various other “per” scenarios. Most affiliate softwares have limitations that you can track only sales or leads.",
      "title": "Action Commissions | Post Affiliate Pro",
      "link": "https://www.postaffiliatepro.com/features/action-commissions-cpa-commission-per-action/",
      "displayed_link": "www.postaffiliatepro.com › features › action-commissions-cpa-commissi..."
    },
    {
      "question": "What is CPA account?",
      "snippet": "CPA marketing is when you make people take some action (e g. submit an email, or register an account etc.), and you get paid for that. It's pretty much the easiest way to make some quick cash online with little to no money to invest.Jul 15, 2019",
      "title": "CPA Marketing - How To Make Money With No Site, No Skill Nor ...",
      "link": "https://wealthmagnate.com/cpa-marketing/",
      "displayed_link": "wealthmagnate.com › cpa-marketing"
    },
    {
      "question": "What is CPA digital marketing?",
      "snippet": "Cost per action (CPA) is an online advertising marketing strategy that allows an advertiser to pay for a specified action from a prospective customer. Doing a CPA campaign is relatively low risk for the advertiser, as payment only has to be made when a specific action takes place.",
      "title": "What is Cost Per Action (CPA)? - Definition from Techopedia",
      "link": "https://www.techopedia.com/definition/5344/cost-per-action-cpa",
      "displayed_link": "www.techopedia.com › definition › cost-per-action-cpa"
    }
  ],
  "organic_results": [
    {
      "position": 1,
      "title": "Clickbooth",
      "link": "https://www.clickbooth.com/",
      "displayed_link": "www.clickbooth.com",
      "snippet": "Ranked The #1 CPA Network Worldwide, Clickbooth has been connecting Advertisers and Affiliates since 2002.",
      "sitelinks": {
        "inline": [
          {
            "title": "Company",
            "link": "https://www.clickbooth.com/company/"
          },
          {
            "title": "Contact",
            "link": "https://www.clickbooth.com/contact/"
          },
          {
            "title": "Log In",
            "link": "https://login.clickbooth.com/auth/login"
          },
          {
            "title": "Advertisers",
            "link": "https://www.clickbooth.com/#advertisers"
          }
        ]
      },
      "cached_page_link": "https://webcache.googleusercontent.com/search?q=cache:U55MHd9kQQYJ:https://www.clickbooth.com/+&cd=1&hl=en&ct=clnk&gl=us",
      "related_pages_link": "https://www.google.com/search?q=related:https://www.clickbooth.com/+affiliate+cpa&tbo=1&sa=X&ved=2ahUKEwiluf6P5JPnAhVhQ0EAHUkpD60QHzAAegQIAhAH"
    },
    {
      "position": 2,
      "title": "What Is CPA Affiliate Marketing? | No B.S. Affiliate Marketing ...",
      "link": "https://www.affiliatemarketertraining.com/what-is-cpa-affiliate-marketing/",
      "displayed_link": "www.affiliatemarketertraining.com › what-is-cpa-affiliate-marketing",
      "snippet": "What Is CPA Affiliate Marketing? Cost Per Acquisition (CPA), otherwise known as Cost Per Action, is a form of affiliate marketing where advertisers pay for a specific form of acquisition or action to be taken.",
      "cached_page_link": "https://webcache.googleusercontent.com/search?q=cache:yudHOcwsXNwJ:https://www.affiliatemarketertraining.com/what-is-cpa-affiliate-marketing/+&cd=2&hl=en&ct=clnk&gl=us"
    },
    {
      "position": 3,
      "title": "CPA Marketing Tips: What It Is + How To Start (2019)",
      "link": "https://www.bigcommerce.com/blog/cpa-marketing/",
      "displayed_link": "www.bigcommerce.com › blog › cpa-marketing",
      "snippet": "CPA marketing, also known as cost per action marketing, is a style of the affiliate marketing model that offers a commission to the affiliate when a specific action ...",
      "cached_page_link": "https://webcache.googleusercontent.com/search?q=cache:Jhqz5Ji6ZkIJ:https://www.bigcommerce.com/blog/cpa-marketing/+&cd=11&hl=en&ct=clnk&gl=us"
    },
    {
      "position": 4,
      "title": "CPA Marketing: The Ultimate Guide (Updated) - Backlinko",
      "link": "https://backlinko.com/cpa-marketing",
      "displayed_link": "backlinko.com › cpa-marketing",
      "date": "Jul 30, 2018",
      "snippet": "Then I promoted affiliate products… but I couldn't get the traffic to convert. Then I tried CPA marketing… and quickly realized that it was THE ...",
      "sitelinks": {
        "inline": [
          {
            "title": "Why CPA?",
            "link": "https://backlinko.com/cpa-marketing#why"
          },
          {
            "title": "Step #1: Find an Offer",
            "link": "https://backlinko.com/cpa-marketing#find"
          },
          {
            "title": "Step #2: Join a Network",
            "link": "https://backlinko.com/cpa-marketing#join"
          }
        ]
      }
    },
    {
      "position": 5,
      "title": "CPA Affiliate Networks, Programs and Offers - Business of Apps",
      "link": "https://www.businessofapps.com/affiliate/cpa/",
      "displayed_link": "www.businessofapps.com › affiliate › cpa",
      "snippet": "This section is dedicated to host affiliate networks that allow publishers to generate revenue by supplying advertisers with specific actions they want mobile or ...",
      "cached_page_link": "https://webcache.googleusercontent.com/search?q=cache:Gb-T1HnZFiAJ:https://www.businessofapps.com/affiliate/cpa/+&cd=13&hl=en&ct=clnk&gl=us"
    },
    {
      "position": 6,
      "title": "What Is CPA Affiliate Marketing – The Absolute Beginner's ...",
      "link": "https://charlesngo.com/what-is-cpa-affiliate-marketing/",
      "displayed_link": "charlesngo.com › what-is-cpa-affiliate-marketing",
      "date": "May 8, 2017",
      "snippet": "“Affiliate marketing is a business model based on performance marketing.” A company will pay commission to affiliates who deliver them leads.",
      "cached_page_link": "https://webcache.googleusercontent.com/search?q=cache:XM-2KfBjtQAJ:https://charlesngo.com/what-is-cpa-affiliate-marketing/+&cd=14&hl=en&ct=clnk&gl=us"
    },
    {
      "position": 7,
      "title": "20+ Best CPA Affiliate Networks (Top CPA Network 2019)",
      "link": "https://www.earningguys.com/affiliate_marketing/20-best-cpa-affiliate-networks/",
      "displayed_link": "www.earningguys.com › affiliate_marketing › 20-best-cpa-affiliate-ne...",
      "snippet": "20 Best CPA Affiliate Networks from where an affiliate can find great CPA offers. These Cost Per Action Networks pays on time and have lot of CPA offers.",
      "cached_page_link": "https://webcache.googleusercontent.com/search?q=cache:1MW5IOpvs1IJ:https://www.earningguys.com/affiliate_marketing/20-best-cpa-affiliate-networks/+&cd=15&hl=en&ct=clnk&gl=us"
    },
    {
      "position": 8,
      "title": "OfferVault: Affiliate Marketing | Affiliate Programs | CPA Offers",
      "link": "https://www.offervault.com/",
      "displayed_link": "www.offervault.com",
      "date": "Results 1 50 of 51579",
      "snippet": "Affiliate Marketing made easy. Find the best affiliate programs, affiliate networks and affiliate marketing resources. We're the #1 Source ...",
      "cached_page_link": "https://webcache.googleusercontent.com/search?q=cache:Cq9uiZFFTScJ:https://www.offervault.com/+&cd=16&hl=en&ct=clnk&gl=us",
      "related_pages_link": "https://www.google.com/search?q=related:https://www.offervault.com/+affiliate+cpa&tbo=1&sa=X&ved=2ahUKEwiluf6P5JPnAhVhQ0EAHUkpD60QHzAPegQICBAH"
    },
    {
      "position": 9,
      "title": "What is CPA Marketing: The Beginners Guide To CPA Marketing",
      "link": "https://www.shoutmeloud.com/cpa-marketing.html",
      "displayed_link": "www.shoutmeloud.com › Affiliate Marketing",
      "snippet": "How many times you have heard of term CPA & wondered how's it different than Affiliate marketing? Well, in this guide you will learn how CPA is different & at ...",
      "cached_page_link": "https://webcache.googleusercontent.com/search?q=cache:BX8HN9j3UvMJ:https://www.shoutmeloud.com/cpa-marketing.html+&cd=17&hl=en&ct=clnk&gl=us",
      "related_pages_link": "https://www.google.com/search?q=related:https://www.shoutmeloud.com/cpa-marketing.html+affiliate+cpa&tbo=1&sa=X&ved=2ahUKEwiluf6P5JPnAhVhQ0EAHUkpD60QHzAQegQIChAL"
    },
    {
      "position": 10,
      "title": "CPA Marketing: The Definitive Guide for 2019 (No Website ...",
      "link": "https://www.mobidea.com/academy/cpa-marketing/",
      "displayed_link": "www.mobidea.com › academy › cpa-marketing",
      "date": "Jump to The Affiliate Network",
      "snippet": "The affiliate network acts as an intermediary between you (the ... or networks focused on a specific type of CPA model, such ...",
      "cached_page_link": "https://webcache.googleusercontent.com/search?q=cache:Cjm5q4vMh0IJ:https://www.mobidea.com/academy/cpa-marketing/+&cd=18&hl=en&ct=clnk&gl=us"
    }
  ],
  "related_search_boxes": [
    {
      "position": 1,
      "query": "Top CPA networks 2019",
      "results": []
    },
    {
      "position": 2,
      "query": "Affiliate network listView 3+ moreView 3+",
      "results": []
    }
  ],
  "related_searches": [
    {
      "query": "cpa marketing for beginners",
      "link": "https://www.google.com/search?q=cpa+marketing+for+beginners&sa=X&ved=2ahUKEwiluf6P5JPnAhVhQ0EAHUkpD60Q1QIoAHoECA8QAQ"
    },
    {
      "query": "cpa marketing 2019",
      "link": "https://www.google.com/search?q=cpa+marketing+2019&sa=X&ved=2ahUKEwiluf6P5JPnAhVhQ0EAHUkpD60Q1QIoAXoECA8QAg"
    },
    {
      "query": "cpa network meaning",
      "link": "https://www.google.com/search?q=cpa+network+meaning&sa=X&ved=2ahUKEwiluf6P5JPnAhVhQ0EAHUkpD60Q1QIoAnoECA8QAw"
    },
    {
      "query": "cpa marketing tools",
      "link": "https://www.google.com/search?q=cpa+marketing+tools&sa=X&ved=2ahUKEwiluf6P5JPnAhVhQ0EAHUkpD60Q1QIoA3oECA8QBA"
    },
    {
      "query": "clickbooth review",
      "link": "https://www.google.com/search?q=clickbooth+review&sa=X&ved=2ahUKEwiluf6P5JPnAhVhQ0EAHUkpD60Q1QIoBHoECA8QBQ"
    },
    {
      "query": "cpa marketing pdf",
      "link": "https://www.google.com/search?q=cpa+marketing+pdf&sa=X&ved=2ahUKEwiluf6P5JPnAhVhQ0EAHUkpD60Q1QIoBXoECA8QBg"
    },
    {
      "query": "maxbounty best cpa affiliate network",
      "link": "https://www.google.com/search?q=maxbounty+best+cpa+affiliate+network&sa=X&ved=2ahUKEwiluf6P5JPnAhVhQ0EAHUkpD60Q1QIoBnoECA8QBw"
    },
    {
      "query": "affiliate marketing",
      "link": "https://www.google.com/search?q=affiliate+marketing&sa=X&ved=2ahUKEwiluf6P5JPnAhVhQ0EAHUkpD60Q1QIoB3oECA8QCA"
    }
  ],
  "pagination": {
    "current": 1,
    "next": "https://www.google.com/search?q=affiliate+cpa&ei=KXQmXuWAJOGGhbIPydK86Ao&start=10&sa=N&ved=2ahUKEwiluf6P5JPnAhVhQ0EAHUkpD60Q8NMDegQIEBBB",
    "other_pages": {
      "2": "https://www.google.com/search?q=affiliate+cpa&ei=KXQmXuWAJOGGhbIPydK86Ao&start=10&sa=N&ved=2ahUKEwiluf6P5JPnAhVhQ0EAHUkpD60Q8tMDegQIEBAv",
      "3": "https://www.google.com/search?q=affiliate+cpa&ei=KXQmXuWAJOGGhbIPydK86Ao&start=20&sa=N&ved=2ahUKEwiluf6P5JPnAhVhQ0EAHUkpD60Q8tMDegQIEBAx",
      "4": "https://www.google.com/search?q=affiliate+cpa&ei=KXQmXuWAJOGGhbIPydK86Ao&start=30&sa=N&ved=2ahUKEwiluf6P5JPnAhVhQ0EAHUkpD60Q8tMDegQIEBAz",
      "5": "https://www.google.com/search?q=affiliate+cpa&ei=KXQmXuWAJOGGhbIPydK86Ao&start=40&sa=N&ved=2ahUKEwiluf6P5JPnAhVhQ0EAHUkpD60Q8tMDegQIEBA1",
      "6": "https://www.google.com/search?q=affiliate+cpa&ei=KXQmXuWAJOGGhbIPydK86Ao&start=50&sa=N&ved=2ahUKEwiluf6P5JPnAhVhQ0EAHUkpD60Q8tMDegQIEBA3",
      "7": "https://www.google.com/search?q=affiliate+cpa&ei=KXQmXuWAJOGGhbIPydK86Ao&start=60&sa=N&ved=2ahUKEwiluf6P5JPnAhVhQ0EAHUkpD60Q8tMDegQIEBA5",
      "8": "https://www.google.com/search?q=affiliate+cpa&ei=KXQmXuWAJOGGhbIPydK86Ao&start=70&sa=N&ved=2ahUKEwiluf6P5JPnAhVhQ0EAHUkpD60Q8tMDegQIEBA7",
      "9": "https://www.google.com/search?q=affiliate+cpa&ei=KXQmXuWAJOGGhbIPydK86Ao&start=80&sa=N&ved=2ahUKEwiluf6P5JPnAhVhQ0EAHUkpD60Q8tMDegQIEBA9",
      "10": "https://www.google.com/search?q=affiliate+cpa&ei=KXQmXuWAJOGGhbIPydK86Ao&start=90&sa=N&ved=2ahUKEwiluf6P5JPnAhVhQ0EAHUkpD60Q8tMDegQIEBA_"
    }
  },
  "serpapi_pagination": {
    "current": 1,
    "next_link": "https://serpapi.com/search.json?device=desktop&engine=google&google_domain=google.com&q=affiliate+cpa&start=10&token=020c78769d626907",
    "next": "https://serpapi.com/search.json?device=desktop&engine=google&google_domain=google.com&q=affiliate+cpa&start=10&token=020c78769d626907",
    "other_pages": {
      "2": "https://serpapi.com/search.json?device=desktop&engine=google&google_domain=google.com&q=affiliate+cpa&start=10&token=020c78769d626907",
      "3": "https://serpapi.com/search.json?device=desktop&engine=google&google_domain=google.com&q=affiliate+cpa&start=20&token=8a277d63b6ca85c4",
      "4": "https://serpapi.com/search.json?device=desktop&engine=google&google_domain=google.com&q=affiliate+cpa&start=30&token=ddebf06d630d2123",
      "5": "https://serpapi.com/search.json?device=desktop&engine=google&google_domain=google.com&q=affiliate+cpa&start=40&token=d0217144c87c2249",
      "6": "https://serpapi.com/search.json?device=desktop&engine=google&google_domain=google.com&q=affiliate+cpa&start=50&token=8661111a3853a3ba",
      "7": "https://serpapi.com/search.json?device=desktop&engine=google&google_domain=google.com&q=affiliate+cpa&start=60&token=d9fed50e59ae143c",
      "8": "https://serpapi.com/search.json?device=desktop&engine=google&google_domain=google.com&q=affiliate+cpa&start=70&token=ba4ec41f16f30c76",
      "9": "https://serpapi.com/search.json?device=desktop&engine=google&google_domain=google.com&q=affiliate+cpa&start=80&token=0136613f3dc29ec9",
      "10": "https://serpapi.com/search.json?device=desktop&engine=google&google_domain=google.com&q=affiliate+cpa&start=90&token=b9389786e74d1445"
    }
  }
}