{
  "search_metadata": {
    "id": "",
    "status": "Success",
    "json_endpoint": "",
    "created_at": "2020-01-21 14:17:29 UTC",
    "processed_at": "2020-01-21 14:17:29 UTC",
    "google_url": "https://www.google.com/search?q=affiliate+window+login&oq=affiliate+window+login&sourceid=chrome&ie=UTF-8",
    "raw_html_file": "",
    "total_time_taken": 1.62
  },
  "search_parameters": {
    "engine": "google",
    "q": "affiliate window login",
    "google_domain": "google.com",
    "device": "desktop"
  },
  "search_information": {
    "organic_results_state": "Results for exact spelling",
    "total_results": 138000000,
    "time_taken_displayed": 0.4,
    "query_displayed": "affiliate window login"
  },
  "knowledge_graph": {},
  "related_questions": [
    {
      "question": "How do I join awin?",
      "snippet": "On the left hand side of this Create profile page you will see a link to “Signup And Join Program”. Click this to continue to the Awin sign up screen. Alternatively you can visit the Awin Homepage and click “Become a Publisher” to sign up, then find the Create profile later to join the program.",
      "title": "How to join the Create affiliate program and start earning money ...",
      "link": "https://www.create.net/support/how-to-join-the-create-affiliate-program-and-start-earning-money-through-referrals",
      "displayed_link": "www.create.net › support › how-to-join-the-create-affiliate-program-and..."
    },
    {
      "question": "What is awin com?",
      "snippet": "Website. www.awin.com/ Awin is a global affiliate network. Made up of more than 100,000 contributing publishers and 13,000 advertisers, Awin has over 1000 employees in 15 offices worldwide.",
      "title": "Awin - Wikipedia",
      "link": "https://en.wikipedia.org/wiki/Awin",
      "displayed_link": "en.wikipedia.org › wiki › Awin"
    },
    {
      "question": "What is an affiliate publisher?",
      "snippet": "An affiliate marketing publisher is an individual website owner or business entity that earns commissions for referring sales, leads, and traffic to an advertiser by placing affiliate marketing advertisements such as links and banners on their websites.Apr 3, 2011",
      "title": "What is an Affiliate Marketing Publisher? A Definition of Affiliate ...",
      "link": "http://www.affiliatenetworknews.com/affiliate-marketing-tips/what-is-an-affiliate-marketing-publisher/",
      "displayed_link": "www.affiliatenetworknews.com › affiliate-marketing-tips › what-is-an-af..."
    },
    {
      "question": "Is ShareASale free?",
      "snippet": "Affiliates. It is always free to join ShareASale as an Affiliate, the sign-up process is quick and easy and once you are approved into the ShareASale network, thousands of Merchant Programs will be waiting for you to join them as a partner.Dec 12, 2016",
      "title": "How Do Payments Work? - ShareASale Blog",
      "link": "http://blog.shareasale.com/2016/12/12/payments-refresher/",
      "displayed_link": "blog.shareasale.com › 2016/12/12 › payments-refresher"
    }
  ],
  "organic_results": [
    {
      "position": 1,
      "title": "Awin: Global Affiliate Marketing Network",
      "link": "https://www.awin.com/us",
      "displayed_link": "www.awin.com › ...",
      "snippet": "Grow your business with a global affiliate marketing network that delivers marketing solutions for advertisers, agencies and publishers around the world.",
      "sitelinks": {
        "inline": [
          {
            "title": "Publishers",
            "link": "https://www.awin.com/us/publishers"
          },
          {
            "title": "Affilinet",
            "link": "https://www.awin.com/gb"
          },
          {
            "title": "Affiliate Marketing",
            "link": "https://www.awin.com/au"
          },
          {
            "title": "Advertisers",
            "link": "https://www.awin.com/us/advertisers"
          }
        ]
      },
      "cached_page_link": "https://webcache.googleusercontent.com/search?q=cache:OhexsiNB_m0J:https://www.awin.com/us+&cd=1&hl=en&ct=clnk&gl=us",
      "related_pages_link": "https://www.google.com/search?q=related:https://www.awin.com/us+affiliate+window+login&tbo=1&sa=X&ved=2ahUKEwiApr-L8ZTnAhWyKn0KHZiuDRMQHzAAegQIAxAJ"
    },
    {
      "position": 2,
      "title": "Awin",
      "link": "https://ui.awin.com/",
      "displayed_link": "ui.awin.com",
      "snippet": "Forgot your password? Login. Dansk; Deutsch; English (UK); English (US); Español; Français; Italiano; Nederlands; Norsk; Polski; Português (Brasil); Svenska.",
      "sitelinks": {
        "inline": [
          {
            "title": "Sign up to Awin",
            "link": "https://ui.awin.com/publisher-signup/us/"
          },
          {
            "title": "Login",
            "link": "https://ui.awin.com/login?setLocale=nl_NL"
          },
          {
            "title": "Norsk",
            "link": "https://ui.awin.com/login?setLocale=nb_NO"
          },
          {
            "title": "Interface",
            "link": "https://wiki.awin.com/index.php/FAQ_Publisher_Interface"
          }
        ]
      },
      "cached_page_link": "https://webcache.googleusercontent.com/search?q=cache:V7lH-BVfB7gJ:https://ui.awin.com/+&cd=2&hl=en&ct=clnk&gl=us",
      "related_pages_link": "https://www.google.com/search?q=related:https://ui.awin.com/+affiliate+window+login&tbo=1&sa=X&ved=2ahUKEwiApr-L8ZTnAhWyKn0KHZiuDRMQHzABegQIBRAH"
    },
    {
      "position": 3,
      "title": "Join Our UK Affiliate Network - Awin",
      "link": "https://www.awin.com/gb",
      "displayed_link": "www.awin.com › ...",
      "snippet": "Affiliate marketing is a simple way to earn money online, using our affiliate network. Join a global community of publishers and advertisers.",
      "cached_page_link": "https://webcache.googleusercontent.com/search?q=cache:ZsPmYYsKqx8J:https://www.awin.com/gb+&cd=3&hl=en&ct=clnk&gl=us",
      "related_pages_link": "https://www.google.com/search?q=related:https://www.awin.com/gb+affiliate+window+login&tbo=1&sa=X&ved=2ahUKEwiApr-L8ZTnAhWyKn0KHZiuDRMQHzACegQIARAJ"
    },
    {
      "position": 4,
      "title": "Become An Affiliate Publisher | Awin",
      "link": "https://www.awin.com/us/publishers",
      "displayed_link": "www.awin.com › publishers",
      "snippet": "Monetize your business by joining an affiliate network designed for digital publishers. Our Advertiser Directory has 29500+ brands to promote across 180 ...",
      "cached_page_link": "https://webcache.googleusercontent.com/search?q=cache:HvK5SZex500J:https://www.awin.com/us/publishers+&cd=12&hl=en&ct=clnk&gl=us",
      "related_pages_link": "https://www.google.com/search?q=related:https://www.awin.com/us/publishers+affiliate+window+login&tbo=1&sa=X&ved=2ahUKEwiApr-L8ZTnAhWyKn0KHZiuDRMQHzALegQIBhAJ"
    },
    {
      "position": 5,
      "title": "ShareASale",
      "link": "https://www.shareasale.com/",
      "displayed_link": "www.shareasale.com",
      "snippet": "WE BUILD TOOLS TO HELP OUR CLIENTS SUCCEED IN AFFILIATE MARKETING. TECHNOLOGY SERVICES ABOUT US OUR BLOG. ShareASale has been ...",
      "cached_page_link": "https://webcache.googleusercontent.com/search?q=cache:CiXQ8Dk_MmAJ:https://www.shareasale.com/+&cd=13&hl=en&ct=clnk&gl=us",
      "related_pages_link": "https://www.google.com/search?q=related:https://www.shareasale.com/+affiliate+window+login&tbo=1&sa=X&ved=2ahUKEwiApr-L8ZTnAhWyKn0KHZiuDRMQHzAMegQIBBAH"
    },
    {
      "position": 6,
      "title": "Affiliate Login - ShareASale",
      "link": "https://www.shareasale.com/a-login.cfm",
      "displayed_link": "www.shareasale.com › a-login",
      "snippet": "Check this box to join this program immediately upon login. You can't put a price on good sleep. At Nectar, we've aligned all our efforts around one simple ...",
      "cached_page_link": "https://webcache.googleusercontent.com/search?q=cache:J5R8kJjlPPcJ:https://www.shareasale.com/a-login.cfm+&cd=14&hl=en&ct=clnk&gl=us",
      "related_pages_link": "https://www.google.com/search?q=related:https://www.shareasale.com/a-login.cfm+affiliate+window+login&tbo=1&sa=X&ved=2ahUKEwiApr-L8ZTnAhWyKn0KHZiuDRMQHzANegQICBAJ"
    },
    {
      "position": 7,
      "title": "CJ Affiliate",
      "link": "https://www.cj.com/en-gb/",
      "displayed_link": "www.cj.com › en-gb",
      "snippet": "Thrive with CJ Affiliate—the world's largest and most established affiliate marketing network designed to help you achieve intelligent, scalable, and sustainable ...",
      "cached_page_link": "https://webcache.googleusercontent.com/search?q=cache:EXkJfwvqmkkJ:https://www.cj.com/en-gb/+&cd=15&hl=en&ct=clnk&gl=us",
      "missing": [
        "window"
      ],
      "must_include": {
        "word": "window",
        "link": "https://www.google.com/search?q=affiliate+%22window%22+login&sa=X&ved=2ahUKEwiApr-L8ZTnAhWyKn0KHZiuDRMQ5t4CMA56BAgJEAo"
      }
    },
    {
      "position": 8,
      "title": "Tradedoubler",
      "link": "https://www.tradedoubler.com/en/",
      "displayed_link": "www.tradedoubler.com › ...",
      "snippet": "Connect and grow with Tradedoubler performance marketing. Are you looking for leading affiliate marketing and performance solutions? We can help you grow ...",
      "cached_page_link": "https://webcache.googleusercontent.com/search?q=cache:yL8DtcL849cJ:https://www.tradedoubler.com/en/+&cd=16&hl=en&ct=clnk&gl=us",
      "missing": [
        "window"
      ],
      "must_include": {
        "word": "window",
        "link": "https://www.google.com/search?q=affiliate+%22window%22+login&sa=X&ved=2ahUKEwiApr-L8ZTnAhWyKn0KHZiuDRMQ5t4CMA96BAgKEAo"
      }
    },
    {
      "position": 9,
      "title": "Microsoft Affiliate Program Home",
      "link": "https://www.microsoftaffiliates.com/",
      "displayed_link": "www.microsoftaffiliates.com",
      "snippet": "Join the Microsoft Affiliate Program and earn up to 10% commission on Office, ... Just feature Microsoft hardware and software products, including apps, games, and movies from the Windows Store, and you'll get a cut of ... Click here to login.",
      "cached_page_link": "https://webcache.googleusercontent.com/search?q=cache:yMzYjMkROpoJ:https://www.microsoftaffiliates.com/+&cd=17&hl=en&ct=clnk&gl=us",
      "related_pages_link": "https://www.google.com/search?q=related:https://www.microsoftaffiliates.com/+affiliate+window+login&tbo=1&sa=X&ved=2ahUKEwiApr-L8ZTnAhWyKn0KHZiuDRMQHzAQegQIBxAH"
    },
    {
      "position": 10,
      "title": "Affiliate Window Login | Login in the partner window - Blackfox.io",
      "link": "http://www.blackfox.io/topic/affiliate-window-login",
      "displayed_link": "www.blackfox.io › topic › affiliate-window-login",
      "snippet": "Here you can login to your Publisher Account Dashboard and select \"Affiliate\". You are looking for the login for Media Center? To see your affiliate prices, you ...",
      "cached_page_link": "http://webcache.googleusercontent.com/search?q=cache:Iw0Dqz9uakIJ:www.blackfox.io/topic/affiliate-window-login+&cd=18&hl=en&ct=clnk&gl=us"
    }
  ],
  "related_search_boxes": [
    {
      "position": 1,
      "query": "Affiliate network listView 2+ moreView 2+",
      "results": []
    }
  ],
  "related_searches": [
    {
      "query": "affiliate window uk",
      "link": "https://www.google.com/search?q=affiliate+window+uk&sa=X&ved=2ahUKEwiApr-L8ZTnAhWyKn0KHZiuDRMQ1QIoAHoECAsQAQ"
    },
    {
      "query": "awin pricing",
      "link": "https://www.google.com/search?q=awin+pricing&sa=X&ved=2ahUKEwiApr-L8ZTnAhWyKn0KHZiuDRMQ1QIoAXoECAsQAg"
    },
    {
      "query": "affilinet",
      "link": "https://www.google.com/search?q=affilinet&sa=X&ved=2ahUKEwiApr-L8ZTnAhWyKn0KHZiuDRMQ1QIoAnoECAsQAw"
    },
    {
      "query": "cj affiliate",
      "link": "https://www.google.com/search?q=cj+affiliate&sa=X&ved=2ahUKEwiApr-L8ZTnAhWyKn0KHZiuDRMQ1QIoA3oECAsQBA"
    },
    {
      "query": "awin london",
      "link": "https://www.google.com/search?q=awin+london&sa=X&ved=2ahUKEwiApr-L8ZTnAhWyKn0KHZiuDRMQ1QIoBHoECAsQBQ"
    },
    {
      "query": "awin logo",
      "link": "https://www.google.com/search?q=awin+logo&sa=X&ved=2ahUKEwiApr-L8ZTnAhWyKn0KHZiuDRMQ1QIoBXoECAsQBg"
    },
    {
      "query": "awin invitation code",
      "link": "https://www.google.com/search?q=awin+invitation+code&sa=X&ved=2ahUKEwiApr-L8ZTnAhWyKn0KHZiuDRMQ1QIoBnoECAsQBw"
    },
    {
      "query": "tradedoubler",
      "link": "https://www.google.com/search?q=tradedoubler&sa=X&ved=2ahUKEwiApr-L8ZTnAhWyKn0KHZiuDRMQ1QIoB3oECAsQCA"
    }
  ],
  "pagination": {
    "current": 1,
    "next": "https://www.google.com/search?q=affiliate+window+login&ei=-QcnXsDFIrLV9AOY3baYAQ&start=10&sa=N&ved=2ahUKEwiApr-L8ZTnAhWyKn0KHZiuDRMQ8NMDegQIDhBA",
    "other_pages": {
      "2": "https://www.google.com/search?q=affiliate+window+login&ei=-QcnXsDFIrLV9AOY3baYAQ&start=10&sa=N&ved=2ahUKEwiApr-L8ZTnAhWyKn0KHZiuDRMQ8tMDegQIDhAu",
      "3": "https://www.google.com/search?q=affiliate+window+login&ei=-QcnXsDFIrLV9AOY3baYAQ&start=20&sa=N&ved=2ahUKEwiApr-L8ZTnAhWyKn0KHZiuDRMQ8tMDegQIDhAw",
      "4": "https://www.google.com/search?q=affiliate+window+login&ei=-QcnXsDFIrLV9AOY3baYAQ&start=30&sa=N&ved=2ahUKEwiApr-L8ZTnAhWyKn0KHZiuDRMQ8tMDegQIDhAy",
      "5": "https://www.google.com/search?q=affiliate+window+login&ei=-QcnXsDFIrLV9AOY3baYAQ&start=40&sa=N&ved=2ahUKEwiApr-L8ZTnAhWyKn0KHZiuDRMQ8tMDegQIDhA0",
      "6": "https://www.google.com/search?q=affiliate+window+login&ei=-QcnXsDFIrLV9AOY3baYAQ&start=50&sa=N&ved=2ahUKEwiApr-L8ZTnAhWyKn0KHZiuDRMQ8tMDegQIDhA2",
      "7": "https://www.google.com/search?q=affiliate+window+login&ei=-QcnXsDFIrLV9AOY3baYAQ&start=60&sa=N&ved=2ahUKEwiApr-L8ZTnAhWyKn0KHZiuDRMQ8tMDegQIDhA4",
      "8": "https://www.google.com/search?q=affiliate+window+login&ei=-QcnXsDFIrLV9AOY3baYAQ&start=70&sa=N&ved=2ahUKEwiApr-L8ZTnAhWyKn0KHZiuDRMQ8tMDegQIDhA6",
      "9": "https://www.google.com/search?q=affiliate+window+login&ei=-QcnXsDFIrLV9AOY3baYAQ&start=80&sa=N&ved=2ahUKEwiApr-L8ZTnAhWyKn0KHZiuDRMQ8tMDegQIDhA8",
      "10": "https://www.google.com/search?q=affiliate+window+login&ei=-QcnXsDFIrLV9AOY3baYAQ&start=90&sa=N&ved=2ahUKEwiApr-L8ZTnAhWyKn0KHZiuDRMQ8tMDegQIDhA-"
    }
  },
  "serpapi_pagination": {
    "current": 1,
    "next_link": "https://serpapi.com/search.json?device=desktop&engine=google&google_domain=google.com&q=affiliate+window+login&start=10&token=fb0d9d0f2df1099b",
    "next": "https://serpapi.com/search.json?device=desktop&engine=google&google_domain=google.com&q=affiliate+window+login&start=10&token=fb0d9d0f2df1099b",
    "other_pages": {
      "2": "https://serpapi.com/search.json?device=desktop&engine=google&google_domain=google.com&q=affiliate+window+login&start=10&token=fb0d9d0f2df1099b",
      "3": "https://serpapi.com/search.json?device=desktop&engine=google&google_domain=google.com&q=affiliate+window+login&start=20&token=f6d09f3fbc0348ac",
      "4": "https://serpapi.com/search.json?device=desktop&engine=google&google_domain=google.com&q=affiliate+window+login&start=30&token=3acb5017892d1073",
      "5": "https://serpapi.com/search.json?device=desktop&engine=google&google_domain=google.com&q=affiliate+window+login&start=40&token=98cc4c8b6fa1afc4",
      "6": "https://serpapi.com/search.json?device=desktop&engine=google&google_domain=google.com&q=affiliate+window+login&start=50&token=ab681b33cf247455",
      "7": "https://serpapi.com/search.json?device=desktop&engine=google&google_domain=google.com&q=affiliate+window+login&start=60&token=8917cdedf3d39ea3",
      "8": "https://serpapi.com/search.json?device=desktop&engine=google&google_domain=google.com&q=affiliate+window+login&start=70&token=3312fbb74f551493",
      "9": "https://serpapi.com/search.json?device=desktop&engine=google&google_domain=google.com&q=affiliate+window+login&start=80&token=a304d713cd443a1d",
      "10": "https://serpapi.com/search.json?device=desktop&engine=google&google_domain=google.com&q=affiliate+window+login&start=90&token=9061e47e71d51722"
    }
  }
}