{
  "search_metadata": {
    "id": "",
    "status": "Success",
    "json_endpoint": "",
    "created_at": "2020-01-21 14:24:32 UTC",
    "processed_at": "2020-01-21 14:24:32 UTC",
    "google_url": "https://www.google.com/search?q=affiliate+rule+144&oq=affiliate+rule+144&sourceid=chrome&ie=UTF-8",
    "raw_html_file": "",
    "total_time_taken": 2.73
  },
  "search_parameters": {
    "engine": "google",
    "q": "affiliate rule 144",
    "google_domain": "google.com",
    "device": "desktop"
  },
  "search_information": {
    "organic_results_state": "Results for exact spelling",
    "total_results": 3730000,
    "time_taken_displayed": 0.38,
    "query_displayed": "affiliate rule 144"
  },
  "knowledge_graph": {
    "see_more_about": []
  },
  "related_questions": [
    {
      "question": "What is an affiliate under Rule 144?",
      "snippet": "Rule 144(a)(3) identifies what sales produce restricted securities. Control securities are those held by an affiliate of the issuing company. An affiliate is a person, such as an executive officer, a director or large shareholder, in a relationship of control with the issuer.16 ene. 2013",
      "title": "Rule 144: Selling Restricted and Control Securities - SEC.gov",
      "link": "https://www.sec.gov/reportspubs/investor-publications/investorpubsrule144htm.html",
      "displayed_link": "www.sec.gov › investor-publications › investorpubsrule144htm"
    },
    {
      "question": "What is the Rule 144 holding period?",
      "snippet": "Rule 144 requires a selling security holder to hold shares of a non-reporting company for one year after the securities are fully paid for. Generally, the holding period commences once the securities are fully paid for.",
      "title": "Frequently Asked Questions about Rule 144 and ... - Morrison Foerster",
      "link": "https://media2.mofo.com/documents/faqrule144_145.pdf",
      "displayed_link": "media2.mofo.com › documents › faqrule144_145"
    },
    {
      "question": "What is a 144 filer?",
      "snippet": "An executive officer, director, or affiliate of a company must file SEC Form 144: Notice of Proposed Sale of Securities with the Securities and Exchange Commission or SEC when placing an order to sell that company's stock during any three-month period in which the sale exceeds 5,000 shares or units or has an aggregate ...14 abr. 2019",
      "title": "SEC Form 144 Overview - Investopedia",
      "link": "https://www.investopedia.com/terms/f/form144.asp",
      "displayed_link": "www.investopedia.com › terms › form144"
    },
    {
      "question": "What is the difference between Rule 144 and 144a?",
      "snippet": "Rule 144A has become the principal safe harbor on which non-U.S. companies rely when accessing the U.S. capital markets. ... Rule 144A should not be confused with Rule 144, which permits public (as opposed to private) unregistered resales of restricted and controlled securities (within certain limits.)",
      "title": "SEC Rule 144A - Wikipedia",
      "link": "https://en.wikipedia.org/wiki/SEC_Rule_144A",
      "displayed_link": "en.wikipedia.org › wiki › SEC_Rule_144A"
    }
  ],
  "answer_box": {
    "type": "organic_result",
    "title": "Affiliates | Rule 144 Solutions",
    "link": "https://www.rule144solution.com/affiliates/",
    "snippet": "Rule 144 at (a)(1) defines an “affiliate” of an issuing company as a person that directly, or indirectly through one or more intermediaries, controls, or is controlled by, or is under common control with, such issuer.”"
  },
  "organic_results": [
    {
      "position": 1,
      "title": "Rule 144: Selling Restricted and Control Securities - SEC.gov",
      "link": "https://www.sec.gov/reportspubs/investor-publications/investorpubsrule144htm.html",
      "displayed_link": "www.sec.gov › investorpubsrule144htm",
      "date": "16 ene. 2013",
      "snippet": "Rule 144 allows public resale of restricted and control securities if a ... Control securities are those held by an affiliate of the issuing company.",
      "cached_page_link": "https://webcache.googleusercontent.com/search?q=cache:pyHsbqKasQcJ:https://www.sec.gov/reportspubs/investor-publications/investorpubsrule144htm.html+&cd=11&hl=es&ct=clnk&gl=es",
      "related_pages_link": "https://www.google.com/search?q=related:https://www.sec.gov/reportspubs/investor-publications/investorpubsrule144htm.html+affiliate+rule+144&tbo=1&sa=X&ved=2ahUKEwiJudjV8pTnAhWyGaYKHQnvDocQHzAKegQIBBAJ"
    },
    {
      "position": 2,
      "title": "Frequently Asked Questions about Rule 144 and Rule 145",
      "link": "https://media2.mofo.com/documents/faqrule144_145.pdf",
      "displayed_link": "media2.mofo.com › documents › faqrule144_145",
      "snippet": "There are five basic requirements of Rule 144, although not all requirements apply to every sale. Affiliates of the issuer must comply with all five requirements.",
      "cached_page_link": "https://webcache.googleusercontent.com/search?q=cache:UPOaTODyDqAJ:https://media2.mofo.com/documents/faqrule144_145.pdf+&cd=12&hl=es&ct=clnk&gl=es"
    },
    {
      "position": 3,
      "title": "Rule 144 General Information for Affiliates - Clark Wilson LLP",
      "link": "https://www.cwilson.com/rule-144-general-information-affiliates-2/",
      "displayed_link": "www.cwilson.com › rule-144-general-informatio...",
      "date": "31 may. 2016",
      "snippet": "Further to our blog post about Rule 144 for non-affiliates, we would like to provide some general guidance on Rule 144 for affiliates in this post.",
      "cached_page_link": "https://webcache.googleusercontent.com/search?q=cache:ZcK13mEPsq4J:https://www.cwilson.com/rule-144-general-information-affiliates-2/+&cd=13&hl=es&ct=clnk&gl=es"
    },
    {
      "position": 4,
      "title": "Rule 144: Everything You Need to Know - UpCounsel",
      "link": "https://www.upcounsel.com/rule-144",
      "displayed_link": "www.upcounsel.com › rule-144",
      "snippet": "Rule 144 is the most common exemption that allows the resale of ... a non-affiliate shareholder who wants to sell their restricted securities; an affiliate of the ...",
      "cached_page_link": "https://webcache.googleusercontent.com/search?q=cache:OcQljIBBHfMJ:https://www.upcounsel.com/rule-144+&cd=14&hl=es&ct=clnk&gl=es"
    },
    {
      "position": 5,
      "title": "17 CFR § 230.144 - Persons deemed not to be engaged in a ...",
      "link": "https://www.law.cornell.edu/cfr/text/17/230.144",
      "displayed_link": "www.law.cornell.edu › cfr › text",
      "snippet": "Rule 144 creates a safe harbor from the Section 2(a)(11) definition of ... Any affiliate or other person who sells restricted securities will be deemed not to be ...",
      "cached_page_link": "https://webcache.googleusercontent.com/search?q=cache:_3o1M9Thhm0J:https://www.law.cornell.edu/cfr/text/17/230.144+&cd=15&hl=es&ct=clnk&gl=es",
      "related_pages_link": "https://www.google.com/search?q=related:https://www.law.cornell.edu/cfr/text/17/230.144+affiliate+rule+144&tbo=1&sa=X&ved=2ahUKEwiJudjV8pTnAhWyGaYKHQnvDocQHzAOegQIBhAL"
    },
    {
      "position": 6,
      "title": "Rule 144 Definition - Investopedia",
      "link": "https://www.investopedia.com/terms/r/rule144.asp",
      "displayed_link": "www.investopedia.com › ... › Laws & Regulations",
      "date": "1 may. 2018",
      "snippet": "Rule 144 is an SEC rule that sets the conditions under which ... Third, if a selling party is an affiliate of a company, he cannot resell more than ...",
      "cached_page_link": "https://webcache.googleusercontent.com/search?q=cache:nCKLi4QOh1gJ:https://www.investopedia.com/terms/r/rule144.asp+&cd=16&hl=es&ct=clnk&gl=es"
    },
    {
      "position": 7,
      "title": "​Rule 144 - Carta Support Center",
      "link": "https://support.carta.com/s/article/rule-144",
      "displayed_link": "support.carta.com › article › rule-144",
      "date": "14 may. 2019",
      "snippet": "Rule 144 is an exemption to the Securities Act of 1933 that allows the ... issuing company or from an affiliate of the issuer,” which may include ...",
      "cached_page_link": "https://webcache.googleusercontent.com/search?q=cache:lYOUau9fXW4J:https://support.carta.com/s/article/rule-144+&cd=17&hl=es&ct=clnk&gl=es"
    },
    {
      "position": 8,
      "title": "Sales of Affiliate Stock Under Rule 144 | Securities Lawyers ...",
      "link": "http://otclawyers.com/sales-of-affiliate-stock-under-rule-144/",
      "displayed_link": "otclawyers.com › sales-of-affiliate-stock-under-ru...",
      "date": "27 sept. 2018",
      "snippet": "While Rule 144 is not the only exemption used by non-affiliate shareholders of restricted stock to sell their securities, Rule 144 offers a “safe ...",
      "cached_page_link": "http://webcache.googleusercontent.com/search?q=cache:FReC1CDfuhwJ:otclawyers.com/sales-of-affiliate-stock-under-rule-144/+&cd=18&hl=es&ct=clnk&gl=es"
    },
    {
      "position": 9,
      "title": "Restricted-Stock Handling Guidelines, Rule 144 − Affiliate",
      "link": "https://www.tdameritrade.com/retail-en_us/resources/pdf/TDA4147.pdf",
      "displayed_link": "www.tdameritrade.com › pdf › TDA4147",
      "snippet": "General Guidelines for restricted-securities marked with a Rule 144 legend. See page two of the Guidelines for securities without a legend. • TD Ameritrade may ..."
    }
  ],
  "pagination": {
    "current": 1,
    "next": "https://www.google.com/search?q=affiliate+rule+144&ei=oQknXsnkJLKzmAWJ3ru4CA&start=10&sa=N&ved=2ahUKEwiJudjV8pTnAhWyGaYKHQnvDocQ8NMDegQIDBBJ",
    "other_pages": {
      "2": "https://www.google.com/search?q=affiliate+rule+144&ei=oQknXsnkJLKzmAWJ3ru4CA&start=10&sa=N&ved=2ahUKEwiJudjV8pTnAhWyGaYKHQnvDocQ8tMDegQIDBA3",
      "3": "https://www.google.com/search?q=affiliate+rule+144&ei=oQknXsnkJLKzmAWJ3ru4CA&start=20&sa=N&ved=2ahUKEwiJudjV8pTnAhWyGaYKHQnvDocQ8tMDegQIDBA5",
      "4": "https://www.google.com/search?q=affiliate+rule+144&ei=oQknXsnkJLKzmAWJ3ru4CA&start=30&sa=N&ved=2ahUKEwiJudjV8pTnAhWyGaYKHQnvDocQ8tMDegQIDBA7",
      "5": "https://www.google.com/search?q=affiliate+rule+144&ei=oQknXsnkJLKzmAWJ3ru4CA&start=40&sa=N&ved=2ahUKEwiJudjV8pTnAhWyGaYKHQnvDocQ8tMDegQIDBA9",
      "6": "https://www.google.com/search?q=affiliate+rule+144&ei=oQknXsnkJLKzmAWJ3ru4CA&start=50&sa=N&ved=2ahUKEwiJudjV8pTnAhWyGaYKHQnvDocQ8tMDegQIDBA_",
      "7": "https://www.google.com/search?q=affiliate+rule+144&ei=oQknXsnkJLKzmAWJ3ru4CA&start=60&sa=N&ved=2ahUKEwiJudjV8pTnAhWyGaYKHQnvDocQ8tMDegQIDBBB",
      "8": "https://www.google.com/search?q=affiliate+rule+144&ei=oQknXsnkJLKzmAWJ3ru4CA&start=70&sa=N&ved=2ahUKEwiJudjV8pTnAhWyGaYKHQnvDocQ8tMDegQIDBBD",
      "9": "https://www.google.com/search?q=affiliate+rule+144&ei=oQknXsnkJLKzmAWJ3ru4CA&start=80&sa=N&ved=2ahUKEwiJudjV8pTnAhWyGaYKHQnvDocQ8tMDegQIDBBF",
      "10": "https://www.google.com/search?q=affiliate+rule+144&ei=oQknXsnkJLKzmAWJ3ru4CA&start=90&sa=N&ved=2ahUKEwiJudjV8pTnAhWyGaYKHQnvDocQ8tMDegQIDBBH"
    }
  },
  "serpapi_pagination": {
    "current": 1,
    "next_link": "https://serpapi.com/search.json?device=desktop&engine=google&google_domain=google.com&q=affiliate+rule+144&start=10&token=987f85c300cafafe",
    "next": "https://serpapi.com/search.json?device=desktop&engine=google&google_domain=google.com&q=affiliate+rule+144&start=10&token=987f85c300cafafe",
    "other_pages": {
      "2": "https://serpapi.com/search.json?device=desktop&engine=google&google_domain=google.com&q=affiliate+rule+144&start=10&token=987f85c300cafafe",
      "3": "https://serpapi.com/search.json?device=desktop&engine=google&google_domain=google.com&q=affiliate+rule+144&start=20&token=c082a3fc2bc28e87",
      "4": "https://serpapi.com/search.json?device=desktop&engine=google&google_domain=google.com&q=affiliate+rule+144&start=30&token=d08c9998b4b1624f",
      "5": "https://serpapi.com/search.json?device=desktop&engine=google&google_domain=google.com&q=affiliate+rule+144&start=40&token=af5b84a404d0910f",
      "6": "https://serpapi.com/search.json?device=desktop&engine=google&google_domain=google.com&q=affiliate+rule+144&start=50&token=c72dded88e1a4abb",
      "7": "https://serpapi.com/search.json?device=desktop&engine=google&google_domain=google.com&q=affiliate+rule+144&start=60&token=52098adf935a875a",
      "8": "https://serpapi.com/search.json?device=desktop&engine=google&google_domain=google.com&q=affiliate+rule+144&start=70&token=97ea732bb7c65a70",
      "9": "https://serpapi.com/search.json?device=desktop&engine=google&google_domain=google.com&q=affiliate+rule+144&start=80&token=d1f95a8e7d9da684",
      "10": "https://serpapi.com/search.json?device=desktop&engine=google&google_domain=google.com&q=affiliate+rule+144&start=90&token=847ebcb6893ac413"
    }
  }
}