{
  "search_metadata": {
    "id": "",
    "status": "Success",
    "json_endpoint": "",
    "created_at": "2020-01-21 13:50:20 UTC",
    "processed_at": "2020-01-21 13:50:20 UTC",
    "google_url": "https://www.google.com/search?q=affiliate+store&oq=affiliate+store&sourceid=chrome&ie=UTF-8",
    "raw_html_file": "",
    "total_time_taken": 1.91
  },
  "search_parameters": {
    "engine": "google",
    "q": "affiliate store",
    "google_domain": "google.com",
    "device": "desktop"
  },
  "search_information": {
    "organic_results_state": "Results for exact spelling",
    "total_results": 798000000,
    "time_taken_displayed": 0.57,
    "query_displayed": "affiliate store"
  },
  "knowledge_graph": {},
  "related_questions": [
    {
      "question": "What is Amazon affiliate store?",
      "snippet": "An Amazon affiliate store is an online store that promotes products listed for sale on Amazon.com. As a store owner, you send traffic to Amazon by adding your affiliate links to the products. Users are redirected to Amazon to complete the purchase, and you earn an affiliate commission on each sale.Feb 14, 2019",
      "title": "How to Build an Amazon Affiliate Store in WordPress (The EASY Way)",
      "link": "https://www.wpbeginner.com/wp-tutorials/how-to-build-an-amazon-affiliate-store-using-wordpress/",
      "displayed_link": "www.wpbeginner.com › wp-tutorials › how-to-build-an-amazon-affiliat..."
    },
    {
      "question": "What companies have affiliate programs?",
      "snippet": "What Are the Best Affiliate Programs?Bluehost. The Bluehost affiliate program is super popular in the web hosting space. ... Hostinger. Hostinger is another popular web hosting platform that can offer affiliates up to $150 per sale on a tiered pricing structure. ... HostGator. ... GreenGeeks. ... WP Engine. ... Liquid Web.",
      "title": "97+ Best Affiliate Programs of 2019 (Highest Paying for Beginners)",
      "link": "https://www.adamenfroy.com/best-high-paying-affiliate-programs",
      "displayed_link": "www.adamenfroy.com › best-high-paying-affiliate-programs"
    },
    {
      "question": "What are the highest paying affiliate programs?",
      "snippet": "Fat referral fees. No matter how you say it, these affiliate marketing programs offer some of the highest commissions available....Highest paying affiliate programsSpocket Partner Program. ... ClickFunnels Affiliate Program. ... Wealthy Affiliate Program. ... Constant Contact. ... Media.net. ... Leadpages. ... Shopify Affiliate Program.More items...",
      "title": "The 67+ Best Affiliate Programs of 2019 (Highest Paying)",
      "link": "https://www.forexreferral.com/best-affiliate-programs",
      "displayed_link": "www.forexreferral.com › best-affiliate-programs"
    },
    {
      "question": "How much can Amazon affiliates make?",
      "snippet": "You can make anywhere from $0 to $25,000 per month. Will you make $25,000 per month if you're just starting out? You'll be lucky to make $5 in your first month or two. However as you learn, grow, create more sites, and write more content it's definitely possible to get to a high level of income from Amazon Affiliate.Feb 25, 2018",
      "title": "How much can you make with Amazon's affiliate program? - Quora",
      "link": "https://www.quora.com/How-much-can-you-make-with-Amazons-affiliate-program",
      "displayed_link": "www.quora.com › How-much-can-you-make-with-Amazons-affiliate-pr..."
    }
  ],
  "organic_results": [
    {
      "position": 1,
      "title": "The Beginner's Guide To Creating An Affiliate Ecommerce Store",
      "link": "https://www.abetterlemonadestand.com/ecommerce-affiliate-store/",
      "displayed_link": "www.abetterlemonadestand.com › ecommerce-affiliate-store",
      "date": "May 10, 2019",
      "snippet": "What is an Affiliate Store? In the case of an affiliate store, the publisher's content is product listings in a store that looks just like a real ecommerce store. Instead of listing your own products for sale, you list other retailer's products and redirect visitors to their sites using your affiliate links.",
      "cached_page_link": "https://webcache.googleusercontent.com/search?q=cache:N7J40kpheDYJ:https://www.abetterlemonadestand.com/ecommerce-affiliate-store/+&cd=1&hl=en&ct=clnk&gl=us",
      "related_pages_link": "https://www.google.com/search?q=related:https://www.abetterlemonadestand.com/ecommerce-affiliate-store/+affiliate+store&tbo=1&sa=X&ved=2ahUKEwiOufaC65TnAhXoFjQIHc6XCL4QHzAAegQIARAJ"
    },
    {
      "position": 2,
      "title": "How to Create a Non-Sketchy Amazon Affiliate Store To ...",
      "link": "https://www.ecommerceceo.com/amazon-affiliate-store/",
      "displayed_link": "www.ecommerceceo.com › amazon-affiliate-store",
      "snippet": "Creating an affiliate ecommerce store is one of the easiest ways to for you to cash in on Amazon's huge success. Amazon is the undisputed leader in ...",
      "cached_page_link": "https://webcache.googleusercontent.com/search?q=cache:WwGXgXQFUi0J:https://www.ecommerceceo.com/amazon-affiliate-store/+&cd=10&hl=en&ct=clnk&gl=us"
    },
    {
      "position": 3,
      "title": "How to Build an Amazon Affiliate Store in WordPress (The ...",
      "link": "https://www.wpbeginner.com/wp-tutorials/how-to-build-an-amazon-affiliate-store-using-wordpress/",
      "displayed_link": "www.wpbeginner.com › wp-tutorials › how-to-build-an-amazon-affili...",
      "date": "Feb 14, 2019",
      "snippet": "An Amazon affiliate store allows you to sell products from Amazon.com as an affiliate and earn a commission on each sale. Due to low ...",
      "sitelinks": {
        "inline": [
          {
            "title": "Best WordPress themes for ...",
            "link": "https://www.wpbeginner.com/showcase/best-wordpress-themes-for-affiliate-marketing/"
          },
          {
            "title": "Best WooCommerce themes",
            "link": "https://www.wpbeginner.com/showcase/best-woocommerce-wordpress-themes/"
          }
        ]
      },
      "cached_page_link": "https://webcache.googleusercontent.com/search?q=cache:FDhqu8vsQCMJ:https://www.wpbeginner.com/wp-tutorials/how-to-build-an-amazon-affiliate-store-using-wordpress/+&cd=11&hl=en&ct=clnk&gl=us"
    },
    {
      "position": 4,
      "title": "Amazon.com Associates Central - Help - Amazon Affiliate ...",
      "link": "https://affiliate-program.amazon.com/tips/t12",
      "displayed_link": "affiliate-program.amazon.com › tips",
      "snippet": "The top level category page in the list directly under \"Your aStore - Settings\" will always be your store home page. Use the up/down and in/out arrows to reorder ...",
      "cached_page_link": "https://webcache.googleusercontent.com/search?q=cache:31ipyHWRl_AJ:https://affiliate-program.amazon.com/tips/t12+&cd=12&hl=en&ct=clnk&gl=us",
      "related_pages_link": "https://www.google.com/search?q=related:https://affiliate-program.amazon.com/tips/t12+affiliate+store&tbo=1&sa=X&ved=2ahUKEwiOufaC65TnAhXoFjQIHc6XCL4QHzALegQIBRAJ"
    },
    {
      "position": 5,
      "title": "How to Build an Amazon Affiliate Store on WordPress",
      "link": "https://themeisle.com/blog/amazon-affiliate-store-on-wordpress/",
      "displayed_link": "themeisle.com › blog › amazon-affiliate-store-on-wordpress",
      "date": "Feb 6, 2018",
      "snippet": "Interested in launching an e-commerce store, but don't have a ton of capital that you can use to buy inventory? Here's what you can do ...",
      "cached_page_link": "https://webcache.googleusercontent.com/search?q=cache:zjB7juFyToAJ:https://themeisle.com/blog/amazon-affiliate-store-on-wordpress/+&cd=13&hl=en&ct=clnk&gl=us"
    },
    {
      "position": 6,
      "title": "21 Of The Best Affiliate Programs To Find Profitable Products",
      "link": "https://nichehacks.com/best-affiliate-programs/",
      "displayed_link": "nichehacks.com › best-affiliate-programs",
      "date": "Jan 12, 2018",
      "snippet": "You can earn commissions as an affiliate of these stores by promoting any products of their listed products and you know for a fact they are ...",
      "sitelinks": {
        "list": [
          {
            "date": "Cookie Duration‎: ‎24 hours"
          },
          {
            "date": "Product Type‎: ‎Physical and Digital"
          }
        ]
      },
      "rich_snippet": {
        "bottom": {
          "detected_extensions": {
            "average_commission_rate_between_to": 3,
            "cookie_duration_hours": 24
          },
          "extensions": [
            "Average Commission Rate‎: ‎Between 3% to 10%",
            "Cookie Duration‎: ‎24 hours",
            "Niche‎: ‎General",
            "Product Type‎: ‎Physical and Digital"
          ]
        }
      },
      "cached_page_link": "https://webcache.googleusercontent.com/search?q=cache:JDweEeryAjEJ:https://nichehacks.com/best-affiliate-programs/+&cd=14&hl=en&ct=clnk&gl=us"
    },
    {
      "position": 7,
      "title": "Amazon Affiliate Store Vs Blogging Vs Ecommerce - A ...",
      "link": "https://mywifequitherjob.com/blog-vs-niche-affiliate-site-vs-online-store/",
      "displayed_link": "mywifequitherjob.com › blog-vs-niche-affiliate-site-vs-online-store",
      "snippet": "The 3 most popular online business models are starting an Amazon affiliate store, a blog or an online store. This post outlines all of the pros and cons.",
      "sitelinks": {
        "inline": [
          {
            "title": "Evaluation Criteria",
            "link": "https://mywifequitherjob.com/blog-vs-niche-affiliate-site-vs-online-store/#Evaluation_Criteria"
          },
          {
            "title": "Business Model #1: Starting ...",
            "link": "https://mywifequitherjob.com/blog-vs-niche-affiliate-site-vs-online-store/#Business_Model_1_Starting_A_Blog"
          },
          {
            "title": "Business Model #2: Starting ...",
            "link": "https://mywifequitherjob.com/blog-vs-niche-affiliate-site-vs-online-store/#Business_Model_2_Starting_An_Amazon_Affiliate_Store_Or_Niche_Affiliate_Site"
          }
        ]
      },
      "cached_page_link": "https://webcache.googleusercontent.com/search?q=cache:RDV8Vtqo6PEJ:https://mywifequitherjob.com/blog-vs-niche-affiliate-site-vs-online-store/+&cd=15&hl=en&ct=clnk&gl=us"
    },
    {
      "position": 8,
      "title": "How to Create an Affiliate Store Like Canopy - Ecommerce ...",
      "link": "https://ecommerce-platforms.com/articles/how-to-create-an-affiliate-ecommerce-business-like-canopy",
      "displayed_link": "ecommerce-platforms.com › Articles",
      "date": "Dec 18, 2018",
      "snippet": "Here are some insights on how Canopy became a success and how you can create your own successful ecommerce affiliate store.",
      "cached_page_link": "https://webcache.googleusercontent.com/search?q=cache:Bt7BRS0KYZYJ:https://ecommerce-platforms.com/articles/how-to-create-an-affiliate-ecommerce-business-like-canopy+&cd=16&hl=en&ct=clnk&gl=us"
    },
    {
      "position": 9,
      "title": "How to Open an Amazon Affiliate Store | It Still Works",
      "link": "https://itstillworks.com/open-amazon-store-7738768.html",
      "displayed_link": "itstillworks.com › Internet",
      "snippet": "Amazon stores are managed through the Amazon Associates program, an affiliate program that allows users to earn a percentage on each sale from their store.",
      "cached_page_link": "https://webcache.googleusercontent.com/search?q=cache:hDI6FeosaSEJ:https://itstillworks.com/open-amazon-store-7738768.html+&cd=17&hl=en&ct=clnk&gl=us"
    },
    {
      "position": 10,
      "title": "How to make an Amazon Affiliate Store - Wordpress Eagle",
      "link": "https://www.wpeagle.com/build/affiliate-marketing/how-to-make-an-amazon-affiliate-store/",
      "displayed_link": "www.wpeagle.com › build › affiliate-marketing › how-to-make-an-a...",
      "date": "Sep 20, 2019",
      "snippet": "Learn how to MAKE AN AFFILIATE ECOMMERCE STORE website using WordPress in this full-length, step-by-step tutorial. In this video I take ...",
      "cached_page_link": "https://webcache.googleusercontent.com/search?q=cache:0oxCkxGc5SsJ:https://www.wpeagle.com/build/affiliate-marketing/how-to-make-an-amazon-affiliate-store/+&cd=18&hl=en&ct=clnk&gl=us"
    }
  ],
  "related_search_boxes": [
    {
      "position": 1,
      "query": "Top affiliate marketing platforms",
      "results": []
    }
  ],
  "related_searches": [
    {
      "query": "amazon affiliate store builder",
      "link": "https://www.google.com/search?q=amazon+affiliate+store+builder&sa=X&ved=2ahUKEwiOufaC65TnAhXoFjQIHc6XCL4Q1QIoAHoECAsQAQ"
    },
    {
      "query": "amazon affiliate store wordpress",
      "link": "https://www.google.com/search?q=amazon+affiliate+store+wordpress&sa=X&ved=2ahUKEwiOufaC65TnAhXoFjQIHc6XCL4Q1QIoAXoECAsQAg"
    },
    {
      "query": "amazon affiliate store shopify",
      "link": "https://www.google.com/search?q=amazon+affiliate+store+shopify&sa=X&ved=2ahUKEwiOufaC65TnAhXoFjQIHc6XCL4Q1QIoAnoECAsQAw"
    },
    {
      "query": "amazon affiliate store examples",
      "link": "https://www.google.com/search?q=amazon+affiliate+store+examples&sa=X&ved=2ahUKEwiOufaC65TnAhXoFjQIHc6XCL4Q1QIoA3oECAsQBA"
    },
    {
      "query": "affiliate ecommerce store",
      "link": "https://www.google.com/search?q=affiliate+ecommerce+store&sa=X&ved=2ahUKEwiOufaC65TnAhXoFjQIHc6XCL4Q1QIoBHoECAsQBQ"
    },
    {
      "query": "amazon affiliate store builder wordpress",
      "link": "https://www.google.com/search?q=amazon+affiliate+store+builder+wordpress&sa=X&ved=2ahUKEwiOufaC65TnAhXoFjQIHc6XCL4Q1QIoBXoECAsQBg"
    },
    {
      "query": "wordpress affiliate store plugin",
      "link": "https://www.google.com/search?q=wordpress+affiliate+store+plugin&sa=X&ved=2ahUKEwiOufaC65TnAhXoFjQIHc6XCL4Q1QIoBnoECAsQBw"
    },
    {
      "query": "amazon affiliate store plugin",
      "link": "https://www.google.com/search?q=amazon+affiliate+store+plugin&sa=X&ved=2ahUKEwiOufaC65TnAhXoFjQIHc6XCL4Q1QIoB3oECAsQCA"
    }
  ],
  "pagination": {
    "current": 1,
    "next": "https://www.google.com/search?q=affiliate+store&ei=nAEnXo77O-it0PEPzq-i8As&start=10&sa=N&ved=2ahUKEwiOufaC65TnAhXoFjQIHc6XCL4Q8NMDegQIDxBA",
    "other_pages": {
      "2": "https://www.google.com/search?q=affiliate+store&ei=nAEnXo77O-it0PEPzq-i8As&start=10&sa=N&ved=2ahUKEwiOufaC65TnAhXoFjQIHc6XCL4Q8tMDegQIDxAu",
      "3": "https://www.google.com/search?q=affiliate+store&ei=nAEnXo77O-it0PEPzq-i8As&start=20&sa=N&ved=2ahUKEwiOufaC65TnAhXoFjQIHc6XCL4Q8tMDegQIDxAw",
      "4": "https://www.google.com/search?q=affiliate+store&ei=nAEnXo77O-it0PEPzq-i8As&start=30&sa=N&ved=2ahUKEwiOufaC65TnAhXoFjQIHc6XCL4Q8tMDegQIDxAy",
      "5": "https://www.google.com/search?q=affiliate+store&ei=nAEnXo77O-it0PEPzq-i8As&start=40&sa=N&ved=2ahUKEwiOufaC65TnAhXoFjQIHc6XCL4Q8tMDegQIDxA0",
      "6": "https://www.google.com/search?q=affiliate+store&ei=nAEnXo77O-it0PEPzq-i8As&start=50&sa=N&ved=2ahUKEwiOufaC65TnAhXoFjQIHc6XCL4Q8tMDegQIDxA2",
      "7": "https://www.google.com/search?q=affiliate+store&ei=nAEnXo77O-it0PEPzq-i8As&start=60&sa=N&ved=2ahUKEwiOufaC65TnAhXoFjQIHc6XCL4Q8tMDegQIDxA4",
      "8": "https://www.google.com/search?q=affiliate+store&ei=nAEnXo77O-it0PEPzq-i8As&start=70&sa=N&ved=2ahUKEwiOufaC65TnAhXoFjQIHc6XCL4Q8tMDegQIDxA6",
      "9": "https://www.google.com/search?q=affiliate+store&ei=nAEnXo77O-it0PEPzq-i8As&start=80&sa=N&ved=2ahUKEwiOufaC65TnAhXoFjQIHc6XCL4Q8tMDegQIDxA8",
      "10": "https://www.google.com/search?q=affiliate+store&ei=nAEnXo77O-it0PEPzq-i8As&start=90&sa=N&ved=2ahUKEwiOufaC65TnAhXoFjQIHc6XCL4Q8tMDegQIDxA-"
    }
  },
  "serpapi_pagination": {
    "current": 1,
    "next_link": "https://serpapi.com/search.json?device=desktop&engine=google&google_domain=google.com&q=affiliate+store&start=10&token=2ec77ce07ff74718",
    "next": "https://serpapi.com/search.json?device=desktop&engine=google&google_domain=google.com&q=affiliate+store&start=10&token=2ec77ce07ff74718",
    "other_pages": {
      "2": "https://serpapi.com/search.json?device=desktop&engine=google&google_domain=google.com&q=affiliate+store&start=10&token=2ec77ce07ff74718",
      "3": "https://serpapi.com/search.json?device=desktop&engine=google&google_domain=google.com&q=affiliate+store&start=20&token=8f53e6cfee5aa0a0",
      "4": "https://serpapi.com/search.json?device=desktop&engine=google&google_domain=google.com&q=affiliate+store&start=30&token=84b409135e822595",
      "5": "https://serpapi.com/search.json?device=desktop&engine=google&google_domain=google.com&q=affiliate+store&start=40&token=9e3b9de0b93a01a4",
      "6": "https://serpapi.com/search.json?device=desktop&engine=google&google_domain=google.com&q=affiliate+store&start=50&token=cf00bdb2891be155",
      "7": "https://serpapi.com/search.json?device=desktop&engine=google&google_domain=google.com&q=affiliate+store&start=60&token=a432e8733cd09132",
      "8": "https://serpapi.com/search.json?device=desktop&engine=google&google_domain=google.com&q=affiliate+store&start=70&token=608e45ef0c45b1c0",
      "9": "https://serpapi.com/search.json?device=desktop&engine=google&google_domain=google.com&q=affiliate+store&start=80&token=ddbe4623bed7352e",
      "10": "https://serpapi.com/search.json?device=desktop&engine=google&google_domain=google.com&q=affiliate+store&start=90&token=594d5aacc33291e9"
    }
  }
}