{
  "search_metadata": {
    "id": "",
    "status": "Success",
    "json_endpoint": "",
    "created_at": "2020-01-21 14:25:43 UTC",
    "processed_at": "2020-01-21 14:25:43 UTC",
    "google_url": "https://www.google.com/search?q=affiliate+programs+definition&oq=affiliate+programs+definition&sourceid=chrome&ie=UTF-8",
    "raw_html_file": "",
    "total_time_taken": 2.04
  },
  "search_parameters": {
    "engine": "google",
    "q": "affiliate programs definition",
    "google_domain": "google.com",
    "device": "desktop"
  },
  "search_information": {
    "organic_results_state": "Results for exact spelling",
    "total_results": 36600000,
    "time_taken_displayed": 0.59,
    "query_displayed": "affiliate programs definition"
  },
  "knowledge_graph": {
    "title": "Marketing de afiliación (Affiliate marketing)",
    "image": "data:image/gif;base64,R0lGODlhAQABAIAAAP///////yH5BAEKAAEALAAAAAABAAEAAAICTAEAOw==",
    "description": "Marketing de afiliación es una rama del marketing online que se basa en la consecución de resultados. Las empresas o sitios web, llamados afiliados, se encargan de publicitar a los comerciantes mediante la publicación de sus anuncios o promociones.",
    "source": {
      "name": "Wikipedia",
      "link": "https://es.wikipedia.org/wiki/Marketing_de_afiliaci%C3%B3n"
    }
  },
  "related_questions": [
    {
      "question": "What is an affiliate program and how does it work?",
      "snippet": "Simply put, affiliate programs, also called associate programs, are arrangements in which an online merchant Web site pays affiliate Web sites a commission to send them traffic. These affiliate Web sites post links to the merchant site and are paid according to a particular agreement.",
      "title": "What Are Affiliate Programs? - How Affiliate Programs Work ...",
      "link": "https://money.howstuffworks.com/affiliate-program1.htm",
      "displayed_link": "money.howstuffworks.com › affiliate-program1"
    },
    {
      "question": "What is being an affiliate?",
      "snippet": "Definition: A way for a company to sell its products by signing up individuals or companies (\"affiliates\") who market the company's products for a commission. There are two ways to approach affiliate marketing: You can offer an affiliate program to others or you can sign up to be another business's affiliate.",
      "title": "Affiliate Marketing Definition - Entrepreneur Small Business ...",
      "link": "https://www.entrepreneur.com/encyclopedia/affiliate-marketing",
      "displayed_link": "www.entrepreneur.com › encyclopedia › affiliate-marketing"
    },
    {
      "question": "What exactly is affiliate marketing?",
      "snippet": "Affiliate marketing is the process of earning a commission by promoting other people's (or company's) products. You find a product you like, promote it to others and earn a piece of the profit for each sale that you make.",
      "title": "Affiliate Marketing Made Simple: A Step-by-Step Guide - Neil Patel",
      "link": "https://neilpatel.com/what-is-affiliate-marketing/",
      "displayed_link": "neilpatel.com › what-is-affiliate-marketing"
    }
  ],
  "organic_results": [
    {
      "position": 1,
      "title": "What is Affiliate Program? - Definition from Techopedia",
      "link": "https://www.techopedia.com/definition/1398/affiliate-program",
      "displayed_link": "www.techopedia.com › definition › affiliate-prog...",
      "snippet": "An affiliate program is an automated electronic program that involves a Web advertiser and recruited webmasters. The webmasters, as affiliates, place the company's advertisements on their individually owned websites. The ads in affiliate programs are linked to company websites and are referred to as affiliate links.",
      "cached_page_link": "https://webcache.googleusercontent.com/search?q=cache:UkcXA5NmGNIJ:https://www.techopedia.com/definition/1398/affiliate-program+&cd=1&hl=es-419&ct=clnk&gl=ec",
      "related_pages_link": "https://www.google.com/search?q=related:https://www.techopedia.com/definition/1398/affiliate-program+affiliate+programs+definition&tbo=1&sa=X&ved=2ahUKEwjs4cn38pTnAhXKxIsBHR2RCFcQHzAAegQIBBAJ"
    },
    {
      "position": 2,
      "title": "What is affiliate program? definition and meaning ...",
      "link": "http://www.businessdictionary.com/definition/affiliate-program.html",
      "displayed_link": "www.businessdictionary.com › definition › affilia...",
      "snippet": "Definition of affiliate program: Program that involves two or more parties that work in conjunction to provide a certain level of benefit to each other. Affiliate ...",
      "cached_page_link": "http://webcache.googleusercontent.com/search?q=cache:m8D_mnb3LdwJ:www.businessdictionary.com/definition/affiliate-program.html+&cd=8&hl=es-419&ct=clnk&gl=ec",
      "related_pages_link": "https://www.google.com/search?q=related:www.businessdictionary.com/definition/affiliate-program.html+affiliate+programs+definition&tbo=1&sa=X&ved=2ahUKEwjs4cn38pTnAhXKxIsBHR2RCFcQHzAHegQIARAJ"
    },
    {
      "position": 3,
      "title": "Affiliate marketing - Wikipedia",
      "link": "https://en.wikipedia.org/wiki/Affiliate_marketing",
      "displayed_link": "en.wikipedia.org › wiki › Affiliate_marketing",
      "snippet": "Affiliate marketing is a type of performance-based marketing in which a business rewards one ... Amazon was not the first merchant to offer an affiliate program, but its program was the first to ... model, meaning that the merchant does not incur a marketing expense unless results are accrued (excluding any initial setup cost).",
      "cached_page_link": "https://webcache.googleusercontent.com/search?q=cache:Rsi_AOJNSuIJ:https://en.wikipedia.org/wiki/Affiliate_marketing+&cd=9&hl=es-419&ct=clnk&gl=ec",
      "related_pages_link": "https://www.google.com/search?q=related:https://en.wikipedia.org/wiki/Affiliate_marketing+affiliate+programs+definition&tbo=1&sa=X&ved=2ahUKEwjs4cn38pTnAhXKxIsBHR2RCFcQHzAIegQIBRAJ"
    },
    {
      "position": 4,
      "title": "What is Affiliate Program? Webopedia Definition",
      "link": "https://www.webopedia.com/TERM/A/affiliate_program.html",
      "displayed_link": "www.webopedia.com › TERM › affiliate_program",
      "snippet": "An automated marketing program where a Web advertiser or merchant recruits webmasters to place the merchant's banner ads or buttons on their own Web site.",
      "cached_page_link": "https://webcache.googleusercontent.com/search?q=cache:G_QvYub2eXkJ:https://www.webopedia.com/TERM/A/affiliate_program.html+&cd=10&hl=es-419&ct=clnk&gl=ec"
    },
    {
      "position": 5,
      "title": "Affiliate Marketing Definition - Entrepreneur Small Business ...",
      "link": "https://www.entrepreneur.com/encyclopedia/affiliate-marketing",
      "displayed_link": "www.entrepreneur.com › encyclopedia › affiliate-...",
      "snippet": "There are two ways to approach affiliate marketing: You can offer an affiliate program to others or you can sign up to be another business's affiliate. As the ...",
      "cached_page_link": "https://webcache.googleusercontent.com/search?q=cache:wW8ynZkEzjsJ:https://www.entrepreneur.com/encyclopedia/affiliate-marketing+&cd=11&hl=es-419&ct=clnk&gl=ec",
      "related_pages_link": "https://www.google.com/search?q=related:https://www.entrepreneur.com/encyclopedia/affiliate-marketing+affiliate+programs+definition&tbo=1&sa=X&ved=2ahUKEwjs4cn38pTnAhXKxIsBHR2RCFcQHzAKegQIAhAJ"
    },
    {
      "position": 6,
      "title": "What Are Affiliate Programs? - How Affiliate Programs Work ...",
      "link": "https://money.howstuffworks.com/affiliate-program1.htm",
      "displayed_link": "money.howstuffworks.com › ... › Marketing",
      "snippet": "Simply put, affiliate programs, also called associate programs, are arrangements in which an online merchant Web site pays affiliate Web sites a commission to send them traffic. These affiliate Web sites post links to the merchant site and are paid according to a particular agreement.",
      "cached_page_link": "https://webcache.googleusercontent.com/search?q=cache:ymf04lT08g4J:https://money.howstuffworks.com/affiliate-program1.htm+&cd=12&hl=es-419&ct=clnk&gl=ec"
    },
    {
      "position": 7,
      "title": "Understanding Affiliate Marketing - Investopedia",
      "link": "https://www.investopedia.com/terms/a/affiliate-marketing.asp",
      "displayed_link": "www.investopedia.com › ... › Business Essentials",
      "date": "21 ago. 2019",
      "snippet": "The Internet has increased the prominence of affiliate marketing. Amazon popularized the practice by creating an affiliate marketing program ...",
      "cached_page_link": "https://webcache.googleusercontent.com/search?q=cache:EuHGNlDkdR4J:https://www.investopedia.com/terms/a/affiliate-marketing.asp+&cd=13&hl=es-419&ct=clnk&gl=ec"
    },
    {
      "position": 8,
      "title": "How Does an Affiliate Program Work? | Practical Ecommerce",
      "link": "https://www.practicalecommerce.com/affiliate-intro",
      "displayed_link": "www.practicalecommerce.com › affiliate-intro",
      "snippet": "As you are probably aware, what is called an “affiliate program” or “associate program” is a relationship in which a merchant pays you (the “affiliate”) for links ...",
      "cached_page_link": "https://webcache.googleusercontent.com/search?q=cache:56cEc4RINe4J:https://www.practicalecommerce.com/affiliate-intro+&cd=14&hl=es-419&ct=clnk&gl=ec"
    },
    {
      "position": 9,
      "title": "Affiliate Marketing Made Simple: A Step-by-Step Guide",
      "link": "https://neilpatel.com/what-is-affiliate-marketing/",
      "displayed_link": "neilpatel.com › what-is-affiliate-marketing",
      "snippet": "The best definition of what affiliate marketing is can be found on Pat Flynn's Smart ... Their Amazon Associates affiliate program lets you promote any item that is ...",
      "rich_snippet": {
        "bottom": {
          "questions": [
            "What is affiliate marketing?",
            "How much money can you make as an affiliate marketer?",
            "What are some of the most popular affilaite networks?",
            "Is affiliate marketing a pyramid scheme?"
          ]
        }
      }
    }
  ],
  "pagination": {
    "current": 1,
    "next": "https://www.google.com/search?q=affiliate+programs+definition&ei=6AknXuzNKMqJr7wPnaKiuAU&start=10&sa=N&ved=2ahUKEwjs4cn38pTnAhXKxIsBHR2RCFcQ8NMDegQIERBC",
    "other_pages": {
      "2": "https://www.google.com/search?q=affiliate+programs+definition&ei=6AknXuzNKMqJr7wPnaKiuAU&start=10&sa=N&ved=2ahUKEwjs4cn38pTnAhXKxIsBHR2RCFcQ8tMDegQIERAw",
      "3": "https://www.google.com/search?q=affiliate+programs+definition&ei=6AknXuzNKMqJr7wPnaKiuAU&start=20&sa=N&ved=2ahUKEwjs4cn38pTnAhXKxIsBHR2RCFcQ8tMDegQIERAy",
      "4": "https://www.google.com/search?q=affiliate+programs+definition&ei=6AknXuzNKMqJr7wPnaKiuAU&start=30&sa=N&ved=2ahUKEwjs4cn38pTnAhXKxIsBHR2RCFcQ8tMDegQIERA0",
      "5": "https://www.google.com/search?q=affiliate+programs+definition&ei=6AknXuzNKMqJr7wPnaKiuAU&start=40&sa=N&ved=2ahUKEwjs4cn38pTnAhXKxIsBHR2RCFcQ8tMDegQIERA2",
      "6": "https://www.google.com/search?q=affiliate+programs+definition&ei=6AknXuzNKMqJr7wPnaKiuAU&start=50&sa=N&ved=2ahUKEwjs4cn38pTnAhXKxIsBHR2RCFcQ8tMDegQIERA4",
      "7": "https://www.google.com/search?q=affiliate+programs+definition&ei=6AknXuzNKMqJr7wPnaKiuAU&start=60&sa=N&ved=2ahUKEwjs4cn38pTnAhXKxIsBHR2RCFcQ8tMDegQIERA6",
      "8": "https://www.google.com/search?q=affiliate+programs+definition&ei=6AknXuzNKMqJr7wPnaKiuAU&start=70&sa=N&ved=2ahUKEwjs4cn38pTnAhXKxIsBHR2RCFcQ8tMDegQIERA8",
      "9": "https://www.google.com/search?q=affiliate+programs+definition&ei=6AknXuzNKMqJr7wPnaKiuAU&start=80&sa=N&ved=2ahUKEwjs4cn38pTnAhXKxIsBHR2RCFcQ8tMDegQIERA-",
      "10": "https://www.google.com/search?q=affiliate+programs+definition&ei=6AknXuzNKMqJr7wPnaKiuAU&start=90&sa=N&ved=2ahUKEwjs4cn38pTnAhXKxIsBHR2RCFcQ8tMDegQIERBA"
    }
  },
  "serpapi_pagination": {
    "current": 1,
    "next_link": "https://serpapi.com/search.json?device=desktop&engine=google&google_domain=google.com&q=affiliate+programs+definition&start=10&token=73a40d24fd08cc21",
    "next": "https://serpapi.com/search.json?device=desktop&engine=google&google_domain=google.com&q=affiliate+programs+definition&start=10&token=73a40d24fd08cc21",
    "other_pages": {
      "2": "https://serpapi.com/search.json?device=desktop&engine=google&google_domain=google.com&q=affiliate+programs+definition&start=10&token=73a40d24fd08cc21",
      "3": "https://serpapi.com/search.json?device=desktop&engine=google&google_domain=google.com&q=affiliate+programs+definition&start=20&token=d217cbf7a77511e6",
      "4": "https://serpapi.com/search.json?device=desktop&engine=google&google_domain=google.com&q=affiliate+programs+definition&start=30&token=d972fae99e87f072",
      "5": "https://serpapi.com/search.json?device=desktop&engine=google&google_domain=google.com&q=affiliate+programs+definition&start=40&token=991f30ded8d9475a",
      "6": "https://serpapi.com/search.json?device=desktop&engine=google&google_domain=google.com&q=affiliate+programs+definition&start=50&token=6efdbe97b0b9a583",
      "7": "https://serpapi.com/search.json?device=desktop&engine=google&google_domain=google.com&q=affiliate+programs+definition&start=60&token=f3382e724b68a4a5",
      "8": "https://serpapi.com/search.json?device=desktop&engine=google&google_domain=google.com&q=affiliate+programs+definition&start=70&token=793975e125000ba3",
      "9": "https://serpapi.com/search.json?device=desktop&engine=google&google_domain=google.com&q=affiliate+programs+definition&start=80&token=432b70a4d00418f3",
      "10": "https://serpapi.com/search.json?device=desktop&engine=google&google_domain=google.com&q=affiliate+programs+definition&start=90&token=4d67e124bb49dba0"
    }
  }
}