{
  "search_metadata": {
    "id": "",
    "status": "Success",
    "json_endpoint": "",
    "created_at": "2020-01-21 14:54:58 UTC",
    "processed_at": "2020-01-21 14:54:58 UTC",
    "google_url": "https://www.google.com/search?q=1password+affiliate&oq=1password+affiliate&sourceid=chrome&ie=UTF-8",
    "raw_html_file": "",
    "total_time_taken": 2.8
  },
  "search_parameters": {
    "engine": "google",
    "q": "1password affiliate",
    "google_domain": "google.com",
    "device": "desktop"
  },
  "search_information": {
    "organic_results_state": "Results for exact spelling",
    "total_results": 86300,
    "time_taken_displayed": 0.32,
    "query_displayed": "1password affiliate"
  },
  "knowledge_graph": {},
  "related_questions": [
    {
      "question": "Who makes 1password?",
      "snippet": "1Password. 1Password is a password manager developed by AgileBits Inc.",
      "title": "1Password - Wikipedia",
      "link": "https://en.wikipedia.org/wiki/1Password",
      "displayed_link": "en.wikipedia.org › wiki › 1Password"
    },
    {
      "question": "What is a 1password account?",
      "snippet": "The reasoning behind needing an \"Account\" is quite simple. The 1Password eXtension doesn't communicate with any existing apps you have installed on your PC or Mac. What this means is you need an online 1Password subscription account which is hosted and secured by AgileBits.Nov 16, 2017",
      "title": "1Password Account necessary? — 1Password Forum",
      "link": "https://discussions.agilebits.com/discussion/84095/1password-account-necessary",
      "displayed_link": "discussions.agilebits.com › discussion › 1password-account-necessary"
    },
    {
      "question": "How do I log into 1password?",
      "snippet": "In your browser, sign in to your account on 1Password.com. Select your account name in the top right and choose Get the Apps. Open and unlock 1Password, then choose Accounts > “Sign in to another account”. Click “Scan your Setup Code” and choose “From my screen”.Jun 10, 2019",
      "title": "How to add your 1Password account to the apps - 1Password Support",
      "link": "https://support.1password.com/add-account/",
      "displayed_link": "support.1password.com › add-account"
    },
    {
      "question": "What is 1password app?",
      "snippet": "1Password for iPhone and iPad is a password management app that lets you generate, store, and fill strong, unique passwords for all your web logins. ... 1Password also has versions for Mac, for Windows, and for Android, so you can use multiple platforms and maintain access to all your data.Jul 3, 2014",
      "title": "1Password for iPhone and iPad — Everything you need to know ...",
      "link": "https://www.imore.com/1password-iphone-ipad",
      "displayed_link": "www.imore.com › 1password-iphone-ipad"
    }
  ],
  "organic_results": [
    {
      "position": 1,
      "title": "Partnering with 1Password | 1Password",
      "link": "https://1password.com/partnerships/",
      "displayed_link": "1password.com › partnerships",
      "snippet": "Join our affiliate network and earn a revenue share every time someone signs up for 1Password with your affiliate link. We'll set you up with some promotional ...",
      "cached_page_link": "https://webcache.googleusercontent.com/search?q=cache:ZdgoI5rdTA4J:https://1password.com/partnerships/+&cd=1&hl=en&ct=clnk&gl=us"
    },
    {
      "position": 2,
      "title": "1Password Affiliate Program Review - Affiliate.Watch",
      "link": "https://affiliate.watch/affiliate/1password",
      "displayed_link": "affiliate.watch › Tools",
      "snippet": "Read this before joining the 1Password affiliate program! Learn why I rated the 1Password referral program 3.6 out of 5. 1Password's affiliate program is is listed ...",
      "rich_snippet": {
        "top": {
          "detected_extensions": {
            "rating": 3.6
          },
          "extensions": [
            "Rating: 3.6",
            "Review by Tyler Odin"
          ]
        }
      },
      "cached_page_link": "https://webcache.googleusercontent.com/search?q=cache:EElvkLG2ZkMJ:https://affiliate.watch/affiliate/1password+&cd=2&hl=en&ct=clnk&gl=us"
    },
    {
      "position": 3,
      "title": "Do you have any kind of Affiliates Program? [We do ...",
      "link": "https://discussions.agilebits.com/discussion/71104/do-you-have-any-kind-of-affiliates-program-we-do",
      "displayed_link": "discussions.agilebits.com › discussion › do-you-have-any-kind-of-affi...",
      "date": "Oct 24, 2016",
      "snippet": "1Password Affiliate (Commission Junction). And if you need any help, please reach out to media+affiliates@1password.com for assistance.",
      "cached_page_link": "https://webcache.googleusercontent.com/search?q=cache:49_SxQ2hiHgJ:https://discussions.agilebits.com/discussion/71104/do-you-have-any-kind-of-affiliates-program-we-do+&cd=3&hl=en&ct=clnk&gl=us"
    },
    {
      "position": 4,
      "title": "1Password - Password Manager Affiliate Program - VigLink",
      "link": "https://www.viglink.com/merchants/129995/1password-password-manager-affiliate-program",
      "displayed_link": "www.viglink.com › merchants › 1password-password-manager-affilia...",
      "snippet": "This site contains affiliate links. //Commerce or our Publishers may be compensated when you click through links on our site.",
      "cached_page_link": "https://webcache.googleusercontent.com/search?q=cache:3aN8anPoO0IJ:https://www.viglink.com/merchants/129995/1password-password-manager-affiliate-program+&cd=4&hl=en&ct=clnk&gl=us"
    },
    {
      "position": 5,
      "title": "1Password Affiliate Program | FlexOffers.com Affiliate Programs",
      "link": "https://www.flexoffers.com/affiliate-programs/1password-affiliate-program/",
      "displayed_link": "www.flexoffers.com › ... › Consumer Electronics › Computer Software",
      "date": "Mar 5, 2019",
      "snippet": "The 1Password affiliate program offers a password manager that combines industry-leading security with award-winning design.",
      "cached_page_link": "https://webcache.googleusercontent.com/search?q=cache:Pe4jtRG9wlEJ:https://www.flexoffers.com/affiliate-programs/1password-affiliate-program/+&cd=5&hl=en&ct=clnk&gl=us"
    },
    {
      "position": 6,
      "title": "1Password - Password Manager affiliate program",
      "link": "https://affi.io/m/1password-password-manager",
      "displayed_link": "affi.io › 1password-password-manager",
      "snippet": "1Password - Password Manager affiliate program. ... 1Password - Password Manager on CJ Affiliate. Country: US. Status: Open. Launched: n/c. Cookies: n/c.",
      "cached_page_link": "https://webcache.googleusercontent.com/search?q=cache:QSQwBQmWDCkJ:https://affi.io/m/1password-password-manager+&cd=6&hl=en&ct=clnk&gl=us"
    },
    {
      "position": 7,
      "title": "1Password – Find Affiliate Programs",
      "link": "https://findaffiliateprograms.com/resource/1password-affiliate-program/",
      "displayed_link": "findaffiliateprograms.com › resource › 1password-affiliate-program",
      "snippet": "Does 1Password have an affiliate program or partner program? Not at the moment but they've been asked for one for years now and are currently considering ...",
      "cached_page_link": "https://webcache.googleusercontent.com/search?q=cache:eO_H8fUyjOUJ:https://findaffiliateprograms.com/resource/1password-affiliate-program/+&cd=7&hl=en&ct=clnk&gl=us"
    },
    {
      "position": 8,
      "title": "1Password | Affiliate Program",
      "link": "https://affiliateprogram.directory/affiliate/1password/",
      "displayed_link": "affiliateprogram.directory › affiliate › 1password",
      "snippet": "About 1Password. Earn $2 per signup; Earn 25% of the first year's payments for annual plans; Earn 25% of the first month's payments for monthly plans; 45 day ...",
      "cached_page_link": "https://webcache.googleusercontent.com/search?q=cache:-llU9JUOVtMJ:https://affiliateprogram.directory/affiliate/1password/+&cd=8&hl=en&ct=clnk&gl=us"
    },
    {
      "position": 9,
      "title": "1Password is offering an exclusive 50 percent off deal for ...",
      "link": "https://www.theverge.com/good-deals/2019/11/29/20983964/black-friday-1password-deal-exclusive-password-manager",
      "displayed_link": "www.theverge.com › good-deals › 2019/11/29 › black-friday-1passw...",
      "date": "Nov 29, 2019",
      "snippet": "1Password, a password manager that creates and stores secure passwords ... may earn commissions for products purchased via affiliate links.",
      "cached_page_link": "https://webcache.googleusercontent.com/search?q=cache:hpAN3Y1-wYoJ:https://www.theverge.com/good-deals/2019/11/29/20983964/black-friday-1password-deal-exclusive-password-manager+&cd=9&hl=en&ct=clnk&gl=us"
    },
    {
      "position": 10,
      "title": "iTunes - The Affiliate Program - Apple",
      "link": "https://www.apple.com/itunes/affiliates/",
      "displayed_link": "www.apple.com › itunes › affiliates",
      "snippet": "More than just a traditional affiliate program, the Apple Services Performance Partners Program provides unique opportunities for our valued partners. As the ...",
      "cached_page_link": "https://webcache.googleusercontent.com/search?q=cache:_RvVV7wB3loJ:https://www.apple.com/itunes/affiliates/+&cd=10&hl=en&ct=clnk&gl=us",
      "missing": [
        "1password"
      ],
      "must_include": {
        "word": "1password",
        "link": "https://www.google.com/search?q=%221password%22+affiliate&sa=X&ved=2ahUKEwin14m8-ZTnAhW7xIsBHXpVCYMQ5t4CMAl6BAgHEAw"
      }
    }
  ],
  "related_searches": [
    {
      "query": "lastpass affiliate",
      "link": "https://www.google.com/search?q=lastpass+affiliate&sa=X&ved=2ahUKEwin14m8-ZTnAhW7xIsBHXpVCYMQ1QIoAHoECAsQAQ"
    },
    {
      "query": "1password accounts",
      "link": "https://www.google.com/search?q=1password+accounts&sa=X&ved=2ahUKEwin14m8-ZTnAhW7xIsBHXpVCYMQ1QIoAXoECAsQAg"
    },
    {
      "query": "1password cloud",
      "link": "https://www.google.com/search?q=1password+cloud&sa=X&ved=2ahUKEwin14m8-ZTnAhW7xIsBHXpVCYMQ1QIoAnoECAsQAw"
    },
    {
      "query": "1password pro",
      "link": "https://www.google.com/search?q=1password+pro&sa=X&ved=2ahUKEwin14m8-ZTnAhW7xIsBHXpVCYMQ1QIoA3oECAsQBA"
    },
    {
      "query": "1password pricing",
      "link": "https://www.google.com/search?q=1password+pricing&sa=X&ved=2ahUKEwin14m8-ZTnAhW7xIsBHXpVCYMQ1QIoBHoECAsQBQ"
    },
    {
      "query": "1password 8",
      "link": "https://www.google.com/search?q=1password+8&sa=X&ved=2ahUKEwin14m8-ZTnAhW7xIsBHXpVCYMQ1QIoBXoECAsQBg"
    },
    {
      "query": "sign into 1password",
      "link": "https://www.google.com/search?q=sign+into+1password&sa=X&ved=2ahUKEwin14m8-ZTnAhW7xIsBHXpVCYMQ1QIoBnoECAsQBw"
    },
    {
      "query": "1password online access",
      "link": "https://www.google.com/search?q=1password+online+access&sa=X&ved=2ahUKEwin14m8-ZTnAhW7xIsBHXpVCYMQ1QIoB3oECAsQCA"
    }
  ],
  "pagination": {
    "current": 1,
    "next": "https://www.google.com/search?q=1password+affiliate&ei=whAnXqfuOLuJr7wP-qqlmAg&start=10&sa=N&ved=2ahUKEwin14m8-ZTnAhW7xIsBHXpVCYMQ8NMDegQIDRA_",
    "other_pages": {
      "2": "https://www.google.com/search?q=1password+affiliate&ei=whAnXqfuOLuJr7wP-qqlmAg&start=10&sa=N&ved=2ahUKEwin14m8-ZTnAhW7xIsBHXpVCYMQ8tMDegQIDRAt",
      "3": "https://www.google.com/search?q=1password+affiliate&ei=whAnXqfuOLuJr7wP-qqlmAg&start=20&sa=N&ved=2ahUKEwin14m8-ZTnAhW7xIsBHXpVCYMQ8tMDegQIDRAv",
      "4": "https://www.google.com/search?q=1password+affiliate&ei=whAnXqfuOLuJr7wP-qqlmAg&start=30&sa=N&ved=2ahUKEwin14m8-ZTnAhW7xIsBHXpVCYMQ8tMDegQIDRAx",
      "5": "https://www.google.com/search?q=1password+affiliate&ei=whAnXqfuOLuJr7wP-qqlmAg&start=40&sa=N&ved=2ahUKEwin14m8-ZTnAhW7xIsBHXpVCYMQ8tMDegQIDRAz",
      "6": "https://www.google.com/search?q=1password+affiliate&ei=whAnXqfuOLuJr7wP-qqlmAg&start=50&sa=N&ved=2ahUKEwin14m8-ZTnAhW7xIsBHXpVCYMQ8tMDegQIDRA1",
      "7": "https://www.google.com/search?q=1password+affiliate&ei=whAnXqfuOLuJr7wP-qqlmAg&start=60&sa=N&ved=2ahUKEwin14m8-ZTnAhW7xIsBHXpVCYMQ8tMDegQIDRA3",
      "8": "https://www.google.com/search?q=1password+affiliate&ei=whAnXqfuOLuJr7wP-qqlmAg&start=70&sa=N&ved=2ahUKEwin14m8-ZTnAhW7xIsBHXpVCYMQ8tMDegQIDRA5",
      "9": "https://www.google.com/search?q=1password+affiliate&ei=whAnXqfuOLuJr7wP-qqlmAg&start=80&sa=N&ved=2ahUKEwin14m8-ZTnAhW7xIsBHXpVCYMQ8tMDegQIDRA7",
      "10": "https://www.google.com/search?q=1password+affiliate&ei=whAnXqfuOLuJr7wP-qqlmAg&start=90&sa=N&ved=2ahUKEwin14m8-ZTnAhW7xIsBHXpVCYMQ8tMDegQIDRA9"
    }
  },
  "serpapi_pagination": {
    "current": 1,
    "next_link": "https://serpapi.com/search.json?device=desktop&engine=google&google_domain=google.com&q=1password+affiliate&start=10&token=8000c666bf29afd2",
    "next": "https://serpapi.com/search.json?device=desktop&engine=google&google_domain=google.com&q=1password+affiliate&start=10&token=8000c666bf29afd2",
    "other_pages": {
      "2": "https://serpapi.com/search.json?device=desktop&engine=google&google_domain=google.com&q=1password+affiliate&start=10&token=8000c666bf29afd2",
      "3": "https://serpapi.com/search.json?device=desktop&engine=google&google_domain=google.com&q=1password+affiliate&start=20&token=756c317d3c49b3a9",
      "4": "https://serpapi.com/search.json?device=desktop&engine=google&google_domain=google.com&q=1password+affiliate&start=30&token=03b728e8cd4bf2b0",
      "5": "https://serpapi.com/search.json?device=desktop&engine=google&google_domain=google.com&q=1password+affiliate&start=40&token=628711afc1a22578",
      "6": "https://serpapi.com/search.json?device=desktop&engine=google&google_domain=google.com&q=1password+affiliate&start=50&token=aa4c78caa61c86e2",
      "7": "https://serpapi.com/search.json?device=desktop&engine=google&google_domain=google.com&q=1password+affiliate&start=60&token=6a11998353776239",
      "8": "https://serpapi.com/search.json?device=desktop&engine=google&google_domain=google.com&q=1password+affiliate&start=70&token=795f61ef24b50fa3",
      "9": "https://serpapi.com/search.json?device=desktop&engine=google&google_domain=google.com&q=1password+affiliate&start=80&token=8cdd28c6b2fcf78c",
      "10": "https://serpapi.com/search.json?device=desktop&engine=google&google_domain=google.com&q=1password+affiliate&start=90&token=8e675796e3e13f4d"
    }
  }
}