{
  "search_metadata": {
    "id": "",
    "status": "Success",
    "json_endpoint": "",
    "created_at": "2020-01-21 15:21:04 UTC",
    "processed_at": "2020-01-21 15:21:04 UTC",
    "google_url": "https://www.google.com/search?q=affiliate+usa&oq=affiliate+usa&sourceid=chrome&ie=UTF-8",
    "raw_html_file": "",
    "total_time_taken": 2.9
  },
  "search_parameters": {
    "engine": "google",
    "q": "affiliate usa",
    "google_domain": "google.com",
    "device": "desktop"
  },
  "search_information": {
    "organic_results_state": "Results for exact spelling",
    "total_results": 664000000,
    "time_taken_displayed": 0.62,
    "query_displayed": "affiliate usa"
  },
  "ads": [
    {
      "position": 1,
      "block_position": "bottom",
      "title": "Earn Bitcoin with 20/20 Promo | Top Crypto Affiliate Program‎",
      "link": "/aclk?sa=l&ai=DChcSEwi85bSn_5TnAhVNdGAKHVhLA2EYABAAGgJ0bQ&ae=2&sig=AOD64_3tR9nzXI95vzbMKuX1dRnd7lEb-Q&adurl=&q=",
      "displayed_link": "www.xcoins.com/",
      "tracking_link": "https://www.google.com/aclk?sa=l&ai=DChcSEwi85bSn_5TnAhVNdGAKHVhLA2EYABAAGgJ0bQ&ae=2&sig=AOD64_3tR9nzXI95vzbMKuX1dRnd7lEb-Q&q=&ved=2ahUKEwjKyq6n_5TnAhUFGaYKHYOhAqgQ0Qx6BAgSEAE&adurl=",
      "description": "Begin Today - offer new customers $10 sign-up bonus in addition to your $10 referral fee. Earnings are paid weekly in Bitcoin on affiliate activity. 90 day cookies and no limits. Guaranteed. Multiple Payment Methods. 24/7 Support. Fastest Delivery. Cryptocurrencies.",
      "sitelinks": [
        {
          "title": "Affiliate Program",
          "link": "https://www.xcoins.com/affiliate"
        },
        {
          "title": "FAQ",
          "link": "https://www.xcoins.com/faq"
        },
        {
          "title": "Buy Bitcoin Now",
          "link": "https://www.xcoins.com"
        },
        {
          "title": "Contact Us",
          "link": "https://www.xcoins.com/contact"
        }
      ]
    }
  ],
  "knowledge_graph": {
    "see_more_about": [
      {
        "title": null
      },
      {
        "title": null
      },
      {
        "title": null
      }
    ]
  },
  "related_questions": [
    {
      "question": "What does being an affiliate mean?",
      "snippet": "Definition: A way for a company to sell its products by signing up individuals or companies (\"affiliates\") who market the company's products for a commission. There are two ways to approach affiliate marketing: You can offer an affiliate program to others or you can sign up to be another business's affiliate.",
      "title": "Affiliate Marketing Definition - Entrepreneur Small Business ...",
      "link": "https://www.entrepreneur.com/encyclopedia/affiliate-marketing",
      "displayed_link": "www.entrepreneur.com › encyclopedia › affiliate-marketing"
    },
    {
      "question": "How do I become an affiliate marketer?",
      "snippet": "Here's How to Start Affiliate Marketing on Your Blog in 8 Steps:Step 1: Create a Website or A Blog.Step 2: Choose an Industry, and then Niche Down.Step 3: Research Products in Your Niche that You Can Review.Step 4: Sign Up for the Amazon Affiliate Program.More items...•Jan 25, 2019",
      "title": "How to Start Affiliate Marketing for Beginners (A Step by Step Guide)",
      "link": "https://www.locationrebel.com/how-to-start-affiliate-marketing/",
      "displayed_link": "www.locationrebel.com › how-to-start-affiliate-marketing"
    },
    {
      "question": "Which affiliate program is the best?",
      "snippet": "Whatever the reason, here's a list of top beginner affiliate programs for those of you just getting started:DreamHost Affiliate Program. ... Amazon Associates. ... eBay Partner Network. ... Target Affiliates. ... AliExpress Affiliate Program.",
      "title": "The 67+ Best Affiliate Programs of 2019 (Highest Paying)",
      "link": "https://www.forexreferral.com/best-affiliate-programs",
      "displayed_link": "www.forexreferral.com › best-affiliate-programs"
    },
    {
      "question": "What companies have an affiliate program?",
      "snippet": "Affiliate Marketing Companies to ConsidereBay Partner Network. The eBay Partner Network has been around for a long time. ... Jet. This affiliate marketing program sells everything including groceries. ... Amazon Associates. ... Gearbest. ... GoDaddy. ... HostGator. ... ShareASale. ... ClickBank.More items...•Mar 26, 2019",
      "title": "The 25 Best Affiliate Marketing Companies in 2019 - Small Business ...",
      "link": "https://smallbiztrends.com/2019/03/affiliate-marketing-companies.html",
      "displayed_link": "smallbiztrends.com › 2019/03 › affiliate-marketing-companies"
    }
  ],
  "organic_results": [
    {
      "position": 1,
      "title": "The 67+ Best Affiliate Programs of 2020 (Highest Paying)",
      "link": "https://www.forexreferral.com/best-affiliate-programs",
      "displayed_link": "www.forexreferral.com › best-affiliate-programs",
      "snippet": "Kinsta's affiliate program is one of the best and most beneficial in the hosting industry. After each referral they offer a one-time sign up bonus up to $500.",
      "cached_page_link": "https://webcache.googleusercontent.com/search?q=cache:1JNnul2vnJAJ:https://www.forexreferral.com/best-affiliate-programs+&cd=1&hl=en&ct=clnk&gl=us",
      "related_pages_link": "https://www.google.com/search?q=related:https://www.forexreferral.com/best-affiliate-programs+affiliate+usa&tbo=1&sa=X&ved=2ahUKEwjKyq6n_5TnAhUFGaYKHYOhAqgQHzAAegQIAxAJ"
    },
    {
      "position": 2,
      "title": "Amazon Affiliate Program - Amazon.com",
      "link": "https://affiliate-program.amazon.com/",
      "displayed_link": "affiliate-program.amazon.com",
      "snippet": "Join the Amazon.com Associates Program and start earning money today. The Amazon Associates Program is one of the largest and most successful online ...",
      "cached_page_link": "https://webcache.googleusercontent.com/search?q=cache:QWl122yV-aUJ:https://affiliate-program.amazon.com/+&cd=2&hl=en&ct=clnk&gl=us",
      "related_pages_link": "https://www.google.com/search?q=related:https://affiliate-program.amazon.com/+affiliate+usa&tbo=1&sa=X&ved=2ahUKEwjKyq6n_5TnAhUFGaYKHYOhAqgQHzABegQICRAH"
    },
    {
      "position": 3,
      "title": "20+ Best Affiliate Marketing Platforms and Networks of 2020 ...",
      "link": "https://makeawebsitehub.com/affiliate-marketing-networks/",
      "displayed_link": "makeawebsitehub.com › affiliate-marketing-networks",
      "snippet": "Flexoffers also has their own affiliate program which is a licence to print money. If you refer someone to FlexOffers and they earn commission, you also earn ...",
      "cached_page_link": "https://webcache.googleusercontent.com/search?q=cache:aedN2w77ZFQJ:https://makeawebsitehub.com/affiliate-marketing-networks/+&cd=3&hl=en&ct=clnk&gl=us",
      "related_pages_link": "https://www.google.com/search?q=related:https://makeawebsitehub.com/affiliate-marketing-networks/+affiliate+usa&tbo=1&sa=X&ved=2ahUKEwjKyq6n_5TnAhUFGaYKHYOhAqgQHzACegQIBhAJ"
    },
    {
      "position": 4,
      "title": "Top 15 Affiliate Marketing Websites & Programs For 2020 ...",
      "link": "https://solvid.co.uk/top-affiliate-marketing-websites-and-programs/",
      "displayed_link": "solvid.co.uk › top-affiliate-marketing-websites-and-programs",
      "snippet": "Every niche has its space on Amazon, which is why it's such a great starting point for an Affiliate Marketing venture. Amazon Affiliate Program. Pros. Up to 10% ...",
      "rich_snippet": {
        "bottom": {
          "questions": [
            "What is affiliate marketing?",
            "How does affiliate marketing work?",
            "What are the most popular affiliate marketing networks?",
            "How does affiliate marketing drive sales?"
          ]
        }
      }
    },
    {
      "position": 5,
      "title": "30 of the Best Affiliate Programs That Pay the Highest ...",
      "link": "https://blog.hubspot.com/marketing/best-affiliate-programs",
      "displayed_link": "blog.hubspot.com › marketing › best-affiliate-programs",
      "date": "May 1, 2019",
      "snippet": "Wirecutter's affiliate program might make you doubt the legitimacy of Wirecutter's recommendations -- but, in fact, it's quite the opposite.",
      "cached_page_link": "https://webcache.googleusercontent.com/search?q=cache:cgoO3h_qjc4J:https://blog.hubspot.com/marketing/best-affiliate-programs+&cd=6&hl=en&ct=clnk&gl=us"
    },
    {
      "position": 6,
      "title": "105 Best Affiliate Programs of 2020 (High Paying for Beginners)",
      "link": "https://www.adamenfroy.com/best-high-paying-affiliate-programs",
      "displayed_link": "www.adamenfroy.com › Blog › Make Money Online",
      "snippet": "The Bluehost affiliate program is super popular in the web hosting space. With their plans starting at $2.95/month and one-time payouts starting at $65+, the cost ...",
      "cached_page_link": "https://webcache.googleusercontent.com/search?q=cache:lbWWxpmw_CEJ:https://www.adamenfroy.com/best-high-paying-affiliate-programs+&cd=7&hl=en&ct=clnk&gl=us"
    },
    {
      "position": 7,
      "title": "Number of Affiliate Marketing Programs in the USA - Affiliate ...",
      "link": "https://www.amnavigator.com/blog/2018/11/30/affiliate-marketing-programs-usa/",
      "displayed_link": "www.amnavigator.com › blog › 2018/11/30 › affiliate-marketing-pro...",
      "date": "Nov 30, 2018",
      "snippet": "I break down the number of affiliate marketing programs in the USA in this blog post. Find out how many companies run affiliate programs on ...",
      "cached_page_link": "https://webcache.googleusercontent.com/search?q=cache:7Ew9t2uV-KsJ:https://www.amnavigator.com/blog/2018/11/30/affiliate-marketing-programs-usa/+&cd=16&hl=en&ct=clnk&gl=us"
    },
    {
      "position": 8,
      "title": "Best Affiliate Networks And Programs 2020 - High Paying ...",
      "link": "https://highpayingaffiliateprograms.com/affiliate-network/",
      "displayed_link": "highpayingaffiliateprograms.com › affiliate-network",
      "snippet": "They have a world-class affiliate program where you can earn up to $150 for every first-time buyer with their dynamic CPA model. With over 300 unique ...",
      "cached_page_link": "https://webcache.googleusercontent.com/search?q=cache:ljxISWt7js4J:https://highpayingaffiliateprograms.com/affiliate-network/+&cd=17&hl=en&ct=clnk&gl=us"
    },
    {
      "position": 9,
      "title": "Affiliate Marketing in 2020: What It Is + How Beginners Can Start",
      "link": "https://www.bigcommerce.com/blog/affiliate-marketing/",
      "displayed_link": "www.bigcommerce.com › blog › affiliate-marketing",
      "snippet": "What Affiliate Marketing Strategies Should You Employ in 2020? Benefits To Joining the BigCommerce Affiliate Program; Join The BigCommerce Affiliate ...",
      "cached_page_link": "https://webcache.googleusercontent.com/search?q=cache:u3DLER_kwN8J:https://www.bigcommerce.com/blog/affiliate-marketing/+&cd=18&hl=en&ct=clnk&gl=us"
    }
  ],
  "related_search_boxes": [
    {
      "position": 1,
      "query": "Affiliate network listView 1+ moreView 1+",
      "results": []
    },
    {
      "position": 2,
      "query": "Tools for affiliate marketingView 2+ moreView 2+",
      "results": []
    }
  ],
  "related_searches": [
    {
      "query": "amazon affiliate program",
      "link": "https://www.google.com/search?q=amazon+affiliate+program&sa=X&ved=2ahUKEwjKyq6n_5TnAhUFGaYKHYOhAqgQ1QIoAHoECA8QAQ"
    },
    {
      "query": "top paying affiliate programs",
      "link": "https://www.google.com/search?q=top+paying+affiliate+programs&sa=X&ved=2ahUKEwjKyq6n_5TnAhUFGaYKHYOhAqgQ1QIoAXoECA8QAg"
    },
    {
      "query": "amazon affiliate store",
      "link": "https://www.google.com/search?q=amazon+affiliate+store&sa=X&ved=2ahUKEwjKyq6n_5TnAhUFGaYKHYOhAqgQ1QIoAnoECA8QAw"
    },
    {
      "query": "free affiliate programs",
      "link": "https://www.google.com/search?q=free+affiliate+programs&sa=X&ved=2ahUKEwjKyq6n_5TnAhUFGaYKHYOhAqgQ1QIoA3oECA8QBA"
    },
    {
      "query": "shareasale affiliates",
      "link": "https://www.google.com/search?q=shareasale+affiliates&sa=X&ved=2ahUKEwjKyq6n_5TnAhUFGaYKHYOhAqgQ1QIoBHoECA8QBQ"
    },
    {
      "query": "best affiliate programs for beginners",
      "link": "https://www.google.com/search?q=best+affiliate+programs+for+beginners&sa=X&ved=2ahUKEwjKyq6n_5TnAhUFGaYKHYOhAqgQ1QIoBXoECA8QBg"
    },
    {
      "query": "highest paying affiliate programs list",
      "link": "https://www.google.com/search?q=highest+paying+affiliate+programs+list&sa=X&ved=2ahUKEwjKyq6n_5TnAhUFGaYKHYOhAqgQ1QIoBnoECA8QBw"
    },
    {
      "query": "affiliate marketing",
      "link": "https://www.google.com/search?q=affiliate+marketing&sa=X&ved=2ahUKEwjKyq6n_5TnAhUFGaYKHYOhAqgQ1QIoB3oECA8QCA"
    }
  ],
  "pagination": {
    "current": 1,
    "next": "https://www.google.com/search?q=affiliate+usa&ei=4hYnXsrRBoWymAWDw4rACg&start=10&sa=N&ved=2ahUKEwjKyq6n_5TnAhUFGaYKHYOhAqgQ8NMDegQIExBC",
    "other_pages": {
      "2": "https://www.google.com/search?q=affiliate+usa&ei=4hYnXsrRBoWymAWDw4rACg&start=10&sa=N&ved=2ahUKEwjKyq6n_5TnAhUFGaYKHYOhAqgQ8tMDegQIExAw",
      "3": "https://www.google.com/search?q=affiliate+usa&ei=4hYnXsrRBoWymAWDw4rACg&start=20&sa=N&ved=2ahUKEwjKyq6n_5TnAhUFGaYKHYOhAqgQ8tMDegQIExAy",
      "4": "https://www.google.com/search?q=affiliate+usa&ei=4hYnXsrRBoWymAWDw4rACg&start=30&sa=N&ved=2ahUKEwjKyq6n_5TnAhUFGaYKHYOhAqgQ8tMDegQIExA0",
      "5": "https://www.google.com/search?q=affiliate+usa&ei=4hYnXsrRBoWymAWDw4rACg&start=40&sa=N&ved=2ahUKEwjKyq6n_5TnAhUFGaYKHYOhAqgQ8tMDegQIExA2",
      "6": "https://www.google.com/search?q=affiliate+usa&ei=4hYnXsrRBoWymAWDw4rACg&start=50&sa=N&ved=2ahUKEwjKyq6n_5TnAhUFGaYKHYOhAqgQ8tMDegQIExA4",
      "7": "https://www.google.com/search?q=affiliate+usa&ei=4hYnXsrRBoWymAWDw4rACg&start=60&sa=N&ved=2ahUKEwjKyq6n_5TnAhUFGaYKHYOhAqgQ8tMDegQIExA6",
      "8": "https://www.google.com/search?q=affiliate+usa&ei=4hYnXsrRBoWymAWDw4rACg&start=70&sa=N&ved=2ahUKEwjKyq6n_5TnAhUFGaYKHYOhAqgQ8tMDegQIExA8",
      "9": "https://www.google.com/search?q=affiliate+usa&ei=4hYnXsrRBoWymAWDw4rACg&start=80&sa=N&ved=2ahUKEwjKyq6n_5TnAhUFGaYKHYOhAqgQ8tMDegQIExA-",
      "10": "https://www.google.com/search?q=affiliate+usa&ei=4hYnXsrRBoWymAWDw4rACg&start=90&sa=N&ved=2ahUKEwjKyq6n_5TnAhUFGaYKHYOhAqgQ8tMDegQIExBA"
    }
  },
  "serpapi_pagination": {
    "current": 1,
    "next_link": "https://serpapi.com/search.json?device=desktop&engine=google&google_domain=google.com&q=affiliate+usa&start=10&token=adb1b6f805b65a10",
    "next": "https://serpapi.com/search.json?device=desktop&engine=google&google_domain=google.com&q=affiliate+usa&start=10&token=adb1b6f805b65a10",
    "other_pages": {
      "2": "https://serpapi.com/search.json?device=desktop&engine=google&google_domain=google.com&q=affiliate+usa&start=10&token=adb1b6f805b65a10",
      "3": "https://serpapi.com/search.json?device=desktop&engine=google&google_domain=google.com&q=affiliate+usa&start=20&token=5eeb47354f73ec93",
      "4": "https://serpapi.com/search.json?device=desktop&engine=google&google_domain=google.com&q=affiliate+usa&start=30&token=1d225adae2331852",
      "5": "https://serpapi.com/search.json?device=desktop&engine=google&google_domain=google.com&q=affiliate+usa&start=40&token=db2cdf042c82c83e",
      "6": "https://serpapi.com/search.json?device=desktop&engine=google&google_domain=google.com&q=affiliate+usa&start=50&token=08e0921801ac872e",
      "7": "https://serpapi.com/search.json?device=desktop&engine=google&google_domain=google.com&q=affiliate+usa&start=60&token=5b5c1a6d84a506d7",
      "8": "https://serpapi.com/search.json?device=desktop&engine=google&google_domain=google.com&q=affiliate+usa&start=70&token=58ab93734fa2779f",
      "9": "https://serpapi.com/search.json?device=desktop&engine=google&google_domain=google.com&q=affiliate+usa&start=80&token=51c06b866615e002",
      "10": "https://serpapi.com/search.json?device=desktop&engine=google&google_domain=google.com&q=affiliate+usa&start=90&token=f932c88c6e2d6713"
    }
  }
}