{
  "search_metadata": {
    "id": "",
    "status": "Success",
    "json_endpoint": "",
    "created_at": "2020-01-21 14:05:09 UTC",
    "processed_at": "2020-01-21 14:05:09 UTC",
    "google_url": "https://www.google.com/search?q=affiliate+business+model&oq=affiliate+business+model&sourceid=chrome&ie=UTF-8",
    "raw_html_file": "",
    "total_time_taken": 6.02
  },
  "search_parameters": {
    "engine": "google",
    "q": "affiliate business model",
    "google_domain": "google.com",
    "device": "desktop"
  },
  "search_information": {
    "organic_results_state": "Results for exact spelling",
    "total_results": 278000000,
    "time_taken_displayed": 0.6,
    "query_displayed": "affiliate business model"
  },
  "knowledge_graph": {},
  "related_questions": [
    {
      "question": "How do I start an affiliate business?",
      "snippet": "Here, we focus on five critical steps to launching your own profitable affiliate marketing business quickly and easily.Choose the Right Affiliate Network.Research and Select the Right Affiliate Products.Consider Buying the Product Before Promoting It.Utilize Social Media Marketing to Get More Traffic.More items...",
      "title": "How to Start Affiliate Marketing - The Balance Small Business",
      "link": "https://www.thebalancesmb.com/launching-affiliate-marketing-business-2531501",
      "displayed_link": "www.thebalancesmb.com › launching-affiliate-marketing-business-2531..."
    },
    {
      "question": "How do affiliates get paid?",
      "snippet": "Essentially affiliate marketing involves a merchant paying a commission to other online entities, known as affiliates, for referring new business to the merchant's website. Affiliate marketing is performance-based, which means affiliates only get paid when their promotional efforts actually result in a transaction.Nov 5, 2014",
      "title": "How Does Affiliate Marketing Work? | Acceleration Partners",
      "link": "http://www.accelerationpartners.com/blog/affiliate-marketing-101-part-i",
      "displayed_link": "www.accelerationpartners.com › blog › affiliate-marketing-101-part-i"
    },
    {
      "question": "What are the most profitable affiliate programs?",
      "snippet": "Let's dive into these profitable affiliate programs and see how they can earn you a higher revenue from your affiliate marketing strategy:Plus500 Affiliate Program. Visit Affiliate Program Site. ... 2 . Villiers. ... 3 . LiquidWeb. ... 6 . Template Monster. ... 7 . SEMRush. ... 8 . StudioPress. ... 9 . Sandals Resorts. ... WP Engine.More items...",
      "title": "Go for Gold: The 15 Most Profitable Affiliate Programs with High ...",
      "link": "https://cospot.com/affiliate/most-profitable-affiliate-programs/",
      "displayed_link": "cospot.com › affiliate › most-profitable-affiliate-programs"
    }
  ],
  "organic_results": [
    {
      "position": 1,
      "title": "The Affiliate Marketing Business Model Explained",
      "link": "https://empireflippers.com/affiliate-marketing-business-model-explained/",
      "displayed_link": "empireflippers.com › Buy Websites",
      "date": "Jul 6, 2016",
      "snippet": "At its basic level, affiliate marketing is simply where you sign up with a company or a network (a network is just a company that houses many offers from different businesses) to sell their products or services. You get paid typically every time someone either buys something or executes the desired action.",
      "related_pages_link": "https://www.google.com/search?q=related:https://empireflippers.com/affiliate-marketing-business-model-explained/+affiliate+business+model&tbo=1&sa=X&ved=2ahUKEwjZ0bes7pTnAhUFac0KHQ4yAgYQHzAAegQIAxAK"
    },
    {
      "position": 2,
      "title": "Affiliate Marketing Business Model Explained | Feedough",
      "link": "https://www.feedough.com/affiliate-marketing-business-model-explained/",
      "displayed_link": "www.feedough.com › Business Models › Feeds",
      "date": "Jul 21, 2019",
      "snippet": "As we've already discussed, the affiliate business model works on the principle of commission. Merchants advertise and sell their products through partner (affiliate) websites and other mediums but don't usually pay anything for just the placements of the ads and links.",
      "cached_page_link": "https://webcache.googleusercontent.com/search?q=cache:h-0S3q-a-ZIJ:https://www.feedough.com/affiliate-marketing-business-model-explained/+&cd=2&hl=en&ct=clnk&gl=us"
    },
    {
      "position": 3,
      "title": "Affiliate Marketing Made Simple: A Step-by-Step Guide",
      "link": "https://neilpatel.com/what-is-affiliate-marketing/",
      "displayed_link": "neilpatel.com › what-is-affiliate-marketing",
      "snippet": "Affiliate marketing is the process of earning a commission by promoting other people's ... An affiliate marketing business can produce a few hundred dollars in ...",
      "rich_snippet": {
        "bottom": {
          "questions": [
            "What is affiliate marketing?",
            "How much money can you make as an affiliate marketer?",
            "What are some of the most popular affilaite networks?",
            "Is affiliate marketing a pyramid scheme?"
          ]
        }
      }
    },
    {
      "position": 4,
      "title": "The Best Business Model: Affiliate Marketing in a Nutshell",
      "link": "https://medium.com/@omidghiam/the-best-business-model-affiliate-marketing-in-a-nutshell-47d065372ddf",
      "displayed_link": "medium.com › the-best-business-model-affiliate-marketing-in-a-nutsh...",
      "date": "Oct 18, 2017",
      "snippet": "This is where affiliate marketing comes to play. Affiliate marketing is a $6.8 billion dollar industry. We see this business model in action every ...",
      "cached_page_link": "https://webcache.googleusercontent.com/search?q=cache:rpdYDoVrUD8J:https://medium.com/%40omidghiam/the-best-business-model-affiliate-marketing-in-a-nutshell-47d065372ddf+&cd=11&hl=en&ct=clnk&gl=us"
    },
    {
      "position": 5,
      "title": "3 Types of Affiliate Marketing Explained—and The One I Profit ...",
      "link": "https://www.smartpassiveincome.com/3-types-of-affiliate-marketing-explained-and-the-one-i-profit-from/",
      "displayed_link": "www.smartpassiveincome.com › 3-types-of-affiliate-marketing-explai...",
      "date": "Oct 8, 2018",
      "snippet": "It's an income generating model, yes, but is it a business model where I can build relationships with the end user? No. With PPC affiliate ...",
      "cached_page_link": "https://webcache.googleusercontent.com/search?q=cache:FcpF8Cs747EJ:https://www.smartpassiveincome.com/3-types-of-affiliate-marketing-explained-and-the-one-i-profit-from/+&cd=12&hl=en&ct=clnk&gl=us",
      "related_pages_link": "https://www.google.com/search?q=related:https://www.smartpassiveincome.com/3-types-of-affiliate-marketing-explained-and-the-one-i-profit-from/+affiliate+business+model&tbo=1&sa=X&ved=2ahUKEwjZ0bes7pTnAhUFac0KHQ4yAgYQHzALegQIARAJ"
    },
    {
      "position": 6,
      "title": "Affiliate Revenue Model Example - Zuora",
      "link": "https://www.zuora.com/billing-topics/affiliate-revenue-model-example/",
      "displayed_link": "www.zuora.com › billing-topics › affiliate-revenue-model-example",
      "snippet": "As a digital business, there are many options to increase revenue such as the affiliate revenue model. Learn more about the affiliate revenue model example ...",
      "cached_page_link": "https://webcache.googleusercontent.com/search?q=cache:EPrKvPT2qNcJ:https://www.zuora.com/billing-topics/affiliate-revenue-model-example/+&cd=13&hl=en&ct=clnk&gl=us",
      "related_pages_link": "https://www.google.com/search?q=related:https://www.zuora.com/billing-topics/affiliate-revenue-model-example/+affiliate+business+model&tbo=1&sa=X&ved=2ahUKEwjZ0bes7pTnAhUFac0KHQ4yAgYQHzAMegQICBAL"
    },
    {
      "position": 7,
      "title": "Which Affiliate Marketing Model Fits Your Business? | Practical ...",
      "link": "https://www.practicalecommerce.com/which-affiliate-marketing-model-fits-your-business",
      "displayed_link": "www.practicalecommerce.com › which-affiliate-marketing-model-fits-...",
      "date": "Oct 30, 2017",
      "snippet": "Affiliate marketing is a huge industry, with many programs and models. One model is to rely on promoters with a specialized expertise and an ...",
      "cached_page_link": "https://webcache.googleusercontent.com/search?q=cache:4PjPU9TICQwJ:https://www.practicalecommerce.com/which-affiliate-marketing-model-fits-your-business+&cd=14&hl=en&ct=clnk&gl=us"
    },
    {
      "position": 8,
      "title": "Affiliate Marketing Business Model - Affiliate Marketer Training",
      "link": "https://www.affiliatemarketertraining.com/what-is-the-affiliate-marketing-business-model/",
      "displayed_link": "www.affiliatemarketertraining.com › what-is-the-affiliate-marketing-b...",
      "snippet": "What is the Affiliate Marketing business model? Check out this article including a video explanation directly from a highly successful affiliate marketer.",
      "cached_page_link": "https://webcache.googleusercontent.com/search?q=cache:xe6OpJB--WAJ:https://www.affiliatemarketertraining.com/what-is-the-affiliate-marketing-business-model/+&cd=15&hl=en&ct=clnk&gl=us"
    },
    {
      "position": 9,
      "title": "The Many Ways to Run a Successful Affiliate Marketing ...",
      "link": "https://kinsta.com/affiliate-academy/affiliate-marketing-business/",
      "displayed_link": "kinsta.com › affiliate-academy › affiliate-marketing-business",
      "date": "Jump to Finding The Right Affiliate Marketing Business Model",
      "snippet": "When you want to settle on an affiliate business model, there are a number of ...",
      "cached_page_link": "https://webcache.googleusercontent.com/search?q=cache:eAXcWBKZPx0J:https://kinsta.com/affiliate-academy/affiliate-marketing-business/+&cd=16&hl=en&ct=clnk&gl=us"
    }
  ],
  "related_search_boxes": [
    {
      "position": 1,
      "query": "Top affiliate marketing platforms",
      "results": []
    }
  ],
  "related_searches": [
    {
      "query": "affiliate business model pdf",
      "link": "https://www.google.com/search?q=affiliate+business+model+pdf&sa=X&ved=2ahUKEwjZ0bes7pTnAhUFac0KHQ4yAgYQ1QIoAHoECA8QAQ"
    },
    {
      "query": "affiliate marketing business model pdf",
      "link": "https://www.google.com/search?q=affiliate+marketing+business+model+pdf&sa=X&ved=2ahUKEwjZ0bes7pTnAhUFac0KHQ4yAgYQ1QIoAXoECA8QAg"
    },
    {
      "query": "affiliate marketing pdf",
      "link": "https://www.google.com/search?q=affiliate+marketing+pdf&sa=X&ved=2ahUKEwjZ0bes7pTnAhUFac0KHQ4yAgYQ1QIoAnoECA8QAw"
    },
    {
      "query": "what is affiliate marketing and how does it work",
      "link": "https://www.google.com/search?q=what+is+affiliate+marketing+and+how+does+it+work&sa=X&ved=2ahUKEwjZ0bes7pTnAhUFac0KHQ4yAgYQ1QIoA3oECA8QBA"
    },
    {
      "query": "how to start affiliate marketing",
      "link": "https://www.google.com/search?q=how+to+start+affiliate+marketing&sa=X&ved=2ahUKEwjZ0bes7pTnAhUFac0KHQ4yAgYQ1QIoBHoECA8QBQ"
    },
    {
      "query": "affiliate links",
      "link": "https://www.google.com/search?q=affiliate+links&sa=X&ved=2ahUKEwjZ0bes7pTnAhUFac0KHQ4yAgYQ1QIoBXoECA8QBg"
    },
    {
      "query": "affiliate revenue model amazon",
      "link": "https://www.google.com/search?q=affiliate+revenue+model+amazon&sa=X&ved=2ahUKEwjZ0bes7pTnAhUFac0KHQ4yAgYQ1QIoBnoECA8QBw"
    },
    {
      "query": "affiliate marketing for beginners",
      "link": "https://www.google.com/search?q=affiliate+marketing+for+beginners&sa=X&ved=2ahUKEwjZ0bes7pTnAhUFac0KHQ4yAgYQ1QIoB3oECA8QCA"
    }
  ],
  "pagination": {
    "current": 1,
    "next": "https://www.google.com/search?q=affiliate+business+model&ei=GQUnXpnhFIXStQaO5Igw&start=10&sa=N&ved=2ahUKEwjZ0bes7pTnAhUFac0KHQ4yAgYQ8NMDegQIEhBA",
    "other_pages": {
      "2": "https://www.google.com/search?q=affiliate+business+model&ei=GQUnXpnhFIXStQaO5Igw&start=10&sa=N&ved=2ahUKEwjZ0bes7pTnAhUFac0KHQ4yAgYQ8tMDegQIEhAu",
      "3": "https://www.google.com/search?q=affiliate+business+model&ei=GQUnXpnhFIXStQaO5Igw&start=20&sa=N&ved=2ahUKEwjZ0bes7pTnAhUFac0KHQ4yAgYQ8tMDegQIEhAw",
      "4": "https://www.google.com/search?q=affiliate+business+model&ei=GQUnXpnhFIXStQaO5Igw&start=30&sa=N&ved=2ahUKEwjZ0bes7pTnAhUFac0KHQ4yAgYQ8tMDegQIEhAy",
      "5": "https://www.google.com/search?q=affiliate+business+model&ei=GQUnXpnhFIXStQaO5Igw&start=40&sa=N&ved=2ahUKEwjZ0bes7pTnAhUFac0KHQ4yAgYQ8tMDegQIEhA0",
      "6": "https://www.google.com/search?q=affiliate+business+model&ei=GQUnXpnhFIXStQaO5Igw&start=50&sa=N&ved=2ahUKEwjZ0bes7pTnAhUFac0KHQ4yAgYQ8tMDegQIEhA2",
      "7": "https://www.google.com/search?q=affiliate+business+model&ei=GQUnXpnhFIXStQaO5Igw&start=60&sa=N&ved=2ahUKEwjZ0bes7pTnAhUFac0KHQ4yAgYQ8tMDegQIEhA4",
      "8": "https://www.google.com/search?q=affiliate+business+model&ei=GQUnXpnhFIXStQaO5Igw&start=70&sa=N&ved=2ahUKEwjZ0bes7pTnAhUFac0KHQ4yAgYQ8tMDegQIEhA6",
      "9": "https://www.google.com/search?q=affiliate+business+model&ei=GQUnXpnhFIXStQaO5Igw&start=80&sa=N&ved=2ahUKEwjZ0bes7pTnAhUFac0KHQ4yAgYQ8tMDegQIEhA8",
      "10": "https://www.google.com/search?q=affiliate+business+model&ei=GQUnXpnhFIXStQaO5Igw&start=90&sa=N&ved=2ahUKEwjZ0bes7pTnAhUFac0KHQ4yAgYQ8tMDegQIEhA-"
    }
  },
  "serpapi_pagination": {
    "current": 1,
    "next_link": "https://serpapi.com/search.json?device=desktop&engine=google&google_domain=google.com&q=affiliate+business+model&start=10&token=6a5f663c0202f547",
    "next": "https://serpapi.com/search.json?device=desktop&engine=google&google_domain=google.com&q=affiliate+business+model&start=10&token=6a5f663c0202f547",
    "other_pages": {
      "2": "https://serpapi.com/search.json?device=desktop&engine=google&google_domain=google.com&q=affiliate+business+model&start=10&token=6a5f663c0202f547",
      "3": "https://serpapi.com/search.json?device=desktop&engine=google&google_domain=google.com&q=affiliate+business+model&start=20&token=99b98fc74bf71dfe",
      "4": "https://serpapi.com/search.json?device=desktop&engine=google&google_domain=google.com&q=affiliate+business+model&start=30&token=c5e086a3935f7f7c",
      "5": "https://serpapi.com/search.json?device=desktop&engine=google&google_domain=google.com&q=affiliate+business+model&start=40&token=46dbce7163bc9415",
      "6": "https://serpapi.com/search.json?device=desktop&engine=google&google_domain=google.com&q=affiliate+business+model&start=50&token=6acae16bd50de222",
      "7": "https://serpapi.com/search.json?device=desktop&engine=google&google_domain=google.com&q=affiliate+business+model&start=60&token=bf569313f372e0d6",
      "8": "https://serpapi.com/search.json?device=desktop&engine=google&google_domain=google.com&q=affiliate+business+model&start=70&token=0fd9c725375d6d54",
      "9": "https://serpapi.com/search.json?device=desktop&engine=google&google_domain=google.com&q=affiliate+business+model&start=80&token=46f31c9e8c0111a9",
      "10": "https://serpapi.com/search.json?device=desktop&engine=google&google_domain=google.com&q=affiliate+business+model&start=90&token=7a84dfbc6c635e72"
    }
  }
}