{
  "search_metadata": {
    "id": "",
    "status": "Success",
    "json_endpoint": "",
    "created_at": "2020-01-21 14:10:38 UTC",
    "processed_at": "2020-01-21 14:10:38 UTC",
    "google_url": "https://www.google.com/search?q=affiliate+networks+2018&oq=affiliate+networks+2018&sourceid=chrome&ie=UTF-8",
    "raw_html_file": "",
    "total_time_taken": 3.08
  },
  "search_parameters": {
    "engine": "google",
    "q": "affiliate networks 2018",
    "google_domain": "google.com",
    "device": "desktop"
  },
  "search_information": {
    "organic_results_state": "Results for exact spelling",
    "total_results": 67800000,
    "time_taken_displayed": 0.7,
    "query_displayed": "affiliate networks 2018"
  },
  "knowledge_graph": {},
  "related_questions": [
    {
      "question": "What are the top affiliate networks?",
      "snippet": "The Best Affiliate Networks in 2019ShareASale.ClickBank.CJ Affiliate (formerly Commission Junction)Amazon Associates.eBay Partner Network (EPN)FlexOffers.Pepperjam.Rakuten Marketing (formerly LinkShare)",
      "title": "The 8 Best Affiliate Networks for Earning Passive Income in 2019",
      "link": "https://smartblogger.com/affiliate-networks/",
      "displayed_link": "smartblogger.com › affiliate-networks"
    },
    {
      "question": "What is the highest paying affiliate program?",
      "snippet": "Here are my picks for the top 5 high paying affiliate programs.Bluehost. The Bluehost affiliate program is super popular in the web hosting space. ... Hostinger. ... HostGator. ... GreenGeeks. ... BigCommerce. ... Weebly. ... 3dcart. ... Shopify.More items...",
      "title": "97+ Best Affiliate Programs of 2019 (Highest Paying for Beginners)",
      "link": "https://www.adamenfroy.com/best-high-paying-affiliate-programs",
      "displayed_link": "www.adamenfroy.com › best-high-paying-affiliate-programs"
    },
    {
      "question": "How do I become an affiliate network?",
      "snippet": "StepsIdentify your niche. ... Purchase a dedicated web domain name. ... Put a website on your domain. ... Choose your affiliate marketing program. ... Create content for your site. ... Place affiliate links in appropriate places. ... Promote your site to your specified niche.Oct 7, 2018",
      "title": "How to Become an Internet Affiliate: 7 Steps (with Pictures)",
      "link": "https://www.wikihow.com/Become-an-Internet-Affiliate",
      "displayed_link": "www.wikihow.com › Become-an-Internet-Affiliate"
    },
    {
      "question": "What is an affiliate marketing network?",
      "snippet": "Affiliate marketing is an advertising model in which a company compensates third-party publishers to generate traffic or leads to the company's products and services. ... In this sense, affiliate marketing is essentially a pay for performance marketing program where the act of selling is outsourced across a vast network.Aug 21, 2019",
      "title": "Understanding Affiliate Marketing - Investopedia",
      "link": "https://www.investopedia.com/terms/a/affiliate-marketing.asp",
      "displayed_link": "www.investopedia.com › terms › affiliate-marketing"
    }
  ],
  "organic_results": [
    {
      "position": 1,
      "title": "20+ Best Affiliate Marketing Platforms and Networks of 2020 ...",
      "link": "https://makeawebsitehub.com/affiliate-marketing-networks/",
      "displayed_link": "makeawebsitehub.com › affiliate-marketing-networks",
      "snippet": "There are literally hundreds of affiliate programs available to bloggers and online ... In this post I cover the best affiliate marketing networks and programs to help ... I needed something like this for 2018 so that I know what to target in the future ...",
      "cached_page_link": "https://webcache.googleusercontent.com/search?q=cache:aedN2w77ZFQJ:https://makeawebsitehub.com/affiliate-marketing-networks/+&cd=1&hl=en&ct=clnk&gl=us",
      "related_pages_link": "https://www.google.com/search?q=related:https://makeawebsitehub.com/affiliate-marketing-networks/+affiliate+networks+2018&tbo=1&sa=X&ved=2ahUKEwjej4vI75TnAhURPXAKHTOMBSQQHzAAegQIAhAJ"
    },
    {
      "position": 2,
      "title": "Top Affiliate Networks (2019) - Business of Apps",
      "link": "https://www.businessofapps.com/guide/affiliate-networks/",
      "displayed_link": "www.businessofapps.com › guide › affiliate-networks",
      "date": "Sep 6, 2019",
      "snippet": "Affiliate networks work on a CPA (Cost per Action) based model ... Founded: 2018; Headquarters: Madrid, Spain; Offices: Philadelphia, US, ...",
      "sitelinks": {
        "inline": [
          {
            "title": "Amazon Affiliates",
            "link": "https://www.businessofapps.com/guide/affiliate-networks/#1"
          },
          {
            "title": "MyLead",
            "link": "https://www.businessofapps.com/guide/affiliate-networks/#8"
          },
          {
            "title": "Tapgerine",
            "link": "https://www.businessofapps.com/guide/affiliate-networks/#16"
          },
          {
            "title": "AdWork Media",
            "link": "https://www.businessofapps.com/guide/affiliate-networks/#28"
          }
        ]
      },
      "cached_page_link": "https://webcache.googleusercontent.com/search?q=cache:E5VNRD681vcJ:https://www.businessofapps.com/guide/affiliate-networks/+&cd=2&hl=en&ct=clnk&gl=us"
    },
    {
      "position": 3,
      "title": "Top 10 Affiliate Networks and Programs That Aren't Amazon in ...",
      "link": "https://empireflippers.com/best-affiliate-networks-programs/",
      "displayed_link": "empireflippers.com › Entrepreneurship",
      "snippet": "Top 10 Affiliate Networks and Programs That Aren't Amazon in 2019. Shareasale. Clickbank. GiddyUp. JVZoo. CJ Affiliate by Conversant. Rakuten Marketing. Avangate. eBay Partner Network."
    },
    {
      "position": 4,
      "title": "Best Affiliate Networks And Programs 2020 - High Paying ...",
      "link": "https://highpayingaffiliateprograms.com/affiliate-network/",
      "displayed_link": "highpayingaffiliateprograms.com › affiliate-network",
      "snippet": "Here are the best affiliate networks and programs this year. Chosing the right affiliate network is vital to your success as an affiliate marketer. ... agen casino sbobet terpercaya on December 29, 2018 at 2:40 pm. Every weekend i used to pay a ...",
      "sitelinks": {
        "inline": [
          {
            "title": "Best Affiliate Networks 2020",
            "link": "https://highpayingaffiliateprograms.com/affiliate-network/#Best_Affiliate_Networks_2020"
          },
          {
            "title": "What Is An Affiliate ...",
            "link": "https://highpayingaffiliateprograms.com/affiliate-network/#What_Is_An_Affiliate_Network"
          }
        ]
      },
      "cached_page_link": "https://webcache.googleusercontent.com/search?q=cache:ljxISWt7js4J:https://highpayingaffiliateprograms.com/affiliate-network/+&cd=4&hl=en&ct=clnk&gl=us"
    },
    {
      "position": 5,
      "title": "Top 5 Affiliate Networks You Should Consider in 2018 — Blog",
      "link": "https://partners.livechatinc.com/blog/affiliate-networks/",
      "displayed_link": "partners.livechatinc.com › blog › affiliate-networks",
      "snippet": "Affiliate marketing networks can be a great place to start when you're an affiliate marketing newbie. ... by Kasia Perzynska on 02 Oct, 2018 ~7 minutes read.",
      "cached_page_link": "https://webcache.googleusercontent.com/search?q=cache:n7ZParrZEUoJ:https://partners.livechatinc.com/blog/affiliate-networks/+&cd=13&hl=en&ct=clnk&gl=us"
    },
    {
      "position": 6,
      "title": "Best CPS Affiliate Networks | mThink",
      "link": "https://mthink.com/best-cps-affiliate-networks/",
      "displayed_link": "mthink.com › best-cps-affiliate-networks",
      "snippet": "These are the Blue Book Best CPS Affiliate Networks, as chosen by the advertisers and publishers of the world-wide performance marketing community.",
      "cached_page_link": "https://webcache.googleusercontent.com/search?q=cache:Di_P9sWN8QUJ:https://mthink.com/best-cps-affiliate-networks/+&cd=14&hl=en&ct=clnk&gl=us"
    },
    {
      "position": 7,
      "title": "The 67+ Best Affiliate Programs of 2020 (Highest Paying)",
      "link": "https://www.forexreferral.com/best-affiliate-programs",
      "displayed_link": "www.forexreferral.com › best-affiliate-programs",
      "snippet": "Our picks for the best affiliate programs to make money online, including the highest paying marketing programs and networks for bloggers and professionals.",
      "cached_page_link": "https://webcache.googleusercontent.com/search?q=cache:1JNnul2vnJAJ:https://www.forexreferral.com/best-affiliate-programs+&cd=15&hl=en&ct=clnk&gl=us",
      "related_pages_link": "https://www.google.com/search?q=related:https://www.forexreferral.com/best-affiliate-programs+affiliate+networks+2018&tbo=1&sa=X&ved=2ahUKEwjej4vI75TnAhURPXAKHTOMBSQQHzAOegQIBBAJ"
    },
    {
      "position": 8,
      "title": "Top 15 Affiliate Marketing Websites & Programs For 2020 ...",
      "link": "https://solvid.co.uk/top-affiliate-marketing-websites-and-programs/",
      "displayed_link": "solvid.co.uk › top-affiliate-marketing-websites-and-programs",
      "snippet": "In this article, we're sharing and comparing the best affiliate marketing websites and programs for bloggers to explore in 2020.",
      "rich_snippet": {
        "bottom": {
          "questions": [
            "What is affiliate marketing?",
            "How does affiliate marketing work?",
            "What are the most popular affiliate marketing networks?",
            "How does affiliate marketing drive sales?"
          ]
        }
      }
    },
    {
      "position": 9,
      "title": "17 Little-Known Affiliate Programs (Up To $8K Per Sale) - Bengu",
      "link": "http://benguonline.com/high-paying-affiliate-programs",
      "displayed_link": "benguonline.com › Affiliate Marketing",
      "date": "Jan 8, 2020",
      "snippet": "A Comprehensive List of The Top High Paying Affiliate Programs On The Internet ... At its peak on Black Friday back in 2018, over $870,000 in ...",
      "related_pages_link": "https://www.google.com/search?q=related:benguonline.com/high-paying-affiliate-programs+affiliate+networks+2018&tbo=1&sa=X&ved=2ahUKEwjej4vI75TnAhURPXAKHTOMBSQQHzARegQIARAK"
    }
  ],
  "related_search_boxes": [
    {
      "position": 1,
      "query": "Affiliate network listView 3+ moreView 3+",
      "results": []
    },
    {
      "position": 2,
      "query": "Top CPA networks 2019",
      "results": []
    }
  ],
  "related_searches": [
    {
      "query": "top paying affiliate programs",
      "link": "https://www.google.com/search?q=top+paying+affiliate+programs&sa=X&ved=2ahUKEwjej4vI75TnAhURPXAKHTOMBSQQ1QIoAHoECAsQAQ"
    },
    {
      "query": "best affiliate networks for merchants",
      "link": "https://www.google.com/search?q=best+affiliate+networks+for+merchants&sa=X&ved=2ahUKEwjej4vI75TnAhURPXAKHTOMBSQQ1QIoAXoECAsQAg"
    },
    {
      "query": "free affiliate programs",
      "link": "https://www.google.com/search?q=free+affiliate+programs&sa=X&ved=2ahUKEwjej4vI75TnAhURPXAKHTOMBSQQ1QIoAnoECAsQAw"
    },
    {
      "query": "shareasale affiliate marketing",
      "link": "https://www.google.com/search?q=shareasale+affiliate+marketing&sa=X&ved=2ahUKEwjej4vI75TnAhURPXAKHTOMBSQQ1QIoA3oECAsQBA"
    },
    {
      "query": "clickbank affiliate marketing",
      "link": "https://www.google.com/search?q=clickbank+affiliate+marketing&sa=X&ved=2ahUKEwjej4vI75TnAhURPXAKHTOMBSQQ1QIoBHoECAsQBQ"
    },
    {
      "query": "best affiliate programs 2019",
      "link": "https://www.google.com/search?q=best+affiliate+programs+2019&sa=X&ved=2ahUKEwjej4vI75TnAhURPXAKHTOMBSQQ1QIoBXoECAsQBg"
    },
    {
      "query": "online affiliate marketing",
      "link": "https://www.google.com/search?q=online+affiliate+marketing&sa=X&ved=2ahUKEwjej4vI75TnAhURPXAKHTOMBSQQ1QIoBnoECAsQBw"
    },
    {
      "query": "amazon affiliate marketing",
      "link": "https://www.google.com/search?q=amazon+affiliate+marketing&sa=X&ved=2ahUKEwjej4vI75TnAhURPXAKHTOMBSQQ1QIoB3oECAsQCA"
    }
  ],
  "pagination": {
    "current": 1,
    "next": "https://www.google.com/search?q=affiliate+networks+2018&ei=XwYnXp7kLpH6wAOzmJagAg&start=10&sa=N&ved=2ahUKEwjej4vI75TnAhURPXAKHTOMBSQQ8NMDegQIEhBB",
    "other_pages": {
      "2": "https://www.google.com/search?q=affiliate+networks+2018&ei=XwYnXp7kLpH6wAOzmJagAg&start=10&sa=N&ved=2ahUKEwjej4vI75TnAhURPXAKHTOMBSQQ8tMDegQIEhAv",
      "3": "https://www.google.com/search?q=affiliate+networks+2018&ei=XwYnXp7kLpH6wAOzmJagAg&start=20&sa=N&ved=2ahUKEwjej4vI75TnAhURPXAKHTOMBSQQ8tMDegQIEhAx",
      "4": "https://www.google.com/search?q=affiliate+networks+2018&ei=XwYnXp7kLpH6wAOzmJagAg&start=30&sa=N&ved=2ahUKEwjej4vI75TnAhURPXAKHTOMBSQQ8tMDegQIEhAz",
      "5": "https://www.google.com/search?q=affiliate+networks+2018&ei=XwYnXp7kLpH6wAOzmJagAg&start=40&sa=N&ved=2ahUKEwjej4vI75TnAhURPXAKHTOMBSQQ8tMDegQIEhA1",
      "6": "https://www.google.com/search?q=affiliate+networks+2018&ei=XwYnXp7kLpH6wAOzmJagAg&start=50&sa=N&ved=2ahUKEwjej4vI75TnAhURPXAKHTOMBSQQ8tMDegQIEhA3",
      "7": "https://www.google.com/search?q=affiliate+networks+2018&ei=XwYnXp7kLpH6wAOzmJagAg&start=60&sa=N&ved=2ahUKEwjej4vI75TnAhURPXAKHTOMBSQQ8tMDegQIEhA5",
      "8": "https://www.google.com/search?q=affiliate+networks+2018&ei=XwYnXp7kLpH6wAOzmJagAg&start=70&sa=N&ved=2ahUKEwjej4vI75TnAhURPXAKHTOMBSQQ8tMDegQIEhA7",
      "9": "https://www.google.com/search?q=affiliate+networks+2018&ei=XwYnXp7kLpH6wAOzmJagAg&start=80&sa=N&ved=2ahUKEwjej4vI75TnAhURPXAKHTOMBSQQ8tMDegQIEhA9",
      "10": "https://www.google.com/search?q=affiliate+networks+2018&ei=XwYnXp7kLpH6wAOzmJagAg&start=90&sa=N&ved=2ahUKEwjej4vI75TnAhURPXAKHTOMBSQQ8tMDegQIEhA_"
    }
  },
  "serpapi_pagination": {
    "current": 1,
    "next_link": "https://serpapi.com/search.json?device=desktop&engine=google&google_domain=google.com&q=affiliate+networks+2018&start=10&token=c6471476b4fa27f7",
    "next": "https://serpapi.com/search.json?device=desktop&engine=google&google_domain=google.com&q=affiliate+networks+2018&start=10&token=c6471476b4fa27f7",
    "other_pages": {
      "2": "https://serpapi.com/search.json?device=desktop&engine=google&google_domain=google.com&q=affiliate+networks+2018&start=10&token=c6471476b4fa27f7",
      "3": "https://serpapi.com/search.json?device=desktop&engine=google&google_domain=google.com&q=affiliate+networks+2018&start=20&token=386f6136c25d9d6b",
      "4": "https://serpapi.com/search.json?device=desktop&engine=google&google_domain=google.com&q=affiliate+networks+2018&start=30&token=986979ece10a4959",
      "5": "https://serpapi.com/search.json?device=desktop&engine=google&google_domain=google.com&q=affiliate+networks+2018&start=40&token=a9ffa9a6d82aeef0",
      "6": "https://serpapi.com/search.json?device=desktop&engine=google&google_domain=google.com&q=affiliate+networks+2018&start=50&token=f96dc0665deb4e7e",
      "7": "https://serpapi.com/search.json?device=desktop&engine=google&google_domain=google.com&q=affiliate+networks+2018&start=60&token=56aeb8b8a6f9f649",
      "8": "https://serpapi.com/search.json?device=desktop&engine=google&google_domain=google.com&q=affiliate+networks+2018&start=70&token=c5635238f3bad151",
      "9": "https://serpapi.com/search.json?device=desktop&engine=google&google_domain=google.com&q=affiliate+networks+2018&start=80&token=dd9d8f013d925f89",
      "10": "https://serpapi.com/search.json?device=desktop&engine=google&google_domain=google.com&q=affiliate+networks+2018&start=90&token=c99a4107576406d8"
    }
  }
}