{
  "search_metadata": {
    "id": "",
    "status": "Success",
    "json_endpoint": "",
    "created_at": "2020-01-21 03:33:54 UTC",
    "processed_at": "2020-01-21 03:33:54 UTC",
    "google_url": "https://www.google.com/search?q=affiliate+programme&oq=affiliate+programme&sourceid=chrome&ie=UTF-8",
    "raw_html_file": "",
    "total_time_taken": 2.94
  },
  "search_parameters": {
    "engine": "google",
    "q": "affiliate programme",
    "google_domain": "google.com",
    "device": "desktop"
  },
  "search_information": {
    "organic_results_state": "Showing results for exact spelling despite spelling suggestion",
    "total_results": 118000000,
    "time_taken_displayed": 0.54,
    "query_displayed": "affiliate programme",
    "spelling_fix": "programs"
  },
  "ads": [
    {
      "position": 1,
      "block_position": "bottom",
      "title": "Join Fiverr® Affiliates | A Worldwide Affiliate Program‎",
      "link": "https://affiliates.fiverr.com/",
      "displayed_link": "affiliates.fiverr.com/",
      "tracking_link": "https://www.google.com/aclk?sa=l&ai=DChcSEwjzrIKf4ZPnAhWMtO0KHWjuCR0YABAAGgJkZw&sig=AOD64_3qc6jtoU0ScNud_YOQ6UH5FX7WxA&q=&ved=2ahUKEwic0P2e4ZPnAhUYiFwKHdFiDz0Q0Qx6BAgTEAE&adurl=",
      "description": "Over 200 Categories To Promote From The World's Largest Marketplace For Digital Services. Get Up to $150 When Your Traffic Converts. Sign Up Easily & Start Earning Today. Creative Resources. Intuitive Dashboards. Professional Support. Maximum Earnings.",
      "sitelinks": [
        {
          "title": "Commission Plan",
          "link": "https://affiliates.fiverr.com/commission-plan/"
        },
        {
          "title": "Affiliate Guides",
          "link": "https://affiliates.fiverr.com/fiverr-affiliates-start-guide/"
        },
        {
          "title": "Sign Up",
          "link": "https://www.fiverr.com/affiliates/signup"
        },
        {
          "title": "Contact Us",
          "link": "https://affiliates.fiverr.com/contact-us/"
        },
        {
          "title": "Blog Center",
          "link": "https://affiliates.fiverr.com/blog/"
        }
      ]
    }
  ],
  "knowledge_graph": {},
  "related_questions": [
    {
      "question": "Which affiliate program is the best?",
      "snippet": "Whatever the reason, here's a list of top beginner affiliate programs for those of you just getting started:DreamHost Affiliate Program. ... Amazon Associates. ... eBay Partner Network. ... Target Affiliates. ... AliExpress Affiliate Program.",
      "title": "The 67+ Best Affiliate Programs of 2019 (Highest Paying)",
      "link": "https://www.forexreferral.com/best-affiliate-programs",
      "displayed_link": "www.forexreferral.com › best-affiliate-programs"
    },
    {
      "question": "What is an affiliate system?",
      "snippet": "Simply put, affiliate programs, also called associate programs, are arrangements in which an online merchant Web site pays affiliate Web sites a commission to send them traffic. These affiliate Web sites post links to the merchant site and are paid according to a particular agreement.",
      "title": "What Are Affiliate Programs? - How Affiliate Programs Work ...",
      "link": "https://money.howstuffworks.com/affiliate-program1.htm",
      "displayed_link": "money.howstuffworks.com › affiliate-program1"
    },
    {
      "question": "How do I become an affiliate?",
      "snippet": "StepsIdentify your niche. ... Purchase a dedicated web domain name. ... Put a website on your domain. ... Choose your affiliate marketing program. ... Create content for your site. ... Place affiliate links in appropriate places. ... Promote your site to your specified niche.Oct 7, 2018",
      "title": "How to Become an Internet Affiliate: 7 Steps (with Pictures)",
      "link": "https://www.wikihow.com/Become-an-Internet-Affiliate",
      "displayed_link": "www.wikihow.com › Become-an-Internet-Affiliate"
    },
    {
      "question": "What brands have affiliate programs?",
      "snippet": "These are some of the most commonly used affiliate networks, and ones that manage affiliate programs for well-known brands.Awin.CJ Affiliate.FlexOffers.Rakuten Marketing.RewardStyle.ShareASale.ShopStyle Collective.VigLink.Aug 7, 2018",
      "title": "100+ Best Affiliate Programs For Ecommerce Entrepreneurs (+ ...",
      "link": "https://www.abetterlemonadestand.com/affiliate-programs/",
      "displayed_link": "www.abetterlemonadestand.com › affiliate-programs"
    }
  ],
  "organic_results": [
    {
      "position": 1,
      "title": "Amazon Affiliate Program - Amazon.com",
      "link": "https://affiliate-program.amazon.com/",
      "displayed_link": "affiliate-program.amazon.com",
      "snippet": "Join the Amazon.com Associates Program and start earning money today. The Amazon Associates Program is one of the largest and most successful online ...",
      "cached_page_link": "https://webcache.googleusercontent.com/search?q=cache:QWl122yV-aUJ:https://affiliate-program.amazon.com/+&cd=1&hl=en&ct=clnk&gl=us",
      "related_pages_link": "https://www.google.com/search?q=related:https://affiliate-program.amazon.com/+affiliate+programme&tbo=1&sa=X&ved=2ahUKEwic0P2e4ZPnAhUYiFwKHdFiDz0QHzAAegQIARAH"
    },
    {
      "position": 2,
      "title": "Top 15 Affiliate Marketing Websites & Programs For 2020 ...",
      "link": "https://solvid.co.uk/top-affiliate-marketing-websites-and-programs/",
      "displayed_link": "solvid.co.uk › top-affiliate-marketing-websites-and-programs",
      "snippet": "In this article, we're sharing and comparing the best affiliate marketing websites and programs for bloggers to explore in 2020.",
      "rich_snippet": {
        "bottom": {
          "questions": [
            "What is affiliate marketing?",
            "How does affiliate marketing work?",
            "What are the most popular affiliate marketing networks?",
            "How does affiliate marketing drive sales?"
          ]
        }
      }
    },
    {
      "position": 3,
      "title": "Affiliate marketing - Wikipedia",
      "link": "https://en.wikipedia.org/wiki/Affiliate_marketing",
      "displayed_link": "en.wikipedia.org › wiki › Affiliate_marketing",
      "snippet": "Affiliate marketing is a type of performance-based marketing in which a business rewards one or more affiliates for each visitor or customer brought by the ...",
      "sitelinks": {
        "inline": [
          {
            "title": "Structure",
            "link": "https://en.wikipedia.org/wiki/Affiliate_marketing#Structure"
          },
          {
            "title": "History",
            "link": "https://en.wikipedia.org/wiki/Affiliate_marketing#History"
          },
          {
            "title": "Locating affiliate programs",
            "link": "https://en.wikipedia.org/wiki/Affiliate_marketing#Locating_affiliate_programs"
          },
          {
            "title": "Past and current issues",
            "link": "https://en.wikipedia.org/wiki/Affiliate_marketing#Past_and_current_issues"
          }
        ]
      },
      "cached_page_link": "https://webcache.googleusercontent.com/search?q=cache:Rsi_AOJNSuIJ:https://en.wikipedia.org/wiki/Affiliate_marketing+&cd=12&hl=en&ct=clnk&gl=us",
      "related_pages_link": "https://www.google.com/search?q=related:https://en.wikipedia.org/wiki/Affiliate_marketing+affiliate+programme&tbo=1&sa=X&ved=2ahUKEwic0P2e4ZPnAhUYiFwKHdFiDz0QHzALegQIAhAJ"
    },
    {
      "position": 4,
      "title": "30 of the Best Affiliate Programs That Pay the Highest ...",
      "link": "https://blog.hubspot.com/marketing/best-affiliate-programs",
      "displayed_link": "blog.hubspot.com › marketing › best-affiliate-programs",
      "date": "May 1, 2019",
      "snippet": "What is an Affiliate Program? Simply put, an affiliate program is an agreement in which a business pays another business or influencer (\"the affiliate\") a commission for sending traffic and/or sales their way. This can be achieved through web content, social media, or a product integration.",
      "cached_page_link": "https://webcache.googleusercontent.com/search?q=cache:cgoO3h_qjc4J:https://blog.hubspot.com/marketing/best-affiliate-programs+&cd=13&hl=en&ct=clnk&gl=us"
    },
    {
      "position": 5,
      "title": "20+ Best Affiliate Marketing Platforms and Networks of 2020 ...",
      "link": "https://makeawebsitehub.com/affiliate-marketing-networks/",
      "displayed_link": "makeawebsitehub.com › affiliate-marketing-networks",
      "snippet": "There are literally hundreds of affiliate programs available to bloggers and online affiliates. In this post I cover the best affiliate marketing networks and programs to help ... All the affiliate marketing programmes seem to be based on earning ...",
      "cached_page_link": "https://webcache.googleusercontent.com/search?q=cache:aedN2w77ZFQJ:https://makeawebsitehub.com/affiliate-marketing-networks/+&cd=14&hl=en&ct=clnk&gl=us",
      "related_pages_link": "https://www.google.com/search?q=related:https://makeawebsitehub.com/affiliate-marketing-networks/+affiliate+programme&tbo=1&sa=X&ved=2ahUKEwic0P2e4ZPnAhUYiFwKHdFiDz0QHzANegQIChAJ"
    },
    {
      "position": 6,
      "title": "Shopify Affiliate Marketing Program | Earn income for your ...",
      "link": "https://www.shopify.com/affiliates",
      "displayed_link": "www.shopify.com › affiliates",
      "snippet": "Sign up for the Shopify Affiliate Program and get up to $2000 per customer.",
      "cached_page_link": "https://webcache.googleusercontent.com/search?q=cache:4IGPnQKt6DEJ:https://www.shopify.com/affiliates+&cd=15&hl=en&ct=clnk&gl=us",
      "related_pages_link": "https://www.google.com/search?q=related:https://www.shopify.com/affiliates+affiliate+programme&tbo=1&sa=X&ved=2ahUKEwic0P2e4ZPnAhUYiFwKHdFiDz0QHzAOegQIBxAJ"
    },
    {
      "position": 7,
      "title": "What Are Affiliate Programs? - How Affiliate Programs Work ...",
      "link": "https://money.howstuffworks.com/affiliate-program1.htm",
      "displayed_link": "money.howstuffworks.com › Money › Business › Marketing",
      "snippet": "Simply put, affiliate programs, also called associate programs, are arrangements in which an online merchant Web site pays affiliate Web sites a commission to ...",
      "cached_page_link": "https://webcache.googleusercontent.com/search?q=cache:ymf04lT08g4J:https://money.howstuffworks.com/affiliate-program1.htm+&cd=16&hl=en&ct=clnk&gl=us"
    },
    {
      "position": 8,
      "title": "Affiliate Programme | Affiliate Marketing | TradeTracker",
      "link": "https://tradetracker.com/affiliate-programme/",
      "displayed_link": "tradetracker.com › affiliate-programme",
      "snippet": "The second tier programme offers TradeTracker's affiliates the unique option to earn through a Second Tier commission model. This means that when an active ...",
      "cached_page_link": "https://webcache.googleusercontent.com/search?q=cache:ECEe8yc2M_QJ:https://tradetracker.com/affiliate-programme/+&cd=17&hl=en&ct=clnk&gl=us",
      "related_pages_link": "https://www.google.com/search?q=related:https://tradetracker.com/affiliate-programme/+affiliate+programme&tbo=1&sa=X&ved=2ahUKEwic0P2e4ZPnAhUYiFwKHdFiDz0QHzAQegQIBBAJ"
    },
    {
      "position": 9,
      "title": "Affiliate Programme - TAP Air Portugal",
      "link": "https://www.tapairportugal.com/en/media/affiliate-programme",
      "displayed_link": "www.tapairportugal.com › media › affiliate-programme",
      "snippet": "TAP Air Portugal has launched its new Affiliate Programme, through which it establishes partnerships with the most important websites and blogs of the markets ...",
      "cached_page_link": "https://webcache.googleusercontent.com/search?q=cache:ZLNmAvo1xkkJ:https://www.tapairportugal.com/en/media/affiliate-programme+&cd=18&hl=en&ct=clnk&gl=us"
    }
  ],
  "related_search_boxes": [
    {
      "position": 1,
      "query": "Tools for affiliate marketingView 2+ moreView 2+",
      "results": []
    },
    {
      "position": 2,
      "query": "Affiliate network listView 1+ moreView 1+",
      "results": []
    }
  ],
  "related_searches": [
    {
      "query": "amazon affiliate store",
      "link": "https://www.google.com/search?q=amazon+affiliate+store&sa=X&ved=2ahUKEwic0P2e4ZPnAhUYiFwKHdFiDz0Q1QIoAHoECBQQAQ"
    },
    {
      "query": "affiliate programs",
      "link": "https://www.google.com/search?q=affiliate+programs&sa=X&ved=2ahUKEwic0P2e4ZPnAhUYiFwKHdFiDz0Q1QIoAXoECBQQAg"
    },
    {
      "query": "affiliate marketing amazon",
      "link": "https://www.google.com/search?q=affiliate+marketing+amazon&sa=X&ved=2ahUKEwic0P2e4ZPnAhUYiFwKHdFiDz0Q1QIoAnoECBQQAw"
    },
    {
      "query": "affiliate marketing companies",
      "link": "https://www.google.com/search?q=affiliate+marketing+companies&sa=X&ved=2ahUKEwic0P2e4ZPnAhUYiFwKHdFiDz0Q1QIoA3oECBQQBA"
    },
    {
      "query": "affiliate marketing meaning",
      "link": "https://www.google.com/search?q=affiliate+marketing+meaning&sa=X&ved=2ahUKEwic0P2e4ZPnAhUYiFwKHdFiDz0Q1QIoBHoECBQQBQ"
    },
    {
      "query": "how to start affiliate marketing",
      "link": "https://www.google.com/search?q=how+to+start+affiliate+marketing&sa=X&ved=2ahUKEwic0P2e4ZPnAhUYiFwKHdFiDz0Q1QIoBXoECBQQBg"
    },
    {
      "query": "free affiliate programs",
      "link": "https://www.google.com/search?q=free+affiliate+programs&sa=X&ved=2ahUKEwic0P2e4ZPnAhUYiFwKHdFiDz0Q1QIoBnoECBQQBw"
    },
    {
      "query": "top affiliate marketers",
      "link": "https://www.google.com/search?q=top+affiliate+marketers&sa=X&ved=2ahUKEwic0P2e4ZPnAhUYiFwKHdFiDz0Q1QIoB3oECBQQCA"
    }
  ],
  "pagination": {
    "current": 1,
    "next": "https://www.google.com/search?q=affiliate+programme&ei=I3EmXtyyLJiQ8gLRxb3oAw&start=10&sa=N&ved=2ahUKEwic0P2e4ZPnAhUYiFwKHdFiDz0Q8NMDegQIEhBD",
    "other_pages": {
      "2": "https://www.google.com/search?q=affiliate+programme&ei=I3EmXtyyLJiQ8gLRxb3oAw&start=10&sa=N&ved=2ahUKEwic0P2e4ZPnAhUYiFwKHdFiDz0Q8tMDegQIEhAx",
      "3": "https://www.google.com/search?q=affiliate+programme&ei=I3EmXtyyLJiQ8gLRxb3oAw&start=20&sa=N&ved=2ahUKEwic0P2e4ZPnAhUYiFwKHdFiDz0Q8tMDegQIEhAz",
      "4": "https://www.google.com/search?q=affiliate+programme&ei=I3EmXtyyLJiQ8gLRxb3oAw&start=30&sa=N&ved=2ahUKEwic0P2e4ZPnAhUYiFwKHdFiDz0Q8tMDegQIEhA1",
      "5": "https://www.google.com/search?q=affiliate+programme&ei=I3EmXtyyLJiQ8gLRxb3oAw&start=40&sa=N&ved=2ahUKEwic0P2e4ZPnAhUYiFwKHdFiDz0Q8tMDegQIEhA3",
      "6": "https://www.google.com/search?q=affiliate+programme&ei=I3EmXtyyLJiQ8gLRxb3oAw&start=50&sa=N&ved=2ahUKEwic0P2e4ZPnAhUYiFwKHdFiDz0Q8tMDegQIEhA5",
      "7": "https://www.google.com/search?q=affiliate+programme&ei=I3EmXtyyLJiQ8gLRxb3oAw&start=60&sa=N&ved=2ahUKEwic0P2e4ZPnAhUYiFwKHdFiDz0Q8tMDegQIEhA7",
      "8": "https://www.google.com/search?q=affiliate+programme&ei=I3EmXtyyLJiQ8gLRxb3oAw&start=70&sa=N&ved=2ahUKEwic0P2e4ZPnAhUYiFwKHdFiDz0Q8tMDegQIEhA9",
      "9": "https://www.google.com/search?q=affiliate+programme&ei=I3EmXtyyLJiQ8gLRxb3oAw&start=80&sa=N&ved=2ahUKEwic0P2e4ZPnAhUYiFwKHdFiDz0Q8tMDegQIEhA_",
      "10": "https://www.google.com/search?q=affiliate+programme&ei=I3EmXtyyLJiQ8gLRxb3oAw&start=90&sa=N&ved=2ahUKEwic0P2e4ZPnAhUYiFwKHdFiDz0Q8tMDegQIEhBB"
    }
  },
  "serpapi_pagination": {
    "current": 1,
    "next_link": "https://serpapi.com/search.json?device=desktop&engine=google&google_domain=google.com&q=affiliate+programme&start=10&token=aa91d5fd380d24a6",
    "next": "https://serpapi.com/search.json?device=desktop&engine=google&google_domain=google.com&q=affiliate+programme&start=10&token=aa91d5fd380d24a6",
    "other_pages": {
      "2": "https://serpapi.com/search.json?device=desktop&engine=google&google_domain=google.com&q=affiliate+programme&start=10&token=aa91d5fd380d24a6",
      "3": "https://serpapi.com/search.json?device=desktop&engine=google&google_domain=google.com&q=affiliate+programme&start=20&token=6bbfa8182a59c207",
      "4": "https://serpapi.com/search.json?device=desktop&engine=google&google_domain=google.com&q=affiliate+programme&start=30&token=fbf598bb6bb0647b",
      "5": "https://serpapi.com/search.json?device=desktop&engine=google&google_domain=google.com&q=affiliate+programme&start=40&token=e7073c36e69e925f",
      "6": "https://serpapi.com/search.json?device=desktop&engine=google&google_domain=google.com&q=affiliate+programme&start=50&token=a7662dd5c910c93b",
      "7": "https://serpapi.com/search.json?device=desktop&engine=google&google_domain=google.com&q=affiliate+programme&start=60&token=5941189910a75c8e",
      "8": "https://serpapi.com/search.json?device=desktop&engine=google&google_domain=google.com&q=affiliate+programme&start=70&token=6c3b685e79f42fc2",
      "9": "https://serpapi.com/search.json?device=desktop&engine=google&google_domain=google.com&q=affiliate+programme&start=80&token=599314d3991a993f",
      "10": "https://serpapi.com/search.json?device=desktop&engine=google&google_domain=google.com&q=affiliate+programme&start=90&token=77118e88188e68f4"
    }
  }
}