{
  "search_metadata": {
    "id": "",
    "status": "Success",
    "json_endpoint": "",
    "created_at": "2020-01-21 14:06:24 UTC",
    "processed_at": "2020-01-21 14:06:24 UTC",
    "google_url": "https://www.google.com/search?q=affiliate+ecommerce&oq=affiliate+ecommerce&sourceid=chrome&ie=UTF-8",
    "raw_html_file": "",
    "total_time_taken": 3.11
  },
  "search_parameters": {
    "engine": "google",
    "q": "affiliate ecommerce",
    "google_domain": "google.com",
    "device": "desktop"
  },
  "search_information": {
    "organic_results_state": "Results for exact spelling",
    "total_results": 32500000,
    "time_taken_displayed": 0.5,
    "query_displayed": "affiliate ecommerce"
  },
  "ads": [
    {
      "position": 1,
      "block_position": "top",
      "title": "Ecommerce Made Simple | Try Shopify® for Free | shopify.com‎",
      "link": "https://www.shopify.com/free-trial",
      "displayed_link": "www.shopify.com/",
      "tracking_link": "https://www.google.com/aclk?sa=l&ai=DChcSEwj1iK3P7pTnAhUTqZYKHSHID2MYABAAGgJ0bA&sig=AOD64_0TbEZfj6xadyAw8WGaiQpcNJQd_w&q=&ved=2ahUKEwi4yKbP7pTnAhUDat4KHQ-CB24Q0Qx6BAgMEAE&adurl=",
      "description": "Grow Your Business With Our Unified Platform. Start 14 Day Free Trial Now! Fraud Prevention. Secure Shopping Cart. 100+ Professional Themes. Mobile Commerce Ready. 99.99% Average Uptime. Fulfillment Integration. SEO Optimized. Fully Hosted.",
      "sitelinks": [
        {
          "title": "See Plans & Pricing",
          "link": "http://www.shopify.com/pricing"
        },
        {
          "title": "Shopify Plus® Enterprise",
          "link": "http://www.shopify.com/plus/enterprise-ecommerce"
        }
      ]
    }
  ],
  "knowledge_graph": {},
  "related_questions": [
    {
      "question": "What is ecommerce affiliate?",
      "snippet": "Affiliate marketing is a promotional model that connects merchants with independent marketers who are willing to invest time and money to sell a merchant's products. ... In the ecommerce context, this action is typically an online purchase, which makes affiliate marketing very cost effective.21 feb. 2018",
      "title": "A Brief Introduction to Affiliate Marketing for Ecommerce | Practical ...",
      "link": "https://www.practicalecommerce.com/brief-introduction-affiliate-marketing-ecommerce",
      "displayed_link": "www.practicalecommerce.com › brief-introduction-affiliate-marketing-e..."
    },
    {
      "question": "Can I do affiliate marketing on Shopify?",
      "snippet": "What is affiliate marketing? Well, take it from Shopify's own encyclopedia entry: Affiliate marketing is an online sales tactic that lets a product owner increase sales by allowing others targeting the same audience — “affiliates” — to earn a commission by recommending the product to others.19 sep. 2018",
      "title": "Can you do affiliate marketing on Shopify? (Spoilers: yes!) - Refersion",
      "link": "https://blog.refersion.com/can-you-do-affiliate-marketing-on-shopify-spoilers-yes-12c4cca15228",
      "displayed_link": "blog.refersion.com › can-you-do-affiliate-marketing-on-shopify-spoilers..."
    },
    {
      "question": "How do I create an affiliate link?",
      "snippet": "The Free Path: Curate Products from Multiple MerchantsAdd product name.Add product description.Set product image.In the Product Data section, click the drop-down and select External/Affiliate product.Enter the product URL (your affiliate link)Enter the button text you'd like to use (i.e. ... Add the price.Más elementos…•10 may. 2019",
      "title": "The Beginner's Guide To Creating An Affiliate Ecommerce Store",
      "link": "https://www.abetterlemonadestand.com/ecommerce-affiliate-store/",
      "displayed_link": "www.abetterlemonadestand.com › ecommerce-affiliate-store"
    },
    {
      "question": "What is an Amazon affiliate store?",
      "snippet": "An Amazon affiliate store is an online store that promotes products listed for sale on Amazon.com. As a store owner, you send traffic to Amazon by adding your affiliate links to the products. Users are redirected to Amazon to complete the purchase, and you earn an affiliate commission on each sale.14 feb. 2019",
      "title": "How to Build an Amazon Affiliate Store in WordPress (The EASY Way)",
      "link": "https://www.wpbeginner.com/wp-tutorials/how-to-build-an-amazon-affiliate-store-using-wordpress/",
      "displayed_link": "www.wpbeginner.com › wp-tutorials › how-to-build-an-amazon-affiliat..."
    }
  ],
  "organic_results": [
    {
      "position": 1,
      "title": "Ecommerce Affiliate Marketing: The Ultimate Guide - 2020",
      "link": "https://www.ecommerceceo.com/ecommerce-affiliate-marketing/",
      "displayed_link": "www.ecommerceceo.com › ecommerce-affiliate-...",
      "snippet": "Starting an ecommerce business isn't easy, and one relatively untapped digital marketing channel at your disposal is affiliate marketing. Whether you're just ...",
      "cached_page_link": "https://webcache.googleusercontent.com/search?q=cache:j4-fb9WTo4AJ:https://www.ecommerceceo.com/ecommerce-affiliate-marketing/+&cd=1&hl=es-419&ct=clnk&gl=ec"
    },
    {
      "position": 2,
      "title": "The Beginner's Guide To Creating An Affiliate Ecommerce Store",
      "link": "https://www.abetterlemonadestand.com/ecommerce-affiliate-store/",
      "displayed_link": "www.abetterlemonadestand.com › ecommerce-aff...",
      "date": "10 may. 2019",
      "snippet": "If you want to create a profitable & fulfilling ecommerce store but you don't have lots of time or money, you can create an affiliate ecommerce ...",
      "cached_page_link": "https://webcache.googleusercontent.com/search?q=cache:N7J40kpheDYJ:https://www.abetterlemonadestand.com/ecommerce-affiliate-store/+&cd=2&hl=es-419&ct=clnk&gl=ec",
      "related_pages_link": "https://www.google.com/search?q=related:https://www.abetterlemonadestand.com/ecommerce-affiliate-store/+affiliate+ecommerce&tbo=1&sa=X&ved=2ahUKEwi4yKbP7pTnAhUDat4KHQ-CB24QHzABegQIAhAJ"
    },
    {
      "position": 3,
      "title": "Ecommerce Affiliate Networks, Programs and Offers ...",
      "link": "https://www.businessofapps.com/affiliate/ecommerce/",
      "displayed_link": "www.businessofapps.com › affiliate › ecommerce",
      "snippet": "Ecommerce affiliate networks connect publishers with affiliate programs that allow them to promote ecommerce-related offers. Ecommerce affiliate programs can ...",
      "cached_page_link": "https://webcache.googleusercontent.com/search?q=cache:i-_lGHBBe8YJ:https://www.businessofapps.com/affiliate/ecommerce/+&cd=3&hl=es-419&ct=clnk&gl=ec"
    },
    {
      "position": 4,
      "title": "A Brief Introduction to Affiliate Marketing for Ecommerce ...",
      "link": "https://www.practicalecommerce.com/brief-introduction-affiliate-marketing-ecommerce",
      "displayed_link": "www.practicalecommerce.com › brief-introductio...",
      "date": "21 feb. 2018",
      "snippet": "Affiliate marketing is a promotional model that connects merchants with ... In the ecommerce context, this action is typically an online purchase, ...",
      "cached_page_link": "https://webcache.googleusercontent.com/search?q=cache:iEtr6O12pSYJ:https://www.practicalecommerce.com/brief-introduction-affiliate-marketing-ecommerce+&cd=12&hl=es-419&ct=clnk&gl=ec"
    },
    {
      "position": 5,
      "title": "E-commerce Affiliates",
      "link": "https://e-commerceaffiliates.com/",
      "displayed_link": "e-commerceaffiliates.com",
      "snippet": "E-CommerceAffiliates.com is the place to find unique e-commerce products to promote on ... More than 1800 affiliate programs, across 21 product categories.",
      "cached_page_link": "https://webcache.googleusercontent.com/search?q=cache:cdBbMH0eaJQJ:https://e-commerceaffiliates.com/+&cd=13&hl=es-419&ct=clnk&gl=ec",
      "related_pages_link": "https://www.google.com/search?q=related:https://e-commerceaffiliates.com/+affiliate+ecommerce&tbo=1&sa=X&ved=2ahUKEwi4yKbP7pTnAhUDat4KHQ-CB24QHzAMegQIARAH"
    },
    {
      "position": 6,
      "title": "Affiliate Marketing for Ecommerce: 10 Ways to Boost Your ...",
      "link": "https://ecommerce-platforms.com/articles/affiliate-marketing-for-ecommerce",
      "displayed_link": "ecommerce-platforms.com › Articles",
      "date": "1 nov. 2018",
      "snippet": "Join the 81% of ecommerce brands utilizing affiliate marketing and implement these 10 tips to increase revenue.",
      "cached_page_link": "https://webcache.googleusercontent.com/search?q=cache:6J6k6wWwPgIJ:https://ecommerce-platforms.com/articles/affiliate-marketing-for-ecommerce+&cd=14&hl=es-419&ct=clnk&gl=ec"
    },
    {
      "position": 7,
      "title": "What is the best e-commerce affiliate program? Top 5 Best ...",
      "link": "https://www.ecommerce-nation.com/what-is-the-best-e-commerce-affiliate-program-top-5-best/",
      "displayed_link": "www.ecommerce-nation.com › what-is-the-best-e...",
      "date": "13 mar. 2019",
      "snippet": "Looking for the best affiliate program for e-commerce? The Home Depot, eBay, Amazon, Zappos and other popular online sales platforms have ...",
      "cached_page_link": "https://webcache.googleusercontent.com/search?q=cache:IwEquxmMNy0J:https://www.ecommerce-nation.com/what-is-the-best-e-commerce-affiliate-program-top-5-best/+&cd=15&hl=es-419&ct=clnk&gl=ec"
    },
    {
      "position": 8,
      "title": "10 Ways Affiliate Marketing Will Transform Your eCommerce ...",
      "link": "https://www.jeffbullas.com/ecommerce-affiliate-marketing/",
      "displayed_link": "www.jeffbullas.com › Blog › Business",
      "snippet": "Essentially, affiliate marketing is the eCommerce version of product promotion through an online influencer. Affiliate marketing can be the strategic move you ...",
      "cached_page_link": "https://webcache.googleusercontent.com/search?q=cache:skXJreg5ql4J:https://www.jeffbullas.com/ecommerce-affiliate-marketing/+&cd=16&hl=es-419&ct=clnk&gl=ec"
    },
    {
      "position": 9,
      "title": "Affiliate Programs: Step-by-Step Guide For Ecommerce Sites ...",
      "link": "https://www.bigcommerce.com/blog/affiliate-programs/",
      "displayed_link": "www.bigcommerce.com › blog › affiliate-programs",
      "snippet": "Affiliate programs can be a great way to drive additional revue for your online store. Read are step-by-step guide for starting and running an ecommerce affiliate ...",
      "cached_page_link": "https://webcache.googleusercontent.com/search?q=cache:BJ2hjZg_yDoJ:https://www.bigcommerce.com/blog/affiliate-programs/+&cd=17&hl=es-419&ct=clnk&gl=ec"
    },
    {
      "position": 10,
      "title": "How to Get Started With eCommerce Affiliate Marketing - Oberlo",
      "link": "https://www.oberlo.com/blog/get-started-ecommerce-affiliate-marketing",
      "displayed_link": "www.oberlo.com › Blog",
      "date": "4 sep. 2017",
      "snippet": "In this article, you'll learn what is affiliate marketing, how to start affiliate marketing, what the best ecommerce affiliate program is and more!",
      "cached_page_link": "https://webcache.googleusercontent.com/search?q=cache:E6-K3F4XAUwJ:https://www.oberlo.com/blog/get-started-ecommerce-affiliate-marketing+&cd=18&hl=es-419&ct=clnk&gl=ec"
    }
  ],
  "pagination": {
    "current": 1,
    "next": "https://www.google.com/search?q=affiliate+ecommerce&ei=YgUnXriPHIPU-QaPhJ7wBg&start=10&sa=N&ved=2ahUKEwi4yKbP7pTnAhUDat4KHQ-CB24Q8NMDegQIDRBD",
    "other_pages": {
      "2": "https://www.google.com/search?q=affiliate+ecommerce&ei=YgUnXriPHIPU-QaPhJ7wBg&start=10&sa=N&ved=2ahUKEwi4yKbP7pTnAhUDat4KHQ-CB24Q8tMDegQIDRAx",
      "3": "https://www.google.com/search?q=affiliate+ecommerce&ei=YgUnXriPHIPU-QaPhJ7wBg&start=20&sa=N&ved=2ahUKEwi4yKbP7pTnAhUDat4KHQ-CB24Q8tMDegQIDRAz",
      "4": "https://www.google.com/search?q=affiliate+ecommerce&ei=YgUnXriPHIPU-QaPhJ7wBg&start=30&sa=N&ved=2ahUKEwi4yKbP7pTnAhUDat4KHQ-CB24Q8tMDegQIDRA1",
      "5": "https://www.google.com/search?q=affiliate+ecommerce&ei=YgUnXriPHIPU-QaPhJ7wBg&start=40&sa=N&ved=2ahUKEwi4yKbP7pTnAhUDat4KHQ-CB24Q8tMDegQIDRA3",
      "6": "https://www.google.com/search?q=affiliate+ecommerce&ei=YgUnXriPHIPU-QaPhJ7wBg&start=50&sa=N&ved=2ahUKEwi4yKbP7pTnAhUDat4KHQ-CB24Q8tMDegQIDRA5",
      "7": "https://www.google.com/search?q=affiliate+ecommerce&ei=YgUnXriPHIPU-QaPhJ7wBg&start=60&sa=N&ved=2ahUKEwi4yKbP7pTnAhUDat4KHQ-CB24Q8tMDegQIDRA7",
      "8": "https://www.google.com/search?q=affiliate+ecommerce&ei=YgUnXriPHIPU-QaPhJ7wBg&start=70&sa=N&ved=2ahUKEwi4yKbP7pTnAhUDat4KHQ-CB24Q8tMDegQIDRA9",
      "9": "https://www.google.com/search?q=affiliate+ecommerce&ei=YgUnXriPHIPU-QaPhJ7wBg&start=80&sa=N&ved=2ahUKEwi4yKbP7pTnAhUDat4KHQ-CB24Q8tMDegQIDRA_",
      "10": "https://www.google.com/search?q=affiliate+ecommerce&ei=YgUnXriPHIPU-QaPhJ7wBg&start=90&sa=N&ved=2ahUKEwi4yKbP7pTnAhUDat4KHQ-CB24Q8tMDegQIDRBB"
    }
  },
  "serpapi_pagination": {
    "current": 1,
    "next_link": "https://serpapi.com/search.json?device=desktop&engine=google&google_domain=google.com&q=affiliate+ecommerce&start=10&token=13e8b1f0b0a7520e",
    "next": "https://serpapi.com/search.json?device=desktop&engine=google&google_domain=google.com&q=affiliate+ecommerce&start=10&token=13e8b1f0b0a7520e",
    "other_pages": {
      "2": "https://serpapi.com/search.json?device=desktop&engine=google&google_domain=google.com&q=affiliate+ecommerce&start=10&token=13e8b1f0b0a7520e",
      "3": "https://serpapi.com/search.json?device=desktop&engine=google&google_domain=google.com&q=affiliate+ecommerce&start=20&token=f9fbf57ae0dc2d99",
      "4": "https://serpapi.com/search.json?device=desktop&engine=google&google_domain=google.com&q=affiliate+ecommerce&start=30&token=633efdd4ba652140",
      "5": "https://serpapi.com/search.json?device=desktop&engine=google&google_domain=google.com&q=affiliate+ecommerce&start=40&token=e4bf469d4e8f8358",
      "6": "https://serpapi.com/search.json?device=desktop&engine=google&google_domain=google.com&q=affiliate+ecommerce&start=50&token=9339aa2f26fc0f3b",
      "7": "https://serpapi.com/search.json?device=desktop&engine=google&google_domain=google.com&q=affiliate+ecommerce&start=60&token=def78ca228a737c7",
      "8": "https://serpapi.com/search.json?device=desktop&engine=google&google_domain=google.com&q=affiliate+ecommerce&start=70&token=9a9ca48c6d393598",
      "9": "https://serpapi.com/search.json?device=desktop&engine=google&google_domain=google.com&q=affiliate+ecommerce&start=80&token=140cfec5c42ce2fe",
      "10": "https://serpapi.com/search.json?device=desktop&engine=google&google_domain=google.com&q=affiliate+ecommerce&start=90&token=dc83786a7f1a3955"
    }
  }
}