{
  "search_metadata": {
    "id": "",
    "status": "Success",
    "json_endpoint": "",
    "created_at": "2020-01-21 14:39:12 UTC",
    "processed_at": "2020-01-21 14:39:12 UTC",
    "google_url": "https://www.google.com/search?q=affiliate+of&oq=affiliate+of&sourceid=chrome&ie=UTF-8",
    "raw_html_file": "",
    "total_time_taken": 1.61
  },
  "search_parameters": {
    "engine": "google",
    "q": "affiliate of",
    "google_domain": "google.com",
    "device": "desktop"
  },
  "search_information": {
    "organic_results_state": "Results for exact spelling",
    "total_results": 1040000000,
    "time_taken_displayed": 0.47,
    "query_displayed": "affiliate of"
  },
  "knowledge_graph": {},
  "related_questions": [
    {
      "question": "What does it mean to be an affiliate?",
      "snippet": "Definition: A way for a company to sell its products by signing up individuals or companies (\"affiliates\") who market the company's products for a commission. There are two ways to approach affiliate marketing: You can offer an affiliate program to others or you can sign up to be another business's affiliate.",
      "title": "Affiliate Marketing Definition - Entrepreneur Small Business ...",
      "link": "https://www.entrepreneur.com/encyclopedia/affiliate-marketing",
      "displayed_link": "www.entrepreneur.com › encyclopedia › affiliate-marketing"
    },
    {
      "question": "What is an affiliate company?",
      "snippet": "Companies are affiliated when one company is a minority shareholder of another. In most cases, the parent company will own less than a 50% interest in its affiliated company. ... In most cases, affiliates are associates or associated companies, which describes an organization whose parent has a minority stake in it.Jun 1, 2019",
      "title": "Affiliated Companies Definition - Investopedia",
      "link": "https://www.investopedia.com/terms/a/affiliatedcompanies.asp",
      "displayed_link": "www.investopedia.com › terms › affiliatedcompanies"
    },
    {
      "question": "What is an affiliate transaction?",
      "snippet": "Affiliate Transaction means any agreement, contract, arrangement or other transaction or series of related transactions (including, without limitation, any purchase, sale, transfer, assignment, lease, license, conveyance or exchange of assets or property, any merger, consolidation or similar transaction or any ...",
      "title": "Affiliate Transaction | legal definition of Affiliate Transaction by ...",
      "link": "https://www.lawinsider.com/dictionary/affiliate-transaction",
      "displayed_link": "www.lawinsider.com › dictionary › affiliate-transaction"
    },
    {
      "question": "What is a bank affiliate?",
      "snippet": "Bank Affiliate means, (a) with respect to any Bank, (i) an Affiliate of such Bank that is a bank or (ii) any entity (whether a corporation, partnership, trust or otherwise) that is engaged in making, purchasing, holding or otherwise investing in bank loans and similar extensions of credit in the ordinary course of its ...",
      "title": "Bank Affiliate | legal definition of Bank Affiliate by Lawinsider.com",
      "link": "https://www.lawinsider.com/dictionary/bank-affiliate",
      "displayed_link": "www.lawinsider.com › dictionary › bank-affiliate"
    }
  ],
  "answer_box": {
    "type": "dictionary_results",
    "syllables": "af·fil·i·ate",
    "word_type": "verb",
    "definitions": [
      "officially attach or connect (a subsidiary group or a person) to an organization.",
      "a person or organization officially attached to a larger body."
    ],
    "examples": [
      "\"the college is affiliated with the University of Wisconsin\"",
      "\"the company established links with British affiliates\""
    ],
    "extras": [
      "associated",
      "allied",
      "related",
      "integrated",
      "amalgamated",
      "incorporated",
      "federated",
      "confederated",
      "unified",
      "connected",
      "linked",
      "joined",
      "bound",
      "belonging",
      "in league"
    ]
  },
  "organic_results": [
    {
      "position": 1,
      "title": "Affiliate | Definition of Affiliate by Merriam-Webster",
      "link": "https://www.merriam-webster.com/dictionary/affiliate",
      "displayed_link": "www.merriam-webster.com › dictionary › affiliate",
      "snippet": "1 : to bring or receive into close association as a member or division. 2 : to join or associate as a member or division. intransitive verb. : to connect or associate oneself —usually used with with has just affiliated with the huge corporation. Other Words from affiliate.",
      "cached_page_link": "https://webcache.googleusercontent.com/search?q=cache:2deIkzX32u4J:https://www.merriam-webster.com/dictionary/affiliate+&cd=10&hl=en&ct=clnk&gl=us",
      "related_pages_link": "https://www.google.com/search?q=related:https://www.merriam-webster.com/dictionary/affiliate+affiliate+of&tbo=1&sa=X&ved=2ahUKEwjKjf749ZTnAhXzQEEAHQ0MAgkQHzAJegQIARAJ"
    },
    {
      "position": 2,
      "title": "What Is an Affiliate in the Business World?",
      "link": "https://www.thebalancesmb.com/affiliates-and-affiliate-agreements-in-business-398119",
      "displayed_link": "www.thebalancesmb.com › ... › Business Law & Taxes › Glossary",
      "snippet": "A definition of affiliate business relationships and types of affiliates. Also, a discussion of terms to include in an agreement.",
      "cached_page_link": "https://webcache.googleusercontent.com/search?q=cache:0BSVcKFP3WQJ:https://www.thebalancesmb.com/affiliates-and-affiliate-agreements-in-business-398119+&cd=11&hl=en&ct=clnk&gl=us"
    },
    {
      "position": 3,
      "title": "AFFILIATE | definition in the Cambridge English Dictionary",
      "link": "https://dictionary.cambridge.org/us/dictionary/english/affiliate",
      "displayed_link": "dictionary.cambridge.org › dictionary › english › affiliate",
      "date": "6 days ago",
      "snippet": "[ I ] The two schools will affiliate next year. ... The company has sold its affiliate marketing business. ... 使併入，使隸屬（較大的團體或組織）, 使緊密聯繫, 隸屬機構，分支機構….",
      "cached_page_link": "https://webcache.googleusercontent.com/search?q=cache:fAe9sas8iIIJ:https://dictionary.cambridge.org/us/dictionary/english/affiliate+&cd=12&hl=en&ct=clnk&gl=us"
    },
    {
      "position": 4,
      "title": "Affiliate Definition - Investopedia",
      "link": "https://www.investopedia.com/terms/a/affiliate.asp",
      "displayed_link": "www.investopedia.com › Business › Business Essentials",
      "date": "May 12, 2019",
      "snippet": "The term affiliate is used to describe the relationship between two entities wherein one owns less than a majority stake in the other's stock.",
      "cached_page_link": "https://webcache.googleusercontent.com/search?q=cache:hZm5MrdmCc4J:https://www.investopedia.com/terms/a/affiliate.asp+&cd=13&hl=en&ct=clnk&gl=us"
    },
    {
      "position": 5,
      "title": "Affiliate | Definition of Affiliate at Dictionary.com",
      "link": "https://www.dictionary.com/browse/affiliate",
      "displayed_link": "www.dictionary.com › browse › affiliate",
      "snippet": "Affiliate definition, to bring into close association or connection: The research center is affiliated with the university. See more.",
      "cached_page_link": "https://webcache.googleusercontent.com/search?q=cache:b0K5lb8sh9kJ:https://www.dictionary.com/browse/affiliate+&cd=14&hl=en&ct=clnk&gl=us"
    },
    {
      "position": 6,
      "title": "affiliate | meaning of affiliate in Longman Dictionary of ...",
      "link": "https://www.ldoceonline.com/dictionary/affiliate",
      "displayed_link": "www.ldoceonline.com › dictionary › affiliate",
      "snippet": "affiliate meaning, definition, what is affiliate: if a group or organization affiliates to...: Learn more.",
      "cached_page_link": "https://webcache.googleusercontent.com/search?q=cache:91aA61Gvsp8J:https://www.ldoceonline.com/dictionary/affiliate+&cd=15&hl=en&ct=clnk&gl=us"
    },
    {
      "position": 7,
      "title": "Affiliate dictionary definition | affiliate defined - YourDictionary",
      "link": "https://www.yourdictionary.com/affiliate",
      "displayed_link": "www.yourdictionary.com › affiliate",
      "snippet": "affiliate definition: An affiliate is defined as a person who is in some way connected to another person or organization. (noun) An example of an affiliate would be ...",
      "cached_page_link": "https://webcache.googleusercontent.com/search?q=cache:K1CpUJ3LCqoJ:https://www.yourdictionary.com/affiliate+&cd=16&hl=en&ct=clnk&gl=us"
    },
    {
      "position": 8,
      "title": "Affiliate - definition of affiliate by The Free Dictionary",
      "link": "https://www.thefreedictionary.com/affiliate",
      "displayed_link": "www.thefreedictionary.com › affiliate",
      "snippet": "Define affiliate. affiliate synonyms, affiliate pronunciation, affiliate translation, English dictionary definition of affiliate. v. af·fil·i·at·ed , af·fil·i·at·ing , af·fil·i·ates v. tr. 1.",
      "cached_page_link": "https://webcache.googleusercontent.com/search?q=cache:MC1oKPepadEJ:https://www.thefreedictionary.com/affiliate+&cd=17&hl=en&ct=clnk&gl=us"
    },
    {
      "position": 9,
      "title": "What is Affiliate Marketing and How can you make money from ...",
      "link": "https://makeawebsitehub.com/what-is-affiliate-marketing/",
      "displayed_link": "makeawebsitehub.com › what-is-affiliate-marketing",
      "snippet": "There are hundreds of affiliate programs available to bloggers and website owners. In this post I cover how you can get started with affiliate marketing.",
      "cached_page_link": "https://webcache.googleusercontent.com/search?q=cache:dmtEjGQveMYJ:https://makeawebsitehub.com/what-is-affiliate-marketing/+&cd=18&hl=en&ct=clnk&gl=us",
      "related_pages_link": "https://www.google.com/search?q=related:https://makeawebsitehub.com/what-is-affiliate-marketing/+affiliate+of&tbo=1&sa=X&ved=2ahUKEwjKjf749ZTnAhXzQEEAHQ0MAgkQHzARegQICBAJ"
    },
    {
      "position": 10,
      "title": "What is affiliate? definition and meaning - BusinessDictionary ...",
      "link": "http://www.businessdictionary.com/definition/affiliate.html",
      "displayed_link": "www.businessdictionary.com › definition › affiliate",
      "snippet": "Definition of affiliate: Commerce: Two parties are affiliates if either party has the power to control the other, or a third party controls or has the power to control the ...",
      "cached_page_link": "http://webcache.googleusercontent.com/search?q=cache:8yTo8jncBEUJ:www.businessdictionary.com/definition/affiliate.html+&cd=19&hl=en&ct=clnk&gl=us",
      "related_pages_link": "https://www.google.com/search?q=related:www.businessdictionary.com/definition/affiliate.html+affiliate+of&tbo=1&sa=X&ved=2ahUKEwjKjf749ZTnAhXzQEEAHQ0MAgkQHzASegQIAxAJ"
    }
  ],
  "related_searches": [
    {
      "query": "legal definition of affiliate",
      "link": "https://www.google.com/search?q=legal+definition+of+affiliate&sa=X&ved=2ahUKEwjKjf749ZTnAhXzQEEAHQ0MAgkQ1QIoAHoECAwQAQ"
    },
    {
      "query": "definition of affiliate company",
      "link": "https://www.google.com/search?q=definition+of+affiliate+company&sa=X&ved=2ahUKEwjKjf749ZTnAhXzQEEAHQ0MAgkQ1QIoAXoECAwQAg"
    },
    {
      "query": "affiliate in a sentence",
      "link": "https://www.google.com/search?q=affiliate+in+a+sentence&sa=X&ved=2ahUKEwjKjf749ZTnAhXzQEEAHQ0MAgkQ1QIoAnoECAwQAw"
    },
    {
      "query": "affiliate synonym",
      "link": "https://www.google.com/search?q=affiliate+synonym&sa=X&ved=2ahUKEwjKjf749ZTnAhXzQEEAHQ0MAgkQ1QIoA3oECAwQBA"
    },
    {
      "query": "affiliate definition legal contract",
      "link": "https://www.google.com/search?q=affiliate+definition+legal+contract&sa=X&ved=2ahUKEwjKjf749ZTnAhXzQEEAHQ0MAgkQ1QIoBHoECAwQBQ"
    },
    {
      "query": "affiliate meaning in tamil",
      "link": "https://www.google.com/search?q=affiliate+meaning+in+tamil&sa=X&ved=2ahUKEwjKjf749ZTnAhXzQEEAHQ0MAgkQ1QIoBXoECAwQBg"
    },
    {
      "query": "affiliate marketing meaning",
      "link": "https://www.google.com/search?q=affiliate+marketing+meaning&sa=X&ved=2ahUKEwjKjf749ZTnAhXzQEEAHQ0MAgkQ1QIoBnoECAwQBw"
    },
    {
      "query": "affiliate organization examples",
      "link": "https://www.google.com/search?q=affiliate+organization+examples&sa=X&ved=2ahUKEwjKjf749ZTnAhXzQEEAHQ0MAgkQ1QIoB3oECAwQCA"
    }
  ],
  "pagination": {
    "current": 1,
    "next": "https://www.google.com/search?q=affiliate+of&ei=EA0nXsrFOPOBhbIPjZiISA&start=10&sa=N&ved=2ahUKEwjKjf749ZTnAhXzQEEAHQ0MAgkQ8NMDegQIDxA_",
    "other_pages": {
      "2": "https://www.google.com/search?q=affiliate+of&ei=EA0nXsrFOPOBhbIPjZiISA&start=10&sa=N&ved=2ahUKEwjKjf749ZTnAhXzQEEAHQ0MAgkQ8tMDegQIDxAt",
      "3": "https://www.google.com/search?q=affiliate+of&ei=EA0nXsrFOPOBhbIPjZiISA&start=20&sa=N&ved=2ahUKEwjKjf749ZTnAhXzQEEAHQ0MAgkQ8tMDegQIDxAv",
      "4": "https://www.google.com/search?q=affiliate+of&ei=EA0nXsrFOPOBhbIPjZiISA&start=30&sa=N&ved=2ahUKEwjKjf749ZTnAhXzQEEAHQ0MAgkQ8tMDegQIDxAx",
      "5": "https://www.google.com/search?q=affiliate+of&ei=EA0nXsrFOPOBhbIPjZiISA&start=40&sa=N&ved=2ahUKEwjKjf749ZTnAhXzQEEAHQ0MAgkQ8tMDegQIDxAz",
      "6": "https://www.google.com/search?q=affiliate+of&ei=EA0nXsrFOPOBhbIPjZiISA&start=50&sa=N&ved=2ahUKEwjKjf749ZTnAhXzQEEAHQ0MAgkQ8tMDegQIDxA1",
      "7": "https://www.google.com/search?q=affiliate+of&ei=EA0nXsrFOPOBhbIPjZiISA&start=60&sa=N&ved=2ahUKEwjKjf749ZTnAhXzQEEAHQ0MAgkQ8tMDegQIDxA3",
      "8": "https://www.google.com/search?q=affiliate+of&ei=EA0nXsrFOPOBhbIPjZiISA&start=70&sa=N&ved=2ahUKEwjKjf749ZTnAhXzQEEAHQ0MAgkQ8tMDegQIDxA5",
      "9": "https://www.google.com/search?q=affiliate+of&ei=EA0nXsrFOPOBhbIPjZiISA&start=80&sa=N&ved=2ahUKEwjKjf749ZTnAhXzQEEAHQ0MAgkQ8tMDegQIDxA7",
      "10": "https://www.google.com/search?q=affiliate+of&ei=EA0nXsrFOPOBhbIPjZiISA&start=90&sa=N&ved=2ahUKEwjKjf749ZTnAhXzQEEAHQ0MAgkQ8tMDegQIDxA9"
    }
  },
  "serpapi_pagination": {
    "current": 1,
    "next_link": "https://serpapi.com/search.json?device=desktop&engine=google&google_domain=google.com&q=affiliate+of&start=10&token=30a6101a53c308d3",
    "next": "https://serpapi.com/search.json?device=desktop&engine=google&google_domain=google.com&q=affiliate+of&start=10&token=30a6101a53c308d3",
    "other_pages": {
      "2": "https://serpapi.com/search.json?device=desktop&engine=google&google_domain=google.com&q=affiliate+of&start=10&token=30a6101a53c308d3",
      "3": "https://serpapi.com/search.json?device=desktop&engine=google&google_domain=google.com&q=affiliate+of&start=20&token=524984fe766af246",
      "4": "https://serpapi.com/search.json?device=desktop&engine=google&google_domain=google.com&q=affiliate+of&start=30&token=96dd158b29dc4ce5",
      "5": "https://serpapi.com/search.json?device=desktop&engine=google&google_domain=google.com&q=affiliate+of&start=40&token=de5767f46e95f8e0",
      "6": "https://serpapi.com/search.json?device=desktop&engine=google&google_domain=google.com&q=affiliate+of&start=50&token=217118a3b9646ee2",
      "7": "https://serpapi.com/search.json?device=desktop&engine=google&google_domain=google.com&q=affiliate+of&start=60&token=494637787102933e",
      "8": "https://serpapi.com/search.json?device=desktop&engine=google&google_domain=google.com&q=affiliate+of&start=70&token=2cc34e00ab67bcba",
      "9": "https://serpapi.com/search.json?device=desktop&engine=google&google_domain=google.com&q=affiliate+of&start=80&token=7c90df387d27046d",
      "10": "https://serpapi.com/search.json?device=desktop&engine=google&google_domain=google.com&q=affiliate+of&start=90&token=4eeaaeeae8e18ab4"
    }
  }
}