{
  "search_metadata": {
    "id": "",
    "status": "Success",
    "json_endpoint": "",
    "created_at": "2020-01-21 03:42:53 UTC",
    "processed_at": "2020-01-21 03:42:53 UTC",
    "google_url": "https://www.google.com/search?q=affiliate+legal+definition&oq=affiliate+legal+definition&sourceid=chrome&ie=UTF-8",
    "raw_html_file": "",
    "total_time_taken": 1.74
  },
  "search_parameters": {
    "engine": "google",
    "q": "affiliate legal definition",
    "google_domain": "google.com",
    "device": "desktop"
  },
  "search_information": {
    "organic_results_state": "Results for exact spelling",
    "total_results": 42600000,
    "time_taken_displayed": 0.43,
    "query_displayed": "affiliate legal definition"
  },
  "knowledge_graph": {
    "see_more_about": []
  },
  "related_questions": [
    {
      "question": "What is considered an affiliate company?",
      "snippet": "The definition of “affiliated company” will vary, depending on the context in which the term is used. One way that companies are considered affiliated is when one company owns less than the majority interest in another company. Companies also may be affiliated when they are subsidiaries of a third company.",
      "title": "Affiliated company dictionary definition | affiliated company defined",
      "link": "https://www.yourdictionary.com/affiliated-company",
      "displayed_link": "www.yourdictionary.com › affiliated-company"
    },
    {
      "question": "Is an affiliate an employee?",
      "snippet": "Definition of Affiliate Employee. Affiliate Employee means any Employee who is an officer or director of the Company. Affiliate Employee means any person employed by an Affiliate.",
      "title": "Affiliate Employee | legal definition of Affiliate Employee by ...",
      "link": "https://www.lawinsider.com/dictionary/affiliate-employee",
      "displayed_link": "www.lawinsider.com › dictionary › affiliate-employee"
    },
    {
      "question": "What is the difference between affiliate and non affiliate?",
      "snippet": "In most cases, affiliate and associate are used synonymously to describe a company whose parent only possesses a minority stake in the ownership of the company. However, a subsidiary is a business whose parent holds a majority stake or is a majority shareholder of 50% or more of all shares.Apr 14, 2019",
      "title": "Subsidiary vs. Affiliate: What's the Difference? - Investopedia",
      "link": "https://www.investopedia.com/ask/answers/06/subsidiaries.asp",
      "displayed_link": "www.investopedia.com › ask › answers › subsidiaries"
    },
    {
      "question": "Is an affiliate a separate legal entity?",
      "snippet": "Affiliates Versus Subsidiaries But subsidiaries remain separate legal entities from their parents, meaning they are liable for their own taxes, liabilities, and governance. ... An example of a subsidiary is the relationship between the Walt Disney Corporation and sports network ESPN.Jun 1, 2019",
      "title": "Affiliated Companies Definition - Investopedia",
      "link": "https://www.investopedia.com/terms/a/affiliatedcompanies.asp",
      "displayed_link": "www.investopedia.com › terms › affiliatedcompanies"
    }
  ],
  "answer_box": {
    "type": "organic_result",
    "title": "Affiliate dictionary definition | affiliate defined - YourDictionary",
    "link": "https://www.yourdictionary.com/affiliate",
    "snippet": "affiliate - Legal Definition n. A corporation that is related to another corporation by one owning shares of the other, by common ownership, or by other means of control. See also company (parent) and subsidiary."
  },
  "organic_results": [
    {
      "position": 1,
      "title": "Legal Definition of Affiliate: Everything You Need to Know",
      "link": "https://www.upcounsel.com/legal-definition-of-affiliate",
      "displayed_link": "www.upcounsel.com › legal-definition-of-affiliate",
      "snippet": "The legal definition of \"affiliate\" applies to business and retail relationships.",
      "cached_page_link": "https://webcache.googleusercontent.com/search?q=cache:BmD_2vpG3sIJ:https://www.upcounsel.com/legal-definition-of-affiliate+&cd=11&hl=en&ct=clnk&gl=us"
    },
    {
      "position": 2,
      "title": "Affiliates Law and Legal Definition | USLegal, Inc.",
      "link": "https://definitions.uslegal.com/a/affiliates/",
      "displayed_link": "definitions.uslegal.com › affiliates",
      "snippet": "Affiliates Law and Legal Definition. Affiliates are business concerns, organizations, or individuals that control each other or that are controlled by a third party. Control may consist of shared management or ownership; common use of facilities, equipment, and employees; or family interest.",
      "cached_page_link": "https://webcache.googleusercontent.com/search?q=cache:cTRhIRL7JmwJ:https://definitions.uslegal.com/a/affiliates/+&cd=12&hl=en&ct=clnk&gl=us",
      "related_pages_link": "https://www.google.com/search?q=related:https://definitions.uslegal.com/a/affiliates/+affiliate+legal+definition&tbo=1&sa=X&ved=2ahUKEwirwYag45PnAhUaac0KHbHrA6AQHzALegQIAhAJ"
    },
    {
      "position": 3,
      "title": "Affiliate | Practical Law - Westlaw",
      "link": "https://content.next.westlaw.com/Document/I03f4d935eee311e28578f7ccc38dcbee/View/FullText.html?transitionType=Default&contextData=(sc.Default)",
      "displayed_link": "content.next.westlaw.com › Document › View › FullText",
      "snippet": "An affiliate is also an entity whose business or substantially all of whose property is ... For this definition, a subsidiary is an entity that is more than 50% owned by ...",
      "cached_page_link": "https://webcache.googleusercontent.com/search?q=cache:hNI4SIhn7vEJ:https://content.next.westlaw.com/Document/I03f4d935eee311e28578f7ccc38dcbee/View/FullText.html%3FtransitionType%3DDefault%26contextData%3D(sc.Default)+&cd=13&hl=en&ct=clnk&gl=us"
    },
    {
      "position": 4,
      "title": "Definition of Affiliate Sample Clauses - Law Insider",
      "link": "https://www.lawinsider.com/clause/definition-of-affiliate",
      "displayed_link": "www.lawinsider.com › Clauses",
      "snippet": "Definition of Affiliate. For purposes of this Agreement, the term “Affiliate” shall mean any entity, individual, firm, or corporation, directly or indirectly, through one or ...",
      "cached_page_link": "https://webcache.googleusercontent.com/search?q=cache:P1OqqqAy4goJ:https://www.lawinsider.com/clause/definition-of-affiliate+&cd=14&hl=en&ct=clnk&gl=us",
      "related_pages_link": "https://www.google.com/search?q=related:https://www.lawinsider.com/clause/definition-of-affiliate+affiliate+legal+definition&tbo=1&sa=X&ved=2ahUKEwirwYag45PnAhUaac0KHbHrA6AQHzANegQIAxAL"
    },
    {
      "position": 5,
      "title": "Affiliate Definition - Investopedia",
      "link": "https://www.investopedia.com/terms/a/affiliate.asp",
      "displayed_link": "www.investopedia.com › Business › Business Essentials",
      "date": "May 12, 2019",
      "snippet": "There are several definitions of the term affiliate in the corporate, ... Affiliates have more legal requirements and prohibitions than other ...",
      "cached_page_link": "https://webcache.googleusercontent.com/search?q=cache:hZm5MrdmCc4J:https://www.investopedia.com/terms/a/affiliate.asp+&cd=15&hl=en&ct=clnk&gl=us"
    },
    {
      "position": 6,
      "title": "Affiliate dictionary definition | affiliate defined - YourDictionary",
      "link": "https://www.yourdictionary.com/affiliate",
      "displayed_link": "www.yourdictionary.com › affiliate",
      "snippet": "affiliate - Legal Definition n. A corporation that is related to another corporation by one owning shares of the other, by common ownership, or by other means of control. See also company (parent) and subsidiary.",
      "cached_page_link": "https://webcache.googleusercontent.com/search?q=cache:K1CpUJ3LCqoJ:https://www.yourdictionary.com/affiliate+&cd=16&hl=en&ct=clnk&gl=us"
    },
    {
      "position": 7,
      "title": "'Subsidiaries' and 'Affiliates' meaning in contracts - Weagree",
      "link": "https://weagree.com/drafting-principles/7-definitions-and-contract-interpretation-clauses/7-2-interpretation-guidelines-for-standard-words-and-phrases/b-subsidiaries-and-affiliates/",
      "displayed_link": "weagree.com › 7-definitions-and-contract-interpretation-clauses › b-s...",
      "snippet": "... have defined the concept of a company's subsidiary (and an affiliate) in clear terms, ... whether or not with legal personality, which directly or indirectly controls, ...",
      "cached_page_link": "https://webcache.googleusercontent.com/search?q=cache:H7C4bWl3ddMJ:https://weagree.com/drafting-principles/7-definitions-and-contract-interpretation-clauses/7-2-interpretation-guidelines-for-standard-words-and-phrases/b-subsidiaries-and-affiliates/+&cd=17&hl=en&ct=clnk&gl=us"
    },
    {
      "position": 8,
      "title": "What Is an Affiliate in the Business World?",
      "link": "https://www.thebalancesmb.com/affiliates-and-affiliate-agreements-in-business-398119",
      "displayed_link": "www.thebalancesmb.com › ... › Business Law & Taxes › Glossary",
      "snippet": "A definition of affiliate business relationships and types of affiliates. ... In corporate law and taxes, an affiliate is a company that is related to another company, ...",
      "cached_page_link": "https://webcache.googleusercontent.com/search?q=cache:0BSVcKFP3WQJ:https://www.thebalancesmb.com/affiliates-and-affiliate-agreements-in-business-398119+&cd=18&hl=en&ct=clnk&gl=us"
    },
    {
      "position": 9,
      "title": "Affiliate definition clauses in contracts - On Contracts",
      "link": "https://www.oncontracts.com/affiliate-status-in-contracts/",
      "displayed_link": "www.oncontracts.com › affiliate-status-in-contracts",
      "date": "Apr 29, 2009",
      "snippet": "This sample clause is a fairly typical definition of affiliate, mirroring ... For an example of an expensive legal battle over who did or did not have ...",
      "cached_page_link": "https://webcache.googleusercontent.com/search?q=cache:DC9qeEzK2A8J:https://www.oncontracts.com/affiliate-status-in-contracts/+&cd=19&hl=en&ct=clnk&gl=us"
    },
    {
      "position": 10,
      "title": "Definition of AFFILIATE • Law Dictionary • TheLaw.com",
      "link": "https://dictionary.thelaw.com/affiliate/",
      "displayed_link": "dictionary.thelaw.com › A",
      "snippet": "Legal definition for AFFILIATE: A person or party that is connected or has an ownership interest, frequently a relationship in which one of a group of companies ...",
      "cached_page_link": "https://webcache.googleusercontent.com/search?q=cache:BvoPrJ9lomwJ:https://dictionary.thelaw.com/affiliate/+&cd=20&hl=en&ct=clnk&gl=us"
    }
  ],
  "related_searches": [
    {
      "query": "affiliate legal definition black's law",
      "link": "https://www.google.com/search?q=affiliate+legal+definition+black%27s+law&sa=X&ved=2ahUKEwirwYag45PnAhUaac0KHbHrA6AQ1QIoAHoECAsQAQ"
    },
    {
      "query": "affiliate definition legal contract",
      "link": "https://www.google.com/search?q=affiliate+definition+legal+contract&sa=X&ved=2ahUKEwirwYag45PnAhUaac0KHbHrA6AQ1QIoAXoECAsQAg"
    },
    {
      "query": "legal definition of affiliate company",
      "link": "https://www.google.com/search?q=legal+definition+of+affiliate+company&sa=X&ved=2ahUKEwirwYag45PnAhUaac0KHbHrA6AQ1QIoAnoECAsQAw"
    },
    {
      "query": "legal definition of affiliate uk",
      "link": "https://www.google.com/search?q=legal+definition+of+affiliate+uk&sa=X&ved=2ahUKEwirwYag45PnAhUaac0KHbHrA6AQ1QIoA3oECAsQBA"
    },
    {
      "query": "black's law dictionary affiliate",
      "link": "https://www.google.com/search?q=black%27s+law+dictionary+affiliate&sa=X&ved=2ahUKEwirwYag45PnAhUaac0KHbHrA6AQ1QIoBHoECAsQBQ"
    },
    {
      "query": "broad definition of affiliate",
      "link": "https://www.google.com/search?q=broad+definition+of+affiliate&sa=X&ved=2ahUKEwirwYag45PnAhUaac0KHbHrA6AQ1QIoBXoECAsQBg"
    },
    {
      "query": "affiliate legal definition india",
      "link": "https://www.google.com/search?q=affiliate+legal+definition+india&sa=X&ved=2ahUKEwirwYag45PnAhUaac0KHbHrA6AQ1QIoBnoECAsQBw"
    },
    {
      "query": "affiliate definition business",
      "link": "https://www.google.com/search?q=affiliate+definition+business&sa=X&ved=2ahUKEwirwYag45PnAhUaac0KHbHrA6AQ1QIoB3oECAsQCA"
    }
  ],
  "pagination": {
    "current": 1,
    "next": "https://www.google.com/search?q=affiliate+legal+definition&ei=PnMmXquqM5rStQax14-ACg&start=10&sa=N&ved=2ahUKEwirwYag45PnAhUaac0KHbHrA6AQ8NMDegQIDhA_",
    "other_pages": {
      "2": "https://www.google.com/search?q=affiliate+legal+definition&ei=PnMmXquqM5rStQax14-ACg&start=10&sa=N&ved=2ahUKEwirwYag45PnAhUaac0KHbHrA6AQ8tMDegQIDhAt",
      "3": "https://www.google.com/search?q=affiliate+legal+definition&ei=PnMmXquqM5rStQax14-ACg&start=20&sa=N&ved=2ahUKEwirwYag45PnAhUaac0KHbHrA6AQ8tMDegQIDhAv",
      "4": "https://www.google.com/search?q=affiliate+legal+definition&ei=PnMmXquqM5rStQax14-ACg&start=30&sa=N&ved=2ahUKEwirwYag45PnAhUaac0KHbHrA6AQ8tMDegQIDhAx",
      "5": "https://www.google.com/search?q=affiliate+legal+definition&ei=PnMmXquqM5rStQax14-ACg&start=40&sa=N&ved=2ahUKEwirwYag45PnAhUaac0KHbHrA6AQ8tMDegQIDhAz",
      "6": "https://www.google.com/search?q=affiliate+legal+definition&ei=PnMmXquqM5rStQax14-ACg&start=50&sa=N&ved=2ahUKEwirwYag45PnAhUaac0KHbHrA6AQ8tMDegQIDhA1",
      "7": "https://www.google.com/search?q=affiliate+legal+definition&ei=PnMmXquqM5rStQax14-ACg&start=60&sa=N&ved=2ahUKEwirwYag45PnAhUaac0KHbHrA6AQ8tMDegQIDhA3",
      "8": "https://www.google.com/search?q=affiliate+legal+definition&ei=PnMmXquqM5rStQax14-ACg&start=70&sa=N&ved=2ahUKEwirwYag45PnAhUaac0KHbHrA6AQ8tMDegQIDhA5",
      "9": "https://www.google.com/search?q=affiliate+legal+definition&ei=PnMmXquqM5rStQax14-ACg&start=80&sa=N&ved=2ahUKEwirwYag45PnAhUaac0KHbHrA6AQ8tMDegQIDhA7",
      "10": "https://www.google.com/search?q=affiliate+legal+definition&ei=PnMmXquqM5rStQax14-ACg&start=90&sa=N&ved=2ahUKEwirwYag45PnAhUaac0KHbHrA6AQ8tMDegQIDhA9"
    }
  },
  "serpapi_pagination": {
    "current": 1,
    "next_link": "https://serpapi.com/search.json?device=desktop&engine=google&google_domain=google.com&q=affiliate+legal+definition&start=10&token=1d569dbc435507f5",
    "next": "https://serpapi.com/search.json?device=desktop&engine=google&google_domain=google.com&q=affiliate+legal+definition&start=10&token=1d569dbc435507f5",
    "other_pages": {
      "2": "https://serpapi.com/search.json?device=desktop&engine=google&google_domain=google.com&q=affiliate+legal+definition&start=10&token=1d569dbc435507f5",
      "3": "https://serpapi.com/search.json?device=desktop&engine=google&google_domain=google.com&q=affiliate+legal+definition&start=20&token=a310f1243dc33acd",
      "4": "https://serpapi.com/search.json?device=desktop&engine=google&google_domain=google.com&q=affiliate+legal+definition&start=30&token=ea6475b72b0cde0f",
      "5": "https://serpapi.com/search.json?device=desktop&engine=google&google_domain=google.com&q=affiliate+legal+definition&start=40&token=66346f3e02906feb",
      "6": "https://serpapi.com/search.json?device=desktop&engine=google&google_domain=google.com&q=affiliate+legal+definition&start=50&token=ee40d593fa0e5221",
      "7": "https://serpapi.com/search.json?device=desktop&engine=google&google_domain=google.com&q=affiliate+legal+definition&start=60&token=d81b0fbdf0951a5d",
      "8": "https://serpapi.com/search.json?device=desktop&engine=google&google_domain=google.com&q=affiliate+legal+definition&start=70&token=718f51c32e93ea48",
      "9": "https://serpapi.com/search.json?device=desktop&engine=google&google_domain=google.com&q=affiliate+legal+definition&start=80&token=d840f689b25acdb0",
      "10": "https://serpapi.com/search.json?device=desktop&engine=google&google_domain=google.com&q=affiliate+legal+definition&start=90&token=c4c8ae2dc59b9d5e"
    }
  }
}