{
  "search_metadata": {
    "id": "",
    "status": "Success",
    "json_endpoint": "",
    "created_at": "2020-01-21 14:39:19 UTC",
    "processed_at": "2020-01-21 14:39:19 UTC",
    "google_url": "https://www.google.com/search?q=affiliate+marketing+reddit&oq=affiliate+marketing+reddit&sourceid=chrome&ie=UTF-8",
    "raw_html_file": "",
    "total_time_taken": 8.68
  },
  "search_parameters": {
    "engine": "google",
    "q": "affiliate marketing reddit",
    "google_domain": "google.com",
    "device": "desktop"
  },
  "search_information": {
    "organic_results_state": "Results for exact spelling",
    "total_results": 15000000,
    "time_taken_displayed": 0.43,
    "query_displayed": "affiliate marketing reddit"
  },
  "knowledge_graph": {},
  "related_questions": [
    {
      "question": "Is affiliate marketing still profitable?",
      "snippet": "Yes, affiliate marketing can be quite profitable but it has to be done the right way. ... The idea behind it is that you promote other people's products, often through an affiliate network, earning a commission if people actually end up buying, thanks to your marketing. It's based on revenue sharing.",
      "title": "Is affiliate marketing profitable? - Quora",
      "link": "https://www.quora.com/Is-affiliate-marketing-profitable",
      "displayed_link": "www.quora.com › Is-affiliate-marketing-profitable"
    },
    {
      "question": "How do I start an affiliate marketing business?",
      "snippet": "Here's How to Start Affiliate Marketing on Your Blog in 8 Steps:Step 1: Create a Website or A Blog.Step 2: Choose an Industry, and then Niche Down.Step 3: Research Products in Your Niche that You Can Review.Step 4: Sign Up for the Amazon Affiliate Program.More items...•Jan 25, 2019",
      "title": "How to Start Affiliate Marketing for Beginners (A Step by Step Guide)",
      "link": "https://www.locationrebel.com/how-to-start-affiliate-marketing/",
      "displayed_link": "www.locationrebel.com › how-to-start-affiliate-marketing"
    },
    {
      "question": "What are affiliate marketing companies?",
      "snippet": "Definition: A way for a company to sell its products by signing up individuals or companies (\"affiliates\") who market the company's products for a commission. There are two ways to approach affiliate marketing: You can offer an affiliate program to others or you can sign up to be another business's affiliate.",
      "title": "Affiliate Marketing Definition - Entrepreneur Small Business ...",
      "link": "https://www.entrepreneur.com/encyclopedia/affiliate-marketing",
      "displayed_link": "www.entrepreneur.com › encyclopedia › affiliate-marketing"
    }
  ],
  "organic_results": [
    {
      "position": 1,
      "title": "Affiliate Marketing - Reddit",
      "link": "https://www.reddit.com/r/Affiliatemarketing/",
      "displayed_link": "www.reddit.com › Affiliatemarketing",
      "date": "Jul 13, 2009",
      "snippet": "r/Affiliatemarketing: A BRUTALLY MONITORED community to discuss AM, paid traffic, SEO, email marketing, and more. Newbies are welcome ...",
      "cached_page_link": "https://webcache.googleusercontent.com/search?q=cache:6ymXKL7G_98J:https://www.reddit.com/r/Affiliatemarketing/+&cd=1&hl=en&ct=clnk&gl=us",
      "related_pages_link": "https://www.google.com/search?q=related:https://www.reddit.com/r/Affiliatemarketing/+affiliate+marketing+reddit&tbo=1&sa=X&ved=2ahUKEwiT9dD-9ZTnAhWtxIsBHZh6Bv0QHzAAegQIAxAJ"
    },
    {
      "position": 2,
      "title": "Is affiliate marketing legit? : digitalnomad - Reddit",
      "link": "https://www.reddit.com/r/digitalnomad/comments/6qk3ov/is_affiliate_marketing_legit/",
      "displayed_link": "www.reddit.com › digitalnomad › comments › is_affiliate_marketing...",
      "snippet": "The most popular way to make money with SEO seems to be affiliate marketing. Just put some of these terms in YouTube and you'll find plenty of guru's. I'm on ...",
      "cached_page_link": "https://webcache.googleusercontent.com/search?q=cache:U_SHx_hKwn8J:https://www.reddit.com/r/digitalnomad/comments/6qk3ov/is_affiliate_marketing_legit/+&cd=2&hl=en&ct=clnk&gl=us"
    },
    {
      "position": 3,
      "title": "I'm amazed at how profitable affiliate marketing currently is ...",
      "link": "https://www.reddit.com/r/juststart/comments/abk6i3/im_amazed_at_how_profitable_affiliate_marketing/",
      "displayed_link": "www.reddit.com › juststart › comments › im_amazed_at_how_profita...",
      "snippet": "A little background: I'm new to affiliate marketing. My site is making a few hundred dollars per month and I've been doing this for about six months now.",
      "cached_page_link": "https://webcache.googleusercontent.com/search?q=cache:PDzkgdZgzMsJ:https://www.reddit.com/r/juststart/comments/abk6i3/im_amazed_at_how_profitable_affiliate_marketing/+&cd=3&hl=en&ct=clnk&gl=us"
    },
    {
      "position": 4,
      "title": "The RIGHT Way To Do Affiliate Marketing : Entrepreneur - Reddit",
      "link": "https://www.reddit.com/r/Entrepreneur/comments/3694pf/the_right_way_to_do_affiliate_marketing/",
      "displayed_link": "www.reddit.com › Entrepreneur › comments › the_right_way_to_do_...",
      "snippet": "This is the right way to do affiliate marketing: Send ads (fb is the best) to a opt-in page for a free gift that the target niche would be interested in. I don't know ...",
      "cached_page_link": "https://webcache.googleusercontent.com/search?q=cache:SOgXQEiY1kAJ:https://www.reddit.com/r/Entrepreneur/comments/3694pf/the_right_way_to_do_affiliate_marketing/+&cd=4&hl=en&ct=clnk&gl=us",
      "related_pages_link": "https://www.google.com/search?q=related:https://www.reddit.com/r/Entrepreneur/comments/3694pf/the_right_way_to_do_affiliate_marketing/+affiliate+marketing+reddit&tbo=1&sa=X&ved=2ahUKEwiT9dD-9ZTnAhWtxIsBHZh6Bv0QHzADegQIARAJ"
    },
    {
      "position": 5,
      "title": "Made $826 today as an Affiliate Marketer! Thanks Reddit ...",
      "link": "https://www.reddit.com/r/Entrepreneur/comments/4x5qo4/made_826_today_as_an_affiliate_marketer_thanks/",
      "displayed_link": "www.reddit.com › Entrepreneur › comments › made_826_today_as_...",
      "snippet": "To keep this from getting to be a super long post, I just wanted to write and say THANKS to Reddit for helping me understand and execute affiliate marketing!",
      "cached_page_link": "https://webcache.googleusercontent.com/search?q=cache:6S2fLbKfTV0J:https://www.reddit.com/r/Entrepreneur/comments/4x5qo4/made_826_today_as_an_affiliate_marketer_thanks/+&cd=5&hl=en&ct=clnk&gl=us"
    },
    {
      "position": 6,
      "title": "In 2016 I made $316,154.15 via the Amazon Affiliate program. AMA ...",
      "link": "https://www.reddit.com/r/Entrepreneur/comments/5mzpz6/in_2016_i_made_31615415_via_the_amazon_affiliate/",
      "displayed_link": "www.reddit.com › Entrepreneur › comments › in_2016_i_made_316...",
      "snippet": "It was there I stumbled about a thread about SEO and Affiliate Marketing some time in late 2010 which spurred basically a 7 year marathon of content absorption ...",
      "cached_page_link": "https://webcache.googleusercontent.com/search?q=cache:I7hYs2eCKFEJ:https://www.reddit.com/r/Entrepreneur/comments/5mzpz6/in_2016_i_made_31615415_via_the_amazon_affiliate/+&cd=6&hl=en&ct=clnk&gl=us",
      "related_pages_link": "https://www.google.com/search?q=related:https://www.reddit.com/r/Entrepreneur/comments/5mzpz6/in_2016_i_made_31615415_via_the_amazon_affiliate/+affiliate+marketing+reddit&tbo=1&sa=X&ved=2ahUKEwiT9dD-9ZTnAhWtxIsBHZh6Bv0QHzAFegQICRAJ"
    },
    {
      "position": 7,
      "title": "How to start affiliate marketing as career step by step –an ...",
      "link": "https://www.reddit.com/r/Affiliatemarketing/comments/8kezea/how_to_start_affiliate_marketing_as_career_step/",
      "displayed_link": "www.reddit.com › Affiliatemarketing › comments › how_to_start_affi...",
      "snippet": "If you are looking for proper guideline to start affiliate marketing as career, I think you have come to right place where you would find proper guideline to start ...",
      "cached_page_link": "https://webcache.googleusercontent.com/search?q=cache:-HVdAs0uJhMJ:https://www.reddit.com/r/Affiliatemarketing/comments/8kezea/how_to_start_affiliate_marketing_as_career_step/+&cd=7&hl=en&ct=clnk&gl=us"
    },
    {
      "position": 8,
      "title": "Full time affiliate marketer here. Ask me the one question that ...",
      "link": "https://www.reddit.com/r/marketing/comments/3e8ct4/full_time_affiliate_marketer_here_ask_me_the_one/",
      "displayed_link": "www.reddit.com › marketing › comments › full_time_affiliate_marke...",
      "snippet": "Hey guys, a few days ago I was commenting on this post, I received a ton of PMs people asking me to send them guides about digital marketing/affiliate ...",
      "cached_page_link": "https://webcache.googleusercontent.com/search?q=cache:O7xE8K_BwB4J:https://www.reddit.com/r/marketing/comments/3e8ct4/full_time_affiliate_marketer_here_ask_me_the_one/+&cd=8&hl=en&ct=clnk&gl=us",
      "related_pages_link": "https://www.google.com/search?q=related:https://www.reddit.com/r/marketing/comments/3e8ct4/full_time_affiliate_marketer_here_ask_me_the_one/+affiliate+marketing+reddit&tbo=1&sa=X&ved=2ahUKEwiT9dD-9ZTnAhWtxIsBHZh6Bv0QHzAHegQIBxAJ"
    },
    {
      "position": 9,
      "title": "8 Months into Affiliate Marketing (Introduction) : juststart - Reddit",
      "link": "https://www.reddit.com/r/juststart/comments/aeeq8q/8_months_into_affiliate_marketing_introduction/",
      "displayed_link": "www.reddit.com › juststart › comments › 8_months_into_affiliate_ma...",
      "snippet": "r/juststart: A community about affiliate marketing, search engine optimization and related topics. Learn what works, what doesn't and what's new …",
      "cached_page_link": "https://webcache.googleusercontent.com/search?q=cache:DkUSCg3lbuwJ:https://www.reddit.com/r/juststart/comments/aeeq8q/8_months_into_affiliate_marketing_introduction/+&cd=15&hl=en&ct=clnk&gl=us"
    },
    {
      "position": 10,
      "title": "How futureproof is affiliate marketing? : Entrepreneur - Reddit",
      "link": "https://www.reddit.com/r/Entrepreneur/comments/7xz90o/how_futureproof_is_affiliate_marketing/",
      "displayed_link": "www.reddit.com › Entrepreneur › comments › how_futureproof_is_a...",
      "snippet": "I'm wondering: How futureproof is affiliate marketing. Currently I'm learning everything about affiliate marketing (niche selection, website building, SEO etc.) ...",
      "cached_page_link": "https://webcache.googleusercontent.com/search?q=cache:ICtrdwr9BwAJ:https://www.reddit.com/r/Entrepreneur/comments/7xz90o/how_futureproof_is_affiliate_marketing/+&cd=16&hl=en&ct=clnk&gl=us"
    }
  ],
  "related_search_boxes": [
    {
      "position": 1,
      "query": "Tools for affiliate marketingView 3+ moreView 3+",
      "results": []
    },
    {
      "position": 2,
      "query": "Top affiliate marketing platforms",
      "results": []
    }
  ],
  "related_searches": [
    {
      "query": "affiliate marketing reddit 2019",
      "link": "https://www.google.com/search?q=affiliate+marketing+reddit+2019&sa=X&ved=2ahUKEwiT9dD-9ZTnAhWtxIsBHZh6Bv0Q1QIoAHoECAsQAQ"
    },
    {
      "query": "how much do you make from affiliate marketing reddit",
      "link": "https://www.google.com/search?q=how+much+do+you+make+from+affiliate+marketing+reddit&sa=X&ved=2ahUKEwiT9dD-9ZTnAhWtxIsBHZh6Bv0Q1QIoAXoECAsQAg"
    },
    {
      "query": "is affiliate marketing dead reddit",
      "link": "https://www.google.com/search?q=is+affiliate+marketing+dead+reddit&sa=X&ved=2ahUKEwiT9dD-9ZTnAhWtxIsBHZh6Bv0Q1QIoAnoECAsQAw"
    },
    {
      "query": "affiliate marketing success stories reddit",
      "link": "https://www.google.com/search?q=affiliate+marketing+success+stories+reddit&sa=X&ved=2ahUKEwiT9dD-9ZTnAhWtxIsBHZh6Bv0Q1QIoA3oECAsQBA"
    },
    {
      "query": "how to use reddit for affiliate marketing",
      "link": "https://www.google.com/search?q=how+to+use+reddit+for+affiliate+marketing&sa=X&ved=2ahUKEwiT9dD-9ZTnAhWtxIsBHZh6Bv0Q1QIoBHoECAsQBQ"
    },
    {
      "query": "wealthy affiliate reddit",
      "link": "https://www.google.com/search?q=wealthy+affiliate+reddit&sa=X&ved=2ahUKEwiT9dD-9ZTnAhWtxIsBHZh6Bv0Q1QIoBXoECAsQBg"
    },
    {
      "query": "rakuten marketing reddit",
      "link": "https://www.google.com/search?q=rakuten+marketing+reddit&sa=X&ved=2ahUKEwiT9dD-9ZTnAhWtxIsBHZh6Bv0Q1QIoBnoECAsQBw"
    },
    {
      "query": "is affiliate marketing saturated",
      "link": "https://www.google.com/search?q=is+affiliate+marketing+saturated&sa=X&ved=2ahUKEwiT9dD-9ZTnAhWtxIsBHZh6Bv0Q1QIoB3oECAsQCA"
    }
  ],
  "pagination": {
    "current": 1,
    "next": "https://www.google.com/search?q=affiliate+marketing+reddit&ei=HA0nXpP3Lq2Jr7wPmPWZ6A8&start=10&sa=N&ved=2ahUKEwiT9dD-9ZTnAhWtxIsBHZh6Bv0Q8NMDegQIDxBA",
    "other_pages": {
      "2": "https://www.google.com/search?q=affiliate+marketing+reddit&ei=HA0nXpP3Lq2Jr7wPmPWZ6A8&start=10&sa=N&ved=2ahUKEwiT9dD-9ZTnAhWtxIsBHZh6Bv0Q8tMDegQIDxAu",
      "3": "https://www.google.com/search?q=affiliate+marketing+reddit&ei=HA0nXpP3Lq2Jr7wPmPWZ6A8&start=20&sa=N&ved=2ahUKEwiT9dD-9ZTnAhWtxIsBHZh6Bv0Q8tMDegQIDxAw",
      "4": "https://www.google.com/search?q=affiliate+marketing+reddit&ei=HA0nXpP3Lq2Jr7wPmPWZ6A8&start=30&sa=N&ved=2ahUKEwiT9dD-9ZTnAhWtxIsBHZh6Bv0Q8tMDegQIDxAy",
      "5": "https://www.google.com/search?q=affiliate+marketing+reddit&ei=HA0nXpP3Lq2Jr7wPmPWZ6A8&start=40&sa=N&ved=2ahUKEwiT9dD-9ZTnAhWtxIsBHZh6Bv0Q8tMDegQIDxA0",
      "6": "https://www.google.com/search?q=affiliate+marketing+reddit&ei=HA0nXpP3Lq2Jr7wPmPWZ6A8&start=50&sa=N&ved=2ahUKEwiT9dD-9ZTnAhWtxIsBHZh6Bv0Q8tMDegQIDxA2",
      "7": "https://www.google.com/search?q=affiliate+marketing+reddit&ei=HA0nXpP3Lq2Jr7wPmPWZ6A8&start=60&sa=N&ved=2ahUKEwiT9dD-9ZTnAhWtxIsBHZh6Bv0Q8tMDegQIDxA4",
      "8": "https://www.google.com/search?q=affiliate+marketing+reddit&ei=HA0nXpP3Lq2Jr7wPmPWZ6A8&start=70&sa=N&ved=2ahUKEwiT9dD-9ZTnAhWtxIsBHZh6Bv0Q8tMDegQIDxA6",
      "9": "https://www.google.com/search?q=affiliate+marketing+reddit&ei=HA0nXpP3Lq2Jr7wPmPWZ6A8&start=80&sa=N&ved=2ahUKEwiT9dD-9ZTnAhWtxIsBHZh6Bv0Q8tMDegQIDxA8",
      "10": "https://www.google.com/search?q=affiliate+marketing+reddit&ei=HA0nXpP3Lq2Jr7wPmPWZ6A8&start=90&sa=N&ved=2ahUKEwiT9dD-9ZTnAhWtxIsBHZh6Bv0Q8tMDegQIDxA-"
    }
  },
  "serpapi_pagination": {
    "current": 1,
    "next_link": "https://serpapi.com/search.json?device=desktop&engine=google&google_domain=google.com&q=affiliate+marketing+reddit&start=10&token=738b5d09e96b2b67",
    "next": "https://serpapi.com/search.json?device=desktop&engine=google&google_domain=google.com&q=affiliate+marketing+reddit&start=10&token=738b5d09e96b2b67",
    "other_pages": {
      "2": "https://serpapi.com/search.json?device=desktop&engine=google&google_domain=google.com&q=affiliate+marketing+reddit&start=10&token=738b5d09e96b2b67",
      "3": "https://serpapi.com/search.json?device=desktop&engine=google&google_domain=google.com&q=affiliate+marketing+reddit&start=20&token=10937d68ac2cf0ab",
      "4": "https://serpapi.com/search.json?device=desktop&engine=google&google_domain=google.com&q=affiliate+marketing+reddit&start=30&token=6b9788c7f5a21b16",
      "5": "https://serpapi.com/search.json?device=desktop&engine=google&google_domain=google.com&q=affiliate+marketing+reddit&start=40&token=272a38bc63046e20",
      "6": "https://serpapi.com/search.json?device=desktop&engine=google&google_domain=google.com&q=affiliate+marketing+reddit&start=50&token=cf4170359e1c9046",
      "7": "https://serpapi.com/search.json?device=desktop&engine=google&google_domain=google.com&q=affiliate+marketing+reddit&start=60&token=0ce6a565d8f25e15",
      "8": "https://serpapi.com/search.json?device=desktop&engine=google&google_domain=google.com&q=affiliate+marketing+reddit&start=70&token=f6bf9a0a2fb5f84e",
      "9": "https://serpapi.com/search.json?device=desktop&engine=google&google_domain=google.com&q=affiliate+marketing+reddit&start=80&token=3155d36cd3fca7db",
      "10": "https://serpapi.com/search.json?device=desktop&engine=google&google_domain=google.com&q=affiliate+marketing+reddit&start=90&token=1c02d8092a740f1c"
    }
  }
}