{
  "search_metadata": {
    "id": "",
    "status": "Success",
    "json_endpoint": "",
    "created_at": "2020-01-21 03:45:36 UTC",
    "processed_at": "2020-01-21 03:45:36 UTC",
    "google_url": "https://www.google.com/search?q=affiliate+marketing+forum&oq=affiliate+marketing+forum&sourceid=chrome&ie=UTF-8",
    "raw_html_file": "",
    "total_time_taken": 1.14
  },
  "search_parameters": {
    "engine": "google",
    "q": "affiliate marketing forum",
    "google_domain": "google.com",
    "device": "desktop"
  },
  "search_information": {
    "organic_results_state": "Results for exact spelling",
    "total_results": 38700000,
    "time_taken_displayed": 0.44,
    "query_displayed": "affiliate marketing forum"
  },
  "knowledge_graph": {
    "see_more_about": [
      {
        "title": null
      }
    ]
  },
  "organic_results": [
    {
      "position": 1,
      "title": "AffiliateFix: Affiliate Marketing Forum",
      "link": "https://www.affiliatefix.com/",
      "displayed_link": "www.affiliatefix.com",
      "snippet": "Affiliate Marketing Forum | AffiliateFix. The number one Affiliate and CPA marketing forum online. Affiliate Networks and more.",
      "sitelinks": {
        "inline": [
          {
            "title": "What is Affiliate Marketing?",
            "link": "https://www.affiliatefix.com/forums/whatisaffiliatemarketing/"
          },
          {
            "title": "Guides, Case Studies and ...",
            "link": "https://www.affiliatefix.com/forums/guidesandcasestudies/"
          },
          {
            "title": "Adult Marketing",
            "link": "https://www.affiliatefix.com/forums/adultmarketing/"
          },
          {
            "title": "Deadz",
            "link": "https://www.affiliatefix.com/members/deadz.102470/"
          }
        ]
      },
      "cached_page_link": "https://webcache.googleusercontent.com/search?q=cache:EHpua2l0O78J:https://www.affiliatefix.com/+&cd=1&hl=en&ct=clnk&gl=us",
      "related_pages_link": "https://www.google.com/search?q=related:https://www.affiliatefix.com/+affiliate+marketing+forum&tbo=1&sa=X&ved=2ahUKEwjx5JTt45PnAhVlMX0KHeJDA2EQHzAAegQIAhAH"
    },
    {
      "position": 2,
      "title": "Best Affiliate Marketing Forums on the Internet (January 2020)",
      "link": "https://www.mobidea.com/academy/affiliate-marketing-forums/",
      "displayed_link": "www.mobidea.com › academy › affiliate-marketing-forums",
      "date": "Jump to Why Should You Join an Affiliate Marketing Forum?",
      "snippet": "They offer sweet affiliate marketing techniques, some new methods, and they also give you ...",
      "sitelinks": {
        "inline": [
          {
            "title": "The Truth About Affiliate ...",
            "link": "https://www.mobidea.com/academy/affiliate-marketing-forums/#The-Truth-About-Affiliate-Marketing-Forums"
          },
          {
            "title": "The Structure of Affiliate ...",
            "link": "https://www.mobidea.com/academy/affiliate-marketing-forums/#The-Structure-of-Affiliate-Marketing-Forums"
          },
          {
            "title": "List of the Best Affiliate ...",
            "link": "https://www.mobidea.com/academy/affiliate-marketing-forums/#List-of-the-Best-Affiliate-Marketing-Forums"
          }
        ]
      },
      "cached_page_link": "https://webcache.googleusercontent.com/search?q=cache:XaQhoSWgST0J:https://www.mobidea.com/academy/affiliate-marketing-forums/+&cd=2&hl=en&ct=clnk&gl=us"
    },
    {
      "position": 3,
      "title": "Affiliate Marketing Forum | Affilorama",
      "link": "https://www.affilorama.com/forum/",
      "displayed_link": "www.affilorama.com › forum",
      "snippet": "Affilorama : The #1 Affiliate Marketing Forum with over 930000 members that actively discuss all aspects of affiliate marketing and building a business online.",
      "cached_page_link": "https://webcache.googleusercontent.com/search?q=cache:vefBoqPSFMwJ:https://www.affilorama.com/forum/+&cd=3&hl=en&ct=clnk&gl=us",
      "related_pages_link": "https://www.google.com/search?q=related:https://www.affilorama.com/forum/+affiliate+marketing+forum&tbo=1&sa=X&ved=2ahUKEwjx5JTt45PnAhVlMX0KHeJDA2EQHzACegQIAxAJ"
    },
    {
      "position": 4,
      "title": "Affiliate Marketing Forum | affLIFT",
      "link": "https://afflift.com/f/",
      "displayed_link": "afflift.com › ...",
      "date": "3 days ago",
      "snippet": "Join the most helpful and friendly affiliate marketing forum. Guides, example campaigns, and everything an affiliate needs!",
      "cached_page_link": "https://webcache.googleusercontent.com/search?q=cache:UDGTLdwr_boJ:https://afflift.com/f/+&cd=4&hl=en&ct=clnk&gl=us"
    },
    {
      "position": 5,
      "title": "The Top 11 Affiliate Marketing Forums How to Approach",
      "link": "https://marketingkeytech.com/affiliate-marketing-forums/",
      "displayed_link": "marketingkeytech.com › BLOG › AFFILIATE MARKETING",
      "snippet": "AffiliateFix supports you with the slogan” Connecting The Affiliate Industry Online”. They claim “AffiliateFix is The World's Number One Affiliate Marketing Forum”.",
      "cached_page_link": "https://webcache.googleusercontent.com/search?q=cache:5LtUnKlxkrQJ:https://marketingkeytech.com/affiliate-marketing-forums/+&cd=5&hl=en&ct=clnk&gl=us"
    },
    {
      "position": 6,
      "title": "affiliate marketing - Warrior Forum - The #1 Digital Marketing ...",
      "link": "https://www.warriorforum.com/tags/affiliate%20marketing.html",
      "displayed_link": "www.warriorforum.com › tags › affiliate marketing",
      "snippet": "affiliate marketing, earn moeny online, how to make money online, make money fast. [HOT]My Crazy Little Simple Method For Making Recurring Profits With ...",
      "cached_page_link": "https://webcache.googleusercontent.com/search?q=cache:y_Gd-OD6iqoJ:https://www.warriorforum.com/tags/affiliate%2520marketing.html+&cd=6&hl=en&ct=clnk&gl=us",
      "related_pages_link": "https://www.google.com/search?q=related:https://www.warriorforum.com/tags/affiliate%2520marketing.html+affiliate+marketing+forum&tbo=1&sa=X&ved=2ahUKEwjx5JTt45PnAhVlMX0KHeJDA2EQHzAFegQIBhAJ"
    },
    {
      "position": 7,
      "title": "STM Forum - The #1 Affiliate Marketing Forum",
      "link": "https://stmforum.com/",
      "displayed_link": "stmforum.com",
      "date": "6 days ago",
      "snippet": "STM Forum is the #1 rated community for affiliate and performance internet marketers. See how we generated $XX,XXX,XXX of affiliate ...",
      "cached_page_link": "https://webcache.googleusercontent.com/search?q=cache:fu9YKoqFO74J:https://stmforum.com/+&cd=7&hl=en&ct=clnk&gl=us",
      "related_pages_link": "https://www.google.com/search?q=related:https://stmforum.com/+affiliate+marketing+forum&tbo=1&sa=X&ved=2ahUKEwjx5JTt45PnAhVlMX0KHeJDA2EQHzAGegQIBxAH"
    },
    {
      "position": 8,
      "title": "11 Best Affiliate Marketing Forums 2019 : Join Affiliate Forum",
      "link": "https://www.earningguys.com/affiliate_marketing/best-affiliate-marketing-forums/",
      "displayed_link": "www.earningguys.com › affiliate_marketing › best-affiliate-marketing...",
      "snippet": "11 Best Affiliate Marketing Forums so that you can learn about affiliate marketing easily. Learn latest trends in affiliate marketing, follow alongs, tips.",
      "cached_page_link": "https://webcache.googleusercontent.com/search?q=cache:v0wtolUylpMJ:https://www.earningguys.com/affiliate_marketing/best-affiliate-marketing-forums/+&cd=8&hl=en&ct=clnk&gl=us"
    },
    {
      "position": 9,
      "title": "10 Most Popular Affiliate Marketing Blogs and Forums Based on ...",
      "link": "https://imrat.com/top-forums-and-blogs-for-affiliates-80e0460af29b",
      "displayed_link": "imrat.com › top-forums-and-blogs-for-affiliates-80e0460af29b",
      "date": "Apr 26, 2017",
      "snippet": "Forget all those other lists of popular affiliate and cpa marketing blogs and forums. This post uses real ... affiliate-forum.se affiliate-marketing.de",
      "cached_page_link": "https://webcache.googleusercontent.com/search?q=cache:9NVpV2fYTQ0J:https://imrat.com/top-forums-and-blogs-for-affiliates-80e0460af29b+&cd=9&hl=en&ct=clnk&gl=us"
    },
    {
      "position": 10,
      "title": "The Affiliate Marketing Forum List of Your Dreams ...",
      "link": "https://selfadvertiser.com/blog/affiliate-marketing-forum-list/",
      "displayed_link": "selfadvertiser.com › blog › affiliate-marketing-forum-list",
      "snippet": "Whether you're an avid reader or just looking for a quick tip, this is our dreamy affiliate marketing forum list. Knowing that mega affiliates do business online ...",
      "cached_page_link": "https://webcache.googleusercontent.com/search?q=cache:T2LBA7UQYFAJ:https://selfadvertiser.com/blog/affiliate-marketing-forum-list/+&cd=10&hl=en&ct=clnk&gl=us"
    }
  ],
  "related_search_boxes": [
    {
      "position": 1,
      "query": "Top affiliate marketing platforms",
      "results": []
    }
  ],
  "related_searches": [
    {
      "query": "affiliate marketing forums beginners",
      "link": "https://www.google.com/search?q=affiliate+marketing+forums+beginners&sa=X&ved=2ahUKEwjx5JTt45PnAhVlMX0KHeJDA2EQ1QIoAHoECAsQAQ"
    },
    {
      "query": "affiliate marketing forums list",
      "link": "https://www.google.com/search?q=affiliate+marketing+forums+list&sa=X&ved=2ahUKEwjx5JTt45PnAhVlMX0KHeJDA2EQ1QIoAXoECAsQAg"
    },
    {
      "query": "warrior forum",
      "link": "https://www.google.com/search?q=warrior+forum&sa=X&ved=2ahUKEwjx5JTt45PnAhVlMX0KHeJDA2EQ1QIoAnoECAsQAw"
    },
    {
      "query": "stm forum",
      "link": "https://www.google.com/search?q=stm+forum&sa=X&ved=2ahUKEwjx5JTt45PnAhVlMX0KHeJDA2EQ1QIoA3oECAsQBA"
    },
    {
      "query": "warriors forum affiliate marketing",
      "link": "https://www.google.com/search?q=warriors+forum+affiliate+marketing&sa=X&ved=2ahUKEwjx5JTt45PnAhVlMX0KHeJDA2EQ1QIoBHoECAsQBQ"
    },
    {
      "query": "digital marketers forum",
      "link": "https://www.google.com/search?q=digital+marketers+forum&sa=X&ved=2ahUKEwjx5JTt45PnAhVlMX0KHeJDA2EQ1QIoBXoECAsQBg"
    },
    {
      "query": "5star affiliate marketing forum",
      "link": "https://www.google.com/search?q=5star+affiliate+marketing+forum&sa=X&ved=2ahUKEwjx5JTt45PnAhVlMX0KHeJDA2EQ1QIoBnoECAsQBw"
    },
    {
      "query": "affiliate marketing powered by vbulletin",
      "link": "https://www.google.com/search?q=affiliate+marketing+powered+by+vbulletin&sa=X&ved=2ahUKEwjx5JTt45PnAhVlMX0KHeJDA2EQ1QIoB3oECAsQCA"
    }
  ],
  "pagination": {
    "current": 1,
    "next": "https://www.google.com/search?q=affiliate+marketing+forum&ei=4HMmXvH0IeXi9APih42IBg&start=10&sa=N&ved=2ahUKEwjx5JTt45PnAhVlMX0KHeJDA2EQ8NMDegQIDRA_",
    "other_pages": {
      "2": "https://www.google.com/search?q=affiliate+marketing+forum&ei=4HMmXvH0IeXi9APih42IBg&start=10&sa=N&ved=2ahUKEwjx5JTt45PnAhVlMX0KHeJDA2EQ8tMDegQIDRAt",
      "3": "https://www.google.com/search?q=affiliate+marketing+forum&ei=4HMmXvH0IeXi9APih42IBg&start=20&sa=N&ved=2ahUKEwjx5JTt45PnAhVlMX0KHeJDA2EQ8tMDegQIDRAv",
      "4": "https://www.google.com/search?q=affiliate+marketing+forum&ei=4HMmXvH0IeXi9APih42IBg&start=30&sa=N&ved=2ahUKEwjx5JTt45PnAhVlMX0KHeJDA2EQ8tMDegQIDRAx",
      "5": "https://www.google.com/search?q=affiliate+marketing+forum&ei=4HMmXvH0IeXi9APih42IBg&start=40&sa=N&ved=2ahUKEwjx5JTt45PnAhVlMX0KHeJDA2EQ8tMDegQIDRAz",
      "6": "https://www.google.com/search?q=affiliate+marketing+forum&ei=4HMmXvH0IeXi9APih42IBg&start=50&sa=N&ved=2ahUKEwjx5JTt45PnAhVlMX0KHeJDA2EQ8tMDegQIDRA1",
      "7": "https://www.google.com/search?q=affiliate+marketing+forum&ei=4HMmXvH0IeXi9APih42IBg&start=60&sa=N&ved=2ahUKEwjx5JTt45PnAhVlMX0KHeJDA2EQ8tMDegQIDRA3",
      "8": "https://www.google.com/search?q=affiliate+marketing+forum&ei=4HMmXvH0IeXi9APih42IBg&start=70&sa=N&ved=2ahUKEwjx5JTt45PnAhVlMX0KHeJDA2EQ8tMDegQIDRA5",
      "9": "https://www.google.com/search?q=affiliate+marketing+forum&ei=4HMmXvH0IeXi9APih42IBg&start=80&sa=N&ved=2ahUKEwjx5JTt45PnAhVlMX0KHeJDA2EQ8tMDegQIDRA7",
      "10": "https://www.google.com/search?q=affiliate+marketing+forum&ei=4HMmXvH0IeXi9APih42IBg&start=90&sa=N&ved=2ahUKEwjx5JTt45PnAhVlMX0KHeJDA2EQ8tMDegQIDRA9"
    }
  },
  "serpapi_pagination": {
    "current": 1,
    "next_link": "https://serpapi.com/search.json?device=desktop&engine=google&google_domain=google.com&q=affiliate+marketing+forum&start=10&token=262a782c03554b44",
    "next": "https://serpapi.com/search.json?device=desktop&engine=google&google_domain=google.com&q=affiliate+marketing+forum&start=10&token=262a782c03554b44",
    "other_pages": {
      "2": "https://serpapi.com/search.json?device=desktop&engine=google&google_domain=google.com&q=affiliate+marketing+forum&start=10&token=262a782c03554b44",
      "3": "https://serpapi.com/search.json?device=desktop&engine=google&google_domain=google.com&q=affiliate+marketing+forum&start=20&token=5880e60f2596e84c",
      "4": "https://serpapi.com/search.json?device=desktop&engine=google&google_domain=google.com&q=affiliate+marketing+forum&start=30&token=d86f98a786db4bdc",
      "5": "https://serpapi.com/search.json?device=desktop&engine=google&google_domain=google.com&q=affiliate+marketing+forum&start=40&token=db144975a6cce737",
      "6": "https://serpapi.com/search.json?device=desktop&engine=google&google_domain=google.com&q=affiliate+marketing+forum&start=50&token=e880203f8ea4d151",
      "7": "https://serpapi.com/search.json?device=desktop&engine=google&google_domain=google.com&q=affiliate+marketing+forum&start=60&token=374732e1df0b4fa4",
      "8": "https://serpapi.com/search.json?device=desktop&engine=google&google_domain=google.com&q=affiliate+marketing+forum&start=70&token=62c6655a36cd9880",
      "9": "https://serpapi.com/search.json?device=desktop&engine=google&google_domain=google.com&q=affiliate+marketing+forum&start=80&token=40bdc658e5e3e3e3",
      "10": "https://serpapi.com/search.json?device=desktop&engine=google&google_domain=google.com&q=affiliate+marketing+forum&start=90&token=501c029fc80a91fd"
    }
  }
}