{
  "search_metadata": {
    "id": "",
    "status": "Success",
    "json_endpoint": "",
    "created_at": "2020-01-21 03:46:28 UTC",
    "processed_at": "2020-01-21 03:46:28 UTC",
    "google_url": "https://www.google.com/search?q=affiliate+conference&oq=affiliate+conference&sourceid=chrome&ie=UTF-8",
    "raw_html_file": "",
    "total_time_taken": 6.57
  },
  "search_parameters": {
    "engine": "google",
    "q": "affiliate conference",
    "google_domain": "google.com",
    "device": "desktop"
  },
  "search_information": {
    "organic_results_state": "Results for exact spelling",
    "total_results": 164000000,
    "time_taken_displayed": 0.47,
    "query_displayed": "affiliate conference"
  },
  "knowledge_graph": {
    "see_more_about": [
      {
        "title": null
      }
    ]
  },
  "organic_results": [
    {
      "position": 1,
      "title": "Welcome - Affiliate Summit - Affiliate Summit is the premiere ...",
      "link": "https://www.affiliatesummit.com/",
      "displayed_link": "www.affiliatesummit.com",
      "snippet": "Affiliate Summit is the premier affiliate marketing conference. Attendees at Affiliate Summit events break out into six main categories: affiliate, affiliate management, advertiser, OPM/agency, solution provider, and network. ... Affiliate Summit takes place in Asia, Europe, The West Coast and The East Coast.",
      "sitelinks": {
        "inline": [
          {
            "title": "Affiliate Summit West",
            "link": "https://www.affiliatesummit.com/west"
          },
          {
            "title": "Affiliate Summit Euro",
            "link": "https://www.affiliatesummit.com/euro"
          },
          {
            "title": "Affiliate Summit East",
            "link": "https://www.affiliatesummit.com/east"
          },
          {
            "title": "About",
            "link": "https://www.affiliatesummit.com/about"
          }
        ]
      },
      "cached_page_link": "https://webcache.googleusercontent.com/search?q=cache:Wm5Yp6eglogJ:https://www.affiliatesummit.com/+&cd=1&hl=en&ct=clnk&gl=us"
    },
    {
      "position": 2,
      "title": "Best Affiliate Marketing Conferences to Attend in 2020 ... - Nosto",
      "link": "https://www.nosto.com/conferences/affiliate-marketing/",
      "displayed_link": "www.nosto.com › conferences › affiliate-marketing",
      "snippet": "The most complete list of Affiliate Marketing Conferences to attend in 2020. Step up your Affiliate efforts and increase your leads and sales with one of these ...",
      "cached_page_link": "https://webcache.googleusercontent.com/search?q=cache:JVYm_Mg-w0MJ:https://www.nosto.com/conferences/affiliate-marketing/+&cd=2&hl=en&ct=clnk&gl=us"
    },
    {
      "position": 3,
      "title": "Top Affiliate Conferences in 2019-2020",
      "link": "https://www.affluent.io/blog/affiliate-conferences-2019/",
      "displayed_link": "www.affluent.io › blog › affiliate-conferences-2019",
      "date": "Oct 28, 2019",
      "snippet": "While finishing up our 2019 conference circuit, we've started taking a look at the best affiliate marketing conferences for us to attend in 2020 ...",
      "cached_page_link": "https://webcache.googleusercontent.com/search?q=cache:VlrFs2bTtRUJ:https://www.affluent.io/blog/affiliate-conferences-2019/+&cd=3&hl=en&ct=clnk&gl=us"
    },
    {
      "position": 4,
      "title": "Best Affiliate Conferences to Attend in 2020 | Outbrain Blog",
      "link": "https://www.outbrain.com/blog/best-affiliate-conferences/",
      "displayed_link": "www.outbrain.com › blog › best-affiliate-conferences",
      "date": "Dec 16, 2019",
      "snippet": "Make sure to choose wisely and strategically, and make your presence known at some of the best affiliate conferences in 2020.",
      "cached_page_link": "https://webcache.googleusercontent.com/search?q=cache:IcFQi8yeFl0J:https://www.outbrain.com/blog/best-affiliate-conferences/+&cd=4&hl=en&ct=clnk&gl=us"
    },
    {
      "position": 5,
      "title": "Affiliate World Conferences | The World's Premiere Affiliate ...",
      "link": "https://affiliateworldconferences.com/",
      "displayed_link": "affiliateworldconferences.com",
      "snippet": "Affiliate World is the premiere affiliate marketing conference for the world's top affiliate marketers, ecommerce marketing experts and industry authorities.",
      "cached_page_link": "https://webcache.googleusercontent.com/search?q=cache:5JlSQv8dEYsJ:https://affiliateworldconferences.com/+&cd=8&hl=en&ct=clnk&gl=us",
      "related_pages_link": "https://www.google.com/search?q=related:https://affiliateworldconferences.com/+affiliate+conference&tbo=1&sa=X&ved=2ahUKEwiAps-I5JPnAhUPE8AKHf0-D1UQHzAHegQIARAH"
    },
    {
      "position": 6,
      "title": "The 26 Best Affiliate Marketing Conferences In The World ...",
      "link": "https://charlesngo.com/the-26-best-affiliate-marketing-conferences-in-the-world/",
      "displayed_link": "charlesngo.com › the-26-best-affiliate-marketing-conferences-in-the-...",
      "date": "Dec 22, 2016",
      "snippet": "Affiliate World conferences are run by the guys that own STM forum. They have added another level to the benchmark of affiliate conferences.",
      "cached_page_link": "https://webcache.googleusercontent.com/search?q=cache:o97k1ZpzGCwJ:https://charlesngo.com/the-26-best-affiliate-marketing-conferences-in-the-world/+&cd=9&hl=en&ct=clnk&gl=us",
      "related_pages_link": "https://www.google.com/search?q=related:https://charlesngo.com/the-26-best-affiliate-marketing-conferences-in-the-world/+affiliate+conference&tbo=1&sa=X&ved=2ahUKEwiAps-I5JPnAhUPE8AKHf0-D1UQHzAIegQIBxAJ"
    },
    {
      "position": 7,
      "title": "2020 Affiliate Marketing Conferences - 32 Events!",
      "link": "https://online.marketing/conferences/affiliate-marketing/",
      "displayed_link": "online.marketing › Conferences",
      "snippet": "The best list of affiliate marketing conferences in 2020 worldwide, frequently updated and curated by ex-Google engineer Fili.",
      "sitelinks": {
        "list": [
          {
            "answer_count": null,
            "date": "Las Vegas, NV, United States"
          },
          {
            "answer_count": null,
            "date": "Las Vegas, NV, United States"
          },
          {
            "answer_count": null,
            "date": "London, United Kingdom"
          }
        ]
      },
      "rich_snippet": {
        "bottom": {
          "detected_extensions": {
            "mon_jan_affiliate_management_dayslas_vegas_nv_united_statesjan": null,
            "jan_affiliate_summit_westlas_vegas_nv_united_statesfeb": 29,
            "feb_ice_londonlondon_united_kingdom": 6
          },
          "extensions": [
            "Mon, Jan 27Affiliate Management DaysLas Vegas, NV, United StatesJan 27",
            "Jan 29Affiliate Summit: WestLas Vegas, NV, United StatesFeb 4",
            "Feb 6ICE LondonLondon, United Kingdom"
          ]
        }
      },
      "cached_page_link": "https://webcache.googleusercontent.com/search?q=cache:9tUhaIy503oJ:https://online.marketing/conferences/affiliate-marketing/+&cd=10&hl=en&ct=clnk&gl=us"
    },
    {
      "position": 8,
      "title": "Affiliate Marketing Conferences to Attend in 2020 - AM Navigator",
      "link": "https://www.amnavigator.com/blog/2019/12/11/affiliate-marketing-conferences-2020/",
      "displayed_link": "www.amnavigator.com › blog › 2019/12/11 › affiliate-marketing-con...",
      "date": "Dec 11, 2019",
      "snippet": "At the end of every year, for nearly a dozen of years already, I've been compiling lists of affiliate marketing conferences to attend. 2020 is going ...",
      "cached_page_link": "https://webcache.googleusercontent.com/search?q=cache:Mt3LSlNWpTMJ:https://www.amnavigator.com/blog/2019/12/11/affiliate-marketing-conferences-2020/+&cd=11&hl=en&ct=clnk&gl=us"
    },
    {
      "position": 9,
      "title": "Affiliate Marketing Conferences You Should Know in 2019",
      "link": "https://www.mobidea.com/academy/affiliate-marketing-conferences-this-year/",
      "displayed_link": "www.mobidea.com › academy › affiliate-marketing-conferences-this-...",
      "date": "Jan 17, 2019",
      "snippet": "Check this list of the very best affiliate marketing conferences and trade shows and buy the tickets to affiliate awesomeness!",
      "cached_page_link": "https://webcache.googleusercontent.com/search?q=cache:BI0Ut51nplEJ:https://www.mobidea.com/academy/affiliate-marketing-conferences-this-year/+&cd=12&hl=en&ct=clnk&gl=us"
    }
  ],
  "related_search_boxes": [
    {
      "position": 1,
      "query": "Technology Conference namesView 1+ moreView 1+",
      "results": []
    }
  ],
  "related_searches": [
    {
      "query": "affiliate conferences 2020",
      "link": "https://www.google.com/search?q=affiliate+conferences+2020&sa=X&ved=2ahUKEwiAps-I5JPnAhUPE8AKHf0-D1UQ1QIoAHoECA4QAQ"
    },
    {
      "query": "amsterdam affiliate conference",
      "link": "https://www.google.com/search?q=amsterdam+affiliate+conference&sa=X&ved=2ahUKEwiAps-I5JPnAhUPE8AKHf0-D1UQ1QIoAXoECA4QAg"
    },
    {
      "query": "affiliate conference bangkok",
      "link": "https://www.google.com/search?q=affiliate+conference+bangkok&sa=X&ved=2ahUKEwiAps-I5JPnAhUPE8AKHf0-D1UQ1QIoAnoECA4QAw"
    },
    {
      "query": "affiliate conference new york 2019",
      "link": "https://www.google.com/search?q=affiliate+conference+new+york+2019&sa=X&ved=2ahUKEwiAps-I5JPnAhUPE8AKHf0-D1UQ1QIoA3oECA4QBA"
    },
    {
      "query": "affiliate marketing conferences 2020",
      "link": "https://www.google.com/search?q=affiliate+marketing+conferences+2020&sa=X&ved=2ahUKEwiAps-I5JPnAhUPE8AKHf0-D1UQ1QIoBHoECA4QBQ"
    },
    {
      "query": "affiliate summit 2019",
      "link": "https://www.google.com/search?q=affiliate+summit+2019&sa=X&ved=2ahUKEwiAps-I5JPnAhUPE8AKHf0-D1UQ1QIoBXoECA4QBg"
    },
    {
      "query": "affiliate summit singapore",
      "link": "https://www.google.com/search?q=affiliate+summit+singapore&sa=X&ved=2ahUKEwiAps-I5JPnAhUPE8AKHf0-D1UQ1QIoBnoECA4QBw"
    },
    {
      "query": "affiliate summit 2020",
      "link": "https://www.google.com/search?q=affiliate+summit+2020&sa=X&ved=2ahUKEwiAps-I5JPnAhUPE8AKHf0-D1UQ1QIoB3oECA4QCA"
    }
  ],
  "pagination": {
    "current": 1,
    "next": "https://www.google.com/search?q=affiliate+conference&ei=GnQmXoCxCI-mgAb9_byoBQ&start=10&sa=N&ved=2ahUKEwiAps-I5JPnAhUPE8AKHf0-D1UQ8NMDegQIERBA",
    "other_pages": {
      "2": "https://www.google.com/search?q=affiliate+conference&ei=GnQmXoCxCI-mgAb9_byoBQ&start=10&sa=N&ved=2ahUKEwiAps-I5JPnAhUPE8AKHf0-D1UQ8tMDegQIERAu",
      "3": "https://www.google.com/search?q=affiliate+conference&ei=GnQmXoCxCI-mgAb9_byoBQ&start=20&sa=N&ved=2ahUKEwiAps-I5JPnAhUPE8AKHf0-D1UQ8tMDegQIERAw",
      "4": "https://www.google.com/search?q=affiliate+conference&ei=GnQmXoCxCI-mgAb9_byoBQ&start=30&sa=N&ved=2ahUKEwiAps-I5JPnAhUPE8AKHf0-D1UQ8tMDegQIERAy",
      "5": "https://www.google.com/search?q=affiliate+conference&ei=GnQmXoCxCI-mgAb9_byoBQ&start=40&sa=N&ved=2ahUKEwiAps-I5JPnAhUPE8AKHf0-D1UQ8tMDegQIERA0",
      "6": "https://www.google.com/search?q=affiliate+conference&ei=GnQmXoCxCI-mgAb9_byoBQ&start=50&sa=N&ved=2ahUKEwiAps-I5JPnAhUPE8AKHf0-D1UQ8tMDegQIERA2",
      "7": "https://www.google.com/search?q=affiliate+conference&ei=GnQmXoCxCI-mgAb9_byoBQ&start=60&sa=N&ved=2ahUKEwiAps-I5JPnAhUPE8AKHf0-D1UQ8tMDegQIERA4",
      "8": "https://www.google.com/search?q=affiliate+conference&ei=GnQmXoCxCI-mgAb9_byoBQ&start=70&sa=N&ved=2ahUKEwiAps-I5JPnAhUPE8AKHf0-D1UQ8tMDegQIERA6",
      "9": "https://www.google.com/search?q=affiliate+conference&ei=GnQmXoCxCI-mgAb9_byoBQ&start=80&sa=N&ved=2ahUKEwiAps-I5JPnAhUPE8AKHf0-D1UQ8tMDegQIERA8",
      "10": "https://www.google.com/search?q=affiliate+conference&ei=GnQmXoCxCI-mgAb9_byoBQ&start=90&sa=N&ved=2ahUKEwiAps-I5JPnAhUPE8AKHf0-D1UQ8tMDegQIERA-"
    }
  },
  "serpapi_pagination": {
    "current": 1,
    "next_link": "https://serpapi.com/search.json?device=desktop&engine=google&google_domain=google.com&q=affiliate+conference&start=10&token=6945a4b6a73c329c",
    "next": "https://serpapi.com/search.json?device=desktop&engine=google&google_domain=google.com&q=affiliate+conference&start=10&token=6945a4b6a73c329c",
    "other_pages": {
      "2": "https://serpapi.com/search.json?device=desktop&engine=google&google_domain=google.com&q=affiliate+conference&start=10&token=6945a4b6a73c329c",
      "3": "https://serpapi.com/search.json?device=desktop&engine=google&google_domain=google.com&q=affiliate+conference&start=20&token=13718438f8a42c86",
      "4": "https://serpapi.com/search.json?device=desktop&engine=google&google_domain=google.com&q=affiliate+conference&start=30&token=99ba96f1aa65425c",
      "5": "https://serpapi.com/search.json?device=desktop&engine=google&google_domain=google.com&q=affiliate+conference&start=40&token=f181085b09650f23",
      "6": "https://serpapi.com/search.json?device=desktop&engine=google&google_domain=google.com&q=affiliate+conference&start=50&token=d7450f718418be36",
      "7": "https://serpapi.com/search.json?device=desktop&engine=google&google_domain=google.com&q=affiliate+conference&start=60&token=66eb6bea84fdb639",
      "8": "https://serpapi.com/search.json?device=desktop&engine=google&google_domain=google.com&q=affiliate+conference&start=70&token=691363b3dec8fcbb",
      "9": "https://serpapi.com/search.json?device=desktop&engine=google&google_domain=google.com&q=affiliate+conference&start=80&token=ba4363f7566c08ef",
      "10": "https://serpapi.com/search.json?device=desktop&engine=google&google_domain=google.com&q=affiliate+conference&start=90&token=2607bcce599ba192"
    }
  }
}