{
  "search_metadata": {
    "id": "",
    "status": "Success",
    "json_endpoint": "",
    "created_at": "2020-01-21 13:49:26 UTC",
    "processed_at": "2020-01-21 13:49:26 UTC",
    "google_url": "https://www.google.com/search?q=affiliate+instagram&oq=affiliate+instagram&sourceid=chrome&ie=UTF-8",
    "raw_html_file": "",
    "total_time_taken": 1.62
  },
  "search_parameters": {
    "engine": "google",
    "q": "affiliate instagram",
    "google_domain": "google.com",
    "device": "desktop"
  },
  "search_information": {
    "organic_results_state": "Results for exact spelling",
    "total_results": 553000000,
    "time_taken_displayed": 0.48,
    "query_displayed": "affiliate instagram"
  },
  "ads": [
    {
      "position": 1,
      "block_position": "bottom",
      "title": "The #1 Affiliate Agency | Award-Winning Affiliate Agency‎",
      "link": "https://hawkemedia.com/services/media-buying/affiliate-marketing",
      "displayed_link": "www.hawkemedia.com/",
      "tracking_link": "https://www.google.com/aclk?sa=l&ai=DChcSEwjB_7Lp6pTnAhUW9uMHHQQVA5wYABAAGgJ5bQ&sig=AOD64_1QC8oW8EZdlFfbRFYgBJkFJ1d1VQ&q=&ved=2ahUKEwiCh6np6pTnAhUBVa0KHVq0A6oQ0Qx6BAgMEAE&adurl=",
      "description": "Award-winning consultancy specializing in Affiliate Ads. Simple month-to-month contracts. Custom, data-driven, performance-focused solutions. Schedule your free consultation! Full-Service Agency. Your E-Commerce Experts. Your Outsourced CMO.",
      "sitelinks": [
        {
          "title": "Business Insights",
          "link": "https://hawkemedia.com/blog"
        },
        {
          "title": "Press Center",
          "link": "https://hawkemedia.com/press"
        },
        {
          "title": "Events Information",
          "link": "https://hawkemedia.com/events"
        },
        {
          "title": "Case Studies",
          "link": "https://hawkemedia.com/case-studies"
        },
        {
          "title": "Services Offered",
          "link": "https://hawkemedia.com/services"
        }
      ]
    }
  ],
  "knowledge_graph": {},
  "organic_results": [
    {
      "position": 1,
      "title": "[Guide] How To Get Affiliates Using Instagram - Refersion",
      "link": "https://blog.refersion.com/the-instagram-guide-to-affiliate-marketing-80036c175dcc",
      "displayed_link": "blog.refersion.com › the-instagram-guide-to-affiliate-marketing-8003...",
      "date": "Mar 27, 2018",
      "snippet": "According to Forester, Instagram has the highest engagement rate of the many social media platforms. This is precisely why affiliate Instagram ...",
      "cached_page_link": "https://webcache.googleusercontent.com/search?q=cache:IDYbJyeKFLQJ:https://blog.refersion.com/the-instagram-guide-to-affiliate-marketing-80036c175dcc+&cd=1&hl=en&ct=clnk&gl=us"
    },
    {
      "position": 2,
      "title": "How to Make Money On Instagram: A Comprehensive Guide",
      "link": "https://makeawebsitehub.com/how-to-make-money-on-instagram/",
      "displayed_link": "makeawebsitehub.com › how-to-make-money-on-instagram",
      "snippet": "Before you can start promoting affiliate links on your Instagram page, you will first need to sign up with some affiliate marketing programs. Let's take a look at ...",
      "cached_page_link": "https://webcache.googleusercontent.com/search?q=cache:MHid6DQ9IGMJ:https://makeawebsitehub.com/how-to-make-money-on-instagram/+&cd=2&hl=en&ct=clnk&gl=us"
    },
    {
      "position": 3,
      "title": "15 Creative Instagram Affiliate Marketing Methods",
      "link": "https://blog.commissionfactory.com/affiliate-marketing/instagram-affiliate-marketing-methods",
      "displayed_link": "blog.commissionfactory.com › affiliate-marketing › instagram-affiliat...",
      "date": "Nov 29, 2019",
      "snippet": "Affiliate marketing on Instagram has opened up the doors for brands and influencers to work creatively together. By utilising the power of word ...",
      "cached_page_link": "https://webcache.googleusercontent.com/search?q=cache:ytG144t5zMMJ:https://blog.commissionfactory.com/affiliate-marketing/instagram-affiliate-marketing-methods+&cd=3&hl=en&ct=clnk&gl=us"
    },
    {
      "position": 4,
      "title": "Instagram Affiliate Marketing: The Definitive Guide for ...",
      "link": "https://nealschaffer.com/instagram-affiliate-marketing/",
      "displayed_link": "nealschaffer.com › instagram-affiliate-marketing",
      "snippet": "Looking to leverage Instagram affiliate marketing as a brand or influencer? This guide will help you understand the potential from both perspectives.",
      "cached_page_link": "https://webcache.googleusercontent.com/search?q=cache:U7pymLY906kJ:https://nealschaffer.com/instagram-affiliate-marketing/+&cd=4&hl=en&ct=clnk&gl=us"
    },
    {
      "position": 5,
      "title": "The Ultimate Guide to Affiliate Links on Instagram - Owlmetrics",
      "link": "https://owlmetrics.com/blog/affiliate-links-on-instagram/",
      "displayed_link": "owlmetrics.com › blog › affiliate-links-on-instagram",
      "date": "Dec 13, 2017",
      "snippet": "Here's how you can develop a successful affiliate marketing program for Instagram.",
      "cached_page_link": "https://webcache.googleusercontent.com/search?q=cache:ms9LW0bQ0vQJ:https://owlmetrics.com/blog/affiliate-links-on-instagram/+&cd=5&hl=en&ct=clnk&gl=us"
    },
    {
      "position": 6,
      "title": "3 Ways Affiliates Can Monetize Instagram Channel ...",
      "link": "https://www.accelerationpartners.com/blog/3-ways-your-affiliate-influencers-can-monetize-their-instagram-channel/",
      "displayed_link": "www.accelerationpartners.com › blog › 3-ways-your-affiliate-influenc...",
      "date": "Oct 18, 2016",
      "snippet": "Most affiliates go beyond their blogs and websites and leverage their social media. Learn 3 ways affiliate influencers can monetize Instagram.",
      "cached_page_link": "https://webcache.googleusercontent.com/search?q=cache:-8dXMcjQr9MJ:https://www.accelerationpartners.com/blog/3-ways-your-affiliate-influencers-can-monetize-their-instagram-channel/+&cd=6&hl=en&ct=clnk&gl=us"
    },
    {
      "position": 7,
      "title": "10 Best Instagram Affiliate Programs To Monetise Your Profile ...",
      "link": "https://www.tomoson.com/blog/best-instagram-affiliate-programs/",
      "displayed_link": "www.tomoson.com › blog › best-instagram-affiliate-programs",
      "date": "Aug 7, 2019",
      "snippet": "So in this post, I will talk about the Best Instagram Affiliate program that you can use if you are interested in money or grow your business using ...",
      "cached_page_link": "https://webcache.googleusercontent.com/search?q=cache:uv8mcQ7y-iIJ:https://www.tomoson.com/blog/best-instagram-affiliate-programs/+&cd=7&hl=en&ct=clnk&gl=us"
    },
    {
      "position": 8,
      "title": "A Guide to Affiliate Links on Instagram - Gramista",
      "link": "https://gramista.com/blog/a-guide-to-affiliate-links-on-instagram",
      "displayed_link": "gramista.com › blog › a-guide-to-affiliate-links-on-instagram",
      "date": "Jul 4, 2017",
      "snippet": "Using affiliate links is a great way to monetize your Instagram account. If you're curious about affiliate links but aren't familiar with them, you've ...",
      "cached_page_link": "https://webcache.googleusercontent.com/search?q=cache:BOzqgdEOKtgJ:https://gramista.com/blog/a-guide-to-affiliate-links-on-instagram+&cd=8&hl=en&ct=clnk&gl=us"
    },
    {
      "position": 9,
      "title": "How To Make $200 Per Day INSTAGRAM AFFILIATE ...",
      "link": "https://www.youtube.com/watch?v=15mKkCrWpCg",
      "displayed_link": "www.youtube.com › watch",
      "date": "Mar 20, 2019",
      "snippet": "In this video Ryan Hildreth shows YOU how to make $200 per day Instagram Affiliate Marketing. Free Fitness Influencer Funnel: ...",
      "cached_page_link": "https://webcache.googleusercontent.com/search?q=cache:WuFnxBDBwxkJ:https://www.youtube.com/watch%3Fv%3D15mKkCrWpCg+&cd=9&hl=en&ct=clnk&gl=us"
    },
    {
      "position": 10,
      "title": "How To Earn Money On Instagram Through Affiliate Marketing ...",
      "link": "https://socialenablers.co/how-to-earn-money-on-instagram-through-affiliate-marketing/",
      "displayed_link": "socialenablers.co › Affiliate Marketing",
      "date": "Oct 5, 2018",
      "snippet": "For many people, Instagram is just another social media platform that enables them to interact with friends and share pictures. However, a ...",
      "cached_page_link": "https://webcache.googleusercontent.com/search?q=cache:HuqyaluR7nsJ:https://socialenablers.co/how-to-earn-money-on-instagram-through-affiliate-marketing/+&cd=10&hl=en&ct=clnk&gl=us"
    }
  ],
  "pagination": {
    "current": 1,
    "next": "https://www.google.com/search?q=affiliate+instagram&ei=ZwEnXsK3EYGqtQXa6I7QCg&start=10&sa=N&ved=2ahUKEwiCh6np6pTnAhUBVa0KHVq0A6oQ8NMDegQICxBA",
    "other_pages": {
      "2": "https://www.google.com/search?q=affiliate+instagram&ei=ZwEnXsK3EYGqtQXa6I7QCg&start=10&sa=N&ved=2ahUKEwiCh6np6pTnAhUBVa0KHVq0A6oQ8tMDegQICxAu",
      "3": "https://www.google.com/search?q=affiliate+instagram&ei=ZwEnXsK3EYGqtQXa6I7QCg&start=20&sa=N&ved=2ahUKEwiCh6np6pTnAhUBVa0KHVq0A6oQ8tMDegQICxAw",
      "4": "https://www.google.com/search?q=affiliate+instagram&ei=ZwEnXsK3EYGqtQXa6I7QCg&start=30&sa=N&ved=2ahUKEwiCh6np6pTnAhUBVa0KHVq0A6oQ8tMDegQICxAy",
      "5": "https://www.google.com/search?q=affiliate+instagram&ei=ZwEnXsK3EYGqtQXa6I7QCg&start=40&sa=N&ved=2ahUKEwiCh6np6pTnAhUBVa0KHVq0A6oQ8tMDegQICxA0",
      "6": "https://www.google.com/search?q=affiliate+instagram&ei=ZwEnXsK3EYGqtQXa6I7QCg&start=50&sa=N&ved=2ahUKEwiCh6np6pTnAhUBVa0KHVq0A6oQ8tMDegQICxA2",
      "7": "https://www.google.com/search?q=affiliate+instagram&ei=ZwEnXsK3EYGqtQXa6I7QCg&start=60&sa=N&ved=2ahUKEwiCh6np6pTnAhUBVa0KHVq0A6oQ8tMDegQICxA4",
      "8": "https://www.google.com/search?q=affiliate+instagram&ei=ZwEnXsK3EYGqtQXa6I7QCg&start=70&sa=N&ved=2ahUKEwiCh6np6pTnAhUBVa0KHVq0A6oQ8tMDegQICxA6",
      "9": "https://www.google.com/search?q=affiliate+instagram&ei=ZwEnXsK3EYGqtQXa6I7QCg&start=80&sa=N&ved=2ahUKEwiCh6np6pTnAhUBVa0KHVq0A6oQ8tMDegQICxA8",
      "10": "https://www.google.com/search?q=affiliate+instagram&ei=ZwEnXsK3EYGqtQXa6I7QCg&start=90&sa=N&ved=2ahUKEwiCh6np6pTnAhUBVa0KHVq0A6oQ8tMDegQICxA-"
    }
  },
  "serpapi_pagination": {
    "current": 1,
    "next_link": "https://serpapi.com/search.json?device=desktop&engine=google&google_domain=google.com&q=affiliate+instagram&start=10&token=158e117e6c6e0b6a",
    "next": "https://serpapi.com/search.json?device=desktop&engine=google&google_domain=google.com&q=affiliate+instagram&start=10&token=158e117e6c6e0b6a",
    "other_pages": {
      "2": "https://serpapi.com/search.json?device=desktop&engine=google&google_domain=google.com&q=affiliate+instagram&start=10&token=158e117e6c6e0b6a",
      "3": "https://serpapi.com/search.json?device=desktop&engine=google&google_domain=google.com&q=affiliate+instagram&start=20&token=2a300035821008ae",
      "4": "https://serpapi.com/search.json?device=desktop&engine=google&google_domain=google.com&q=affiliate+instagram&start=30&token=7a6a0d47632c2bb6",
      "5": "https://serpapi.com/search.json?device=desktop&engine=google&google_domain=google.com&q=affiliate+instagram&start=40&token=ebd1dd653f6cca66",
      "6": "https://serpapi.com/search.json?device=desktop&engine=google&google_domain=google.com&q=affiliate+instagram&start=50&token=e28244c8a928e9fe",
      "7": "https://serpapi.com/search.json?device=desktop&engine=google&google_domain=google.com&q=affiliate+instagram&start=60&token=24dc9292f5c5c9c4",
      "8": "https://serpapi.com/search.json?device=desktop&engine=google&google_domain=google.com&q=affiliate+instagram&start=70&token=f293549cf7faeb9b",
      "9": "https://serpapi.com/search.json?device=desktop&engine=google&google_domain=google.com&q=affiliate+instagram&start=80&token=6e51be2e13278aa3",
      "10": "https://serpapi.com/search.json?device=desktop&engine=google&google_domain=google.com&q=affiliate+instagram&start=90&token=ddcdbec4f3b49a57"
    }
  }
}