{
  "search_metadata": {
    "id": "",
    "status": "Success",
    "json_endpoint": "",
    "created_at": "2020-01-21 13:54:44 UTC",
    "processed_at": "2020-01-21 13:54:44 UTC",
    "google_url": "https://www.google.com/search?q=affiliate+antonym&oq=affiliate+antonym&sourceid=chrome&ie=UTF-8",
    "raw_html_file": "",
    "total_time_taken": 1.5
  },
  "search_parameters": {
    "engine": "google",
    "q": "affiliate antonym",
    "google_domain": "google.com",
    "device": "desktop"
  },
  "search_information": {
    "organic_results_state": "Results for exact spelling",
    "total_results": 235000,
    "time_taken_displayed": 0.4,
    "query_displayed": "affiliate antonym"
  },
  "knowledge_graph": {
    "see_more_about": []
  },
  "related_questions": [
    {
      "question": "What is an antonym for aghast?",
      "snippet": "Antonyms for (adjective) aghast Main entry: aghast, appalled, shocked, dismayed Definition: struck with fear, dread, or consternation. Antonyms: unafraid, fearless Definition: oblivious of dangers or perils or calmly resolute in facing them.",
      "title": "Antonyms for aghast | English Thesaurus",
      "link": "http://englishthesaurus.net/antonym/aghast",
      "displayed_link": "englishthesaurus.net › antonym › aghast"
    },
    {
      "question": "What is the synonym of associate?",
      "snippet": "cohort, companion, compatriot, compeer, comrade, crony, fellow, hobnobber, mate, running mate. Words Related to associate. colleague, coworker, equal, peer, workmate. accomplice, affiliate, ally, collaborator, confederate, half, partner. buddy, chum, confidant, familiar, friend, hearty, intimate, pal.",
      "title": "Synonyms and Antonyms of associate - Merriam-Webster",
      "link": "https://www.merriam-webster.com/thesaurus/associate",
      "displayed_link": "www.merriam-webster.com › thesaurus › associate"
    },
    {
      "question": "What is the synonym of compelled?",
      "snippet": "blackjack, coerce, constrain, dragoon, drive, force, impel, impress, make, muscle, obligate, oblige, press, pressure, sandbag. Words Related to compel. browbeat, bulldoze, bully, cow, hector, intimidate.",
      "title": "Compel Synonyms, Compel Antonyms | Merriam-Webster Thesaurus",
      "link": "https://www.merriam-webster.com/thesaurus/compel",
      "displayed_link": "www.merriam-webster.com › thesaurus › compel"
    },
    {
      "question": "What is the synonym of identify?",
      "snippet": "Words Related to identifylocate, pick out, place, recognize, spot.check, examine, inspect, investigate, notice, observe, scrutinize.betray, disclose, discover, reveal.",
      "title": "Identify Synonyms, Identify Antonyms | Merriam-Webster Thesaurus",
      "link": "https://www.merriam-webster.com/thesaurus/identify",
      "displayed_link": "www.merriam-webster.com › thesaurus › identify"
    }
  ],
  "answer_box": {
    "type": "organic_result",
    "title": "Antonym of affiliate - Synonyms.com",
    "link": "https://www.synonyms.com/antonyms/affiliate",
    "snippet": "affiliate. Antonyms: dismember, disannex, disaffiliate, sever, transplant, separate, disjoin, disunite. Synonyms: annex, graft, incorporate, unite, adopt, inoculate."
  },
  "organic_results": [
    {
      "position": 1,
      "title": "Affiliate Synonyms, Affiliate Antonyms | Thesaurus.com",
      "link": "https://www.thesaurus.com/browse/affiliate",
      "displayed_link": "www.thesaurus.com › browse › affiliate",
      "snippet": "Synonyms for affiliate at Thesaurus.com with free online thesaurus, antonyms, and definitions. Find descriptive alternatives for affiliate.",
      "cached_page_link": "https://webcache.googleusercontent.com/search?q=cache:_VFA7cou6ccJ:https://www.thesaurus.com/browse/affiliate+&cd=3&hl=en&ct=clnk&gl=us"
    },
    {
      "position": 2,
      "title": "Affiliate Synonyms | Merriam-Webster Thesaurus",
      "link": "https://www.merriam-webster.com/thesaurus/affiliate",
      "displayed_link": "www.merriam-webster.com › thesaurus › affiliate",
      "snippet": "5 synonyms of affiliate from the Merriam-Webster Thesaurus, plus 7 related words, definitions, and antonyms. Find another word for affiliate.",
      "cached_page_link": "https://webcache.googleusercontent.com/search?q=cache:6gNSOZekCGYJ:https://www.merriam-webster.com/thesaurus/affiliate+&cd=4&hl=en&ct=clnk&gl=us",
      "related_pages_link": "https://www.google.com/search?q=related:https://www.merriam-webster.com/thesaurus/affiliate+affiliate+antonym&tbo=1&sa=X&ved=2ahUKEwi4jYKB7JTnAhXCQs0KHeS6D-AQHzADegQIARAJ"
    },
    {
      "position": 3,
      "title": "Synonyms & Antonyms of affiliated - Merriam-Webster",
      "link": "https://www.merriam-webster.com/thesaurus/affiliated",
      "displayed_link": "www.merriam-webster.com › thesaurus › affiliated",
      "snippet": "4 synonyms of affiliated from the Merriam-Webster Thesaurus, plus 30 related words, definitions, and antonyms. Find another word for affiliated.",
      "cached_page_link": "https://webcache.googleusercontent.com/search?q=cache:YBJ51RSgAPoJ:https://www.merriam-webster.com/thesaurus/affiliated+&cd=5&hl=en&ct=clnk&gl=us",
      "related_pages_link": "https://www.google.com/search?q=related:https://www.merriam-webster.com/thesaurus/affiliated+affiliate+antonym&tbo=1&sa=X&ved=2ahUKEwi4jYKB7JTnAhXCQs0KHeS6D-AQHzAEegQIBRAJ"
    },
    {
      "position": 4,
      "title": "Antonym of affiliate - Synonyms.com",
      "link": "https://www.synonyms.com/antonyms/affiliate",
      "displayed_link": "www.synonyms.com › antonyms › affiliate",
      "snippet": "affiliate. Antonyms: dismember, disannex, disaffiliate, sever, transplant, separate, disjoin, disunite. Synonyms: annex, graft, incorporate, unite, adopt, inoculate.",
      "cached_page_link": "https://webcache.googleusercontent.com/search?q=cache:lSqNg-RW3YQJ:https://www.synonyms.com/antonyms/affiliate+&cd=6&hl=en&ct=clnk&gl=us"
    },
    {
      "position": 5,
      "title": "76 Affiliate Antonyms - Opposite of Affiliate - Power Thesaurus",
      "link": "https://www.powerthesaurus.org/affiliate/antonyms",
      "displayed_link": "www.powerthesaurus.org › affiliate › antonyms",
      "snippet": "Affiliate antonyms. Top antonyms for affiliate (opposite of affiliate) are separate, disaffiliate and enemy.",
      "cached_page_link": "https://webcache.googleusercontent.com/search?q=cache:iAprsWQ2aksJ:https://www.powerthesaurus.org/affiliate/antonyms+&cd=7&hl=en&ct=clnk&gl=us",
      "related_pages_link": "https://www.google.com/search?q=related:https://www.powerthesaurus.org/affiliate/antonyms+affiliate+antonym&tbo=1&sa=X&ved=2ahUKEwi4jYKB7JTnAhXCQs0KHeS6D-AQHzAGegQICBAJ"
    },
    {
      "position": 6,
      "title": "797 Affiliate Synonyms and 76 Affiliate Antonyms in Affiliate ...",
      "link": "https://www.powerthesaurus.org/affiliate",
      "displayed_link": "www.powerthesaurus.org › affiliate",
      "snippet": "Affiliate synonyms and Affiliate antonyms. Top synonym for affiliate (another word for affiliate) is associate.",
      "cached_page_link": "https://webcache.googleusercontent.com/search?q=cache:U8gJZAm2-ckJ:https://www.powerthesaurus.org/affiliate+&cd=8&hl=en&ct=clnk&gl=us",
      "related_pages_link": "https://www.google.com/search?q=related:https://www.powerthesaurus.org/affiliate+affiliate+antonym&tbo=1&sa=X&ved=2ahUKEwi4jYKB7JTnAhXCQs0KHeS6D-AQHzAHegQICRAJ"
    },
    {
      "position": 7,
      "title": "Synonyms and Antonyms for affiliate | Synonym.com",
      "link": "https://www.synonym.com/synonyms/affiliate",
      "displayed_link": "www.synonym.com › synonyms › affiliate",
      "snippet": "Synonym.com is the web's best resource for English synonyms, antonyms, and definitions.",
      "cached_page_link": "https://webcache.googleusercontent.com/search?q=cache:z14HPgJ4bBcJ:https://www.synonym.com/synonyms/affiliate+&cd=9&hl=en&ct=clnk&gl=us"
    },
    {
      "position": 8,
      "title": "What is the opposite of affiliate? - WordHippo",
      "link": "https://www.wordhippo.com/what-is/the-opposite-of/affiliate.html",
      "displayed_link": "www.wordhippo.com › Antonyms",
      "snippet": "Find 143 opposite words and antonyms for affiliate based on 5 separate contexts from our thesaurus.",
      "cached_page_link": "https://webcache.googleusercontent.com/search?q=cache:a5u6C7cS8-0J:https://www.wordhippo.com/what-is/the-opposite-of/affiliate.html+&cd=10&hl=en&ct=clnk&gl=us"
    },
    {
      "position": 9,
      "title": "8 Affiliate Antonyms. Full list of opposite words of affiliate.",
      "link": "https://thesaurus.plus/antonyms/affiliate",
      "displayed_link": "thesaurus.plus › antonyms › affiliate",
      "snippet": "8 Affiliate antonyms. What are opposite words of Affiliate? Separate, disjoin, disconnect. Full list of antonyms for Affiliate is here.",
      "cached_page_link": "https://webcache.googleusercontent.com/search?q=cache:Ife9Piur60kJ:https://thesaurus.plus/antonyms/affiliate+&cd=19&hl=en&ct=clnk&gl=us"
    },
    {
      "position": 10,
      "title": "Affiliate Synonyms | Collins English Thesaurus",
      "link": "https://www.collinsdictionary.com/dictionary/english-thesaurus/affiliate",
      "displayed_link": "www.collinsdictionary.com › dictionary › english-thesaurus › affiliate",
      "snippet": "Another word for affiliate: associate, unite, join, link, ally | Collins English Thesaurus.",
      "cached_page_link": "https://webcache.googleusercontent.com/search?q=cache:eYyTJXSNAKQJ:https://www.collinsdictionary.com/dictionary/english-thesaurus/affiliate+&cd=20&hl=en&ct=clnk&gl=us",
      "related_pages_link": "https://www.google.com/search?q=related:https://www.collinsdictionary.com/dictionary/english-thesaurus/affiliate+affiliate+antonym&tbo=1&sa=X&ved=2ahUKEwi4jYKB7JTnAhXCQs0KHeS6D-AQHzATegQIAhAJ"
    }
  ],
  "related_searches": [
    {
      "query": "affiliated antonym",
      "link": "https://www.google.com/search?q=affiliated+antonym&sa=X&ved=2ahUKEwi4jYKB7JTnAhXCQs0KHeS6D-AQ1QIoAHoECA0QAQ"
    },
    {
      "query": "affiliate sentence",
      "link": "https://www.google.com/search?q=affiliate+sentence&sa=X&ved=2ahUKEwi4jYKB7JTnAhXCQs0KHeS6D-AQ1QIoAXoECA0QAg"
    },
    {
      "query": "affiliate meaning",
      "link": "https://www.google.com/search?q=affiliate+meaning&sa=X&ved=2ahUKEwi4jYKB7JTnAhXCQs0KHeS6D-AQ1QIoAnoECA0QAw"
    },
    {
      "query": "affiliate noun antonym",
      "link": "https://www.google.com/search?q=affiliate+noun+antonym&sa=X&ved=2ahUKEwi4jYKB7JTnAhXCQs0KHeS6D-AQ1QIoA3oECA0QBA"
    },
    {
      "query": "aghast antonym",
      "link": "https://www.google.com/search?q=aghast+antonym&sa=X&ved=2ahUKEwi4jYKB7JTnAhXCQs0KHeS6D-AQ1QIoBHoECA0QBQ"
    },
    {
      "query": "affiliate synonym words",
      "link": "https://www.google.com/search?q=affiliate+synonym+words&sa=X&ved=2ahUKEwi4jYKB7JTnAhXCQs0KHeS6D-AQ1QIoBXoECA0QBg"
    },
    {
      "query": "associate synonym",
      "link": "https://www.google.com/search?q=associate+synonym&sa=X&ved=2ahUKEwi4jYKB7JTnAhXCQs0KHeS6D-AQ1QIoBnoECA0QBw"
    },
    {
      "query": "caveat antonym",
      "link": "https://www.google.com/search?q=caveat+antonym&sa=X&ved=2ahUKEwi4jYKB7JTnAhXCQs0KHeS6D-AQ1QIoB3oECA0QCA"
    }
  ],
  "pagination": {
    "current": 1,
    "next": "https://www.google.com/search?q=affiliate+antonym&ei=pQInXvimGcKFtQbk9b6ADg&start=10&sa=N&ved=2ahUKEwi4jYKB7JTnAhXCQs0KHeS6D-AQ8NMDegQIDhBA",
    "other_pages": {
      "2": "https://www.google.com/search?q=affiliate+antonym&ei=pQInXvimGcKFtQbk9b6ADg&start=10&sa=N&ved=2ahUKEwi4jYKB7JTnAhXCQs0KHeS6D-AQ8tMDegQIDhAu",
      "3": "https://www.google.com/search?q=affiliate+antonym&ei=pQInXvimGcKFtQbk9b6ADg&start=20&sa=N&ved=2ahUKEwi4jYKB7JTnAhXCQs0KHeS6D-AQ8tMDegQIDhAw",
      "4": "https://www.google.com/search?q=affiliate+antonym&ei=pQInXvimGcKFtQbk9b6ADg&start=30&sa=N&ved=2ahUKEwi4jYKB7JTnAhXCQs0KHeS6D-AQ8tMDegQIDhAy",
      "5": "https://www.google.com/search?q=affiliate+antonym&ei=pQInXvimGcKFtQbk9b6ADg&start=40&sa=N&ved=2ahUKEwi4jYKB7JTnAhXCQs0KHeS6D-AQ8tMDegQIDhA0",
      "6": "https://www.google.com/search?q=affiliate+antonym&ei=pQInXvimGcKFtQbk9b6ADg&start=50&sa=N&ved=2ahUKEwi4jYKB7JTnAhXCQs0KHeS6D-AQ8tMDegQIDhA2",
      "7": "https://www.google.com/search?q=affiliate+antonym&ei=pQInXvimGcKFtQbk9b6ADg&start=60&sa=N&ved=2ahUKEwi4jYKB7JTnAhXCQs0KHeS6D-AQ8tMDegQIDhA4",
      "8": "https://www.google.com/search?q=affiliate+antonym&ei=pQInXvimGcKFtQbk9b6ADg&start=70&sa=N&ved=2ahUKEwi4jYKB7JTnAhXCQs0KHeS6D-AQ8tMDegQIDhA6",
      "9": "https://www.google.com/search?q=affiliate+antonym&ei=pQInXvimGcKFtQbk9b6ADg&start=80&sa=N&ved=2ahUKEwi4jYKB7JTnAhXCQs0KHeS6D-AQ8tMDegQIDhA8",
      "10": "https://www.google.com/search?q=affiliate+antonym&ei=pQInXvimGcKFtQbk9b6ADg&start=90&sa=N&ved=2ahUKEwi4jYKB7JTnAhXCQs0KHeS6D-AQ8tMDegQIDhA-"
    }
  },
  "serpapi_pagination": {
    "current": 1,
    "next_link": "https://serpapi.com/search.json?device=desktop&engine=google&google_domain=google.com&q=affiliate+antonym&start=10&token=64c8b2ca7c4815d2",
    "next": "https://serpapi.com/search.json?device=desktop&engine=google&google_domain=google.com&q=affiliate+antonym&start=10&token=64c8b2ca7c4815d2",
    "other_pages": {
      "2": "https://serpapi.com/search.json?device=desktop&engine=google&google_domain=google.com&q=affiliate+antonym&start=10&token=64c8b2ca7c4815d2",
      "3": "https://serpapi.com/search.json?device=desktop&engine=google&google_domain=google.com&q=affiliate+antonym&start=20&token=2d79db65fd223b97",
      "4": "https://serpapi.com/search.json?device=desktop&engine=google&google_domain=google.com&q=affiliate+antonym&start=30&token=f0da8486eee3a758",
      "5": "https://serpapi.com/search.json?device=desktop&engine=google&google_domain=google.com&q=affiliate+antonym&start=40&token=713c86586bec570b",
      "6": "https://serpapi.com/search.json?device=desktop&engine=google&google_domain=google.com&q=affiliate+antonym&start=50&token=118c5cff145fa503",
      "7": "https://serpapi.com/search.json?device=desktop&engine=google&google_domain=google.com&q=affiliate+antonym&start=60&token=aef1e636d94c545d",
      "8": "https://serpapi.com/search.json?device=desktop&engine=google&google_domain=google.com&q=affiliate+antonym&start=70&token=c2f2e46810c901f0",
      "9": "https://serpapi.com/search.json?device=desktop&engine=google&google_domain=google.com&q=affiliate+antonym&start=80&token=7c7ba829d9158796",
      "10": "https://serpapi.com/search.json?device=desktop&engine=google&google_domain=google.com&q=affiliate+antonym&start=90&token=918b78a5361f5437"
    }
  }
}