{
  "search_metadata": {
    "id": "",
    "status": "Success",
    "json_endpoint": "",
    "created_at": "2020-01-21 14:45:43 UTC",
    "processed_at": "2020-01-21 14:45:43 UTC",
    "google_url": "https://www.google.com/search?q=affiliate+australia&oq=affiliate+australia&sourceid=chrome&ie=UTF-8",
    "raw_html_file": "",
    "total_time_taken": 1.46
  },
  "search_parameters": {
    "engine": "google",
    "q": "affiliate australia",
    "google_domain": "google.com",
    "device": "desktop"
  },
  "search_information": {
    "organic_results_state": "Results for exact spelling",
    "total_results": 485000000,
    "time_taken_displayed": 0.55,
    "query_displayed": "affiliate australia"
  },
  "knowledge_graph": {},
  "related_questions": [
    {
      "question": "What are the highest paying affiliate programs?",
      "snippet": "Fat referral fees. No matter how you say it, these affiliate marketing programs offer some of the highest commissions available....Highest paying affiliate programsSpocket Partner Program. ... ClickFunnels Affiliate Program. ... Wealthy Affiliate Program. ... Constant Contact. ... Media.net. ... Leadpages. ... Shopify Affiliate Program.More items...",
      "title": "The 67+ Best Affiliate Programs of 2019 (Highest Paying)",
      "link": "https://www.forexreferral.com/best-affiliate-programs",
      "displayed_link": "www.forexreferral.com › best-affiliate-programs"
    },
    {
      "question": "How do I become an affiliate?",
      "snippet": "StepsIdentify your niche. ... Purchase a dedicated web domain name. ... Put a website on your domain. ... Choose your affiliate marketing program. ... Create content for your site. ... Place affiliate links in appropriate places. ... Promote your site to your specified niche.Oct 7, 2018",
      "title": "How to Become an Internet Affiliate: 7 Steps (with Pictures)",
      "link": "https://www.wikihow.com/Become-an-Internet-Affiliate",
      "displayed_link": "www.wikihow.com › Become-an-Internet-Affiliate"
    },
    {
      "question": "Does Amazon Australia have an affiliate program?",
      "snippet": "As of early November, a new website for the Amazon Australia Affiliate Program came online but when the time of publishing came, the site only returns a blank page. Amazon only operates their Affiliate program in countries with a local Amazon marketplace website.Apr 24, 2018",
      "title": "What is an Amazon affiliate program? - Australian Seller",
      "link": "https://australianseller.com.au/what-is-an-amazon-affiliate-program/",
      "displayed_link": "australianseller.com.au › what-is-an-amazon-affiliate-program"
    },
    {
      "question": "Which is best affiliate program?",
      "snippet": "Let's get into the top 15 affiliate websites any level of blogger can benefit from.ShareASale Affiliates. ... Amazon Associates. ... eBay Partners. ... Shopify Affiliate Program. ... Clickbank. ... Rakuten Marketing Affiliates. ... Leadpages Partner Program. ... StudioPress Affiliate Website.More items...•Sep 27, 2019",
      "title": "Top 15 Affiliate Marketing Websites & Programs For 2019 | Solvid",
      "link": "https://solvid.co.uk/top-affiliate-marketing-websites-and-programs/",
      "displayed_link": "solvid.co.uk › top-affiliate-marketing-websites-and-programs"
    }
  ],
  "organic_results": [
    {
      "position": 1,
      "title": "Commission Factory: Affiliate Marketing Australia - Affiliate ...",
      "link": "https://www.commissionfactory.com/",
      "displayed_link": "www.commissionfactory.com",
      "snippet": "Commission Factory is everything you would expect from an affiliate network. We are Australia's leading affiliate marketing program providers.",
      "sitelinks": {
        "inline": [
          {
            "title": "FAQ's",
            "link": "https://www.commissionfactory.com/frequently-asked-questions"
          },
          {
            "title": "What is Affiliate Marketing?",
            "link": "https://www.commissionfactory.com/what-is-affiliate-marketing"
          },
          {
            "title": "Australia",
            "link": "https://www.commissionfactory.com/my"
          },
          {
            "title": "Contact Us",
            "link": "https://www.commissionfactory.com/contact-us"
          }
        ]
      },
      "cached_page_link": "https://webcache.googleusercontent.com/search?q=cache:otjV-2Cc1xsJ:https://www.commissionfactory.com/+&cd=1&hl=en&ct=clnk&gl=us",
      "related_pages_link": "https://www.google.com/search?q=related:https://www.commissionfactory.com/+affiliate+australia&tbo=1&sa=X&ved=2ahUKEwir-dKz95TnAhWxPH0KHU74ABMQHzAAegQIBBAH"
    },
    {
      "position": 2,
      "title": "Top 15+ Australian Affiliate Programs To Monetize Your Website",
      "link": "https://www.stayathomemum.com.au/work-at-home-ideas/top-15-australian-affiliate-programs-to-monetize-your-website/",
      "displayed_link": "www.stayathomemum.com.au › work-at-home-ideas › top-15-australi...",
      "snippet": "Affiliate marketing is promoting and selling other people's products, and taking a cut of the profit. Australian Affiliate Programs are only now really taking off with a ...",
      "cached_page_link": "https://webcache.googleusercontent.com/search?q=cache:RKnqVaOc1twJ:https://www.stayathomemum.com.au/work-at-home-ideas/top-15-australian-affiliate-programs-to-monetize-your-website/+&cd=2&hl=en&ct=clnk&gl=us"
    },
    {
      "position": 3,
      "title": "20 Top Australian Affiliate programs to make your blog money ...",
      "link": "https://www.digitalgrog.com.au/affiliate/20-top-brands-with-partner-affiliate-programs-to-make-you-money-in-2016/",
      "displayed_link": "www.digitalgrog.com.au › Affiliate",
      "date": "Jan 2, 2017",
      "snippet": "20 Top brands with affilate programs to make you money in 2019. ... This is what affiliate marketing and internet marketing is all about- selling online and making money. ... But first lets go ahead and check out some Australian affiliate programs that can make you money.",
      "cached_page_link": "https://webcache.googleusercontent.com/search?q=cache:Y0RxqYgzeeEJ:https://www.digitalgrog.com.au/affiliate/20-top-brands-with-partner-affiliate-programs-to-make-you-money-in-2016/+&cd=3&hl=en&ct=clnk&gl=us"
    },
    {
      "position": 4,
      "title": "AFFILIATE MARKETING AUSTRALIA - Affiliate Programs for ...",
      "link": "https://www.affiliatemarketingaustralia.com.au/",
      "displayed_link": "www.affiliatemarketingaustralia.com.au",
      "snippet": "Affiliate Marketing Australia review affiliate programs, software,tools and news from the world of affiliate marketing. This site is for global affiliate marketers not ...",
      "cached_page_link": "https://webcache.googleusercontent.com/search?q=cache:A7hRSjQ18GQJ:https://www.affiliatemarketingaustralia.com.au/+&cd=12&hl=en&ct=clnk&gl=us"
    },
    {
      "position": 5,
      "title": "Amazon.com.au Associates",
      "link": "https://affiliate-program.amazon.com.au/",
      "displayed_link": "affiliate-program.amazon.com.au",
      "snippet": "Learn more about the Amazon Affiliate Program. ... rates help you maximize your earnings. To join the program please visit the portal from a desktop computer.",
      "cached_page_link": "https://webcache.googleusercontent.com/search?q=cache:y5IAS-7U7w8J:https://affiliate-program.amazon.com.au/+&cd=13&hl=en&ct=clnk&gl=us"
    },
    {
      "position": 6,
      "title": "The 67+ Best Affiliate Programs of 2020 (Highest Paying)",
      "link": "https://www.forexreferral.com/best-affiliate-programs",
      "displayed_link": "www.forexreferral.com › best-affiliate-programs",
      "snippet": "Kinsta's affiliate program is one of the best and most beneficial in the hosting industry. After each referral they offer a one-time sign up bonus up to $500.",
      "cached_page_link": "https://webcache.googleusercontent.com/search?q=cache:1JNnul2vnJAJ:https://www.forexreferral.com/best-affiliate-programs+&cd=14&hl=en&ct=clnk&gl=us",
      "related_pages_link": "https://www.google.com/search?q=related:https://www.forexreferral.com/best-affiliate-programs+affiliate+australia&tbo=1&sa=X&ved=2ahUKEwir-dKz95TnAhWxPH0KHU74ABMQHzANegQIBhAJ"
    },
    {
      "position": 7,
      "title": "105 Best Affiliate Programs of 2020 (High Paying for Beginners)",
      "link": "https://www.adamenfroy.com/best-high-paying-affiliate-programs",
      "displayed_link": "www.adamenfroy.com › Blog › Make Money Online",
      "snippet": "The Bluehost affiliate program is super popular in the web hosting space. With their plans starting at $2.95/month and one-time payouts starting at $65+, the cost ...",
      "cached_page_link": "https://webcache.googleusercontent.com/search?q=cache:lbWWxpmw_CEJ:https://www.adamenfroy.com/best-high-paying-affiliate-programs+&cd=15&hl=en&ct=clnk&gl=us"
    },
    {
      "position": 8,
      "title": "30 of the Best Affiliate Programs That Pay the Highest ...",
      "link": "https://blog.hubspot.com/marketing/best-affiliate-programs",
      "displayed_link": "blog.hubspot.com › marketing › best-affiliate-programs",
      "date": "May 1, 2019",
      "snippet": "Wirecutter's affiliate program might make you doubt the legitimacy of Wirecutter's recommendations -- but, in fact, it's quite the opposite.",
      "cached_page_link": "https://webcache.googleusercontent.com/search?q=cache:cgoO3h_qjc4J:https://blog.hubspot.com/marketing/best-affiliate-programs+&cd=16&hl=en&ct=clnk&gl=us"
    },
    {
      "position": 9,
      "title": "CoolThings Australia Affiliate Program",
      "link": "https://www.coolthings.com.au/coolthings-australia-affiliate-program",
      "displayed_link": "www.coolthings.com.au › coolthings-australia-affiliate-program",
      "snippet": "Welcome to the CoolThings Australia affiliate program at CoolThings.com.au. Simply direct your traffic, whether Website, Email or Targeted PPC to ...",
      "cached_page_link": "https://webcache.googleusercontent.com/search?q=cache:zUWXOteDKLsJ:https://www.coolthings.com.au/coolthings-australia-affiliate-program+&cd=17&hl=en&ct=clnk&gl=us"
    },
    {
      "position": 10,
      "title": "Shopify Affiliate Marketing Program | Earn income for your ...",
      "link": "https://www.shopify.com/affiliates",
      "displayed_link": "www.shopify.com › affiliates",
      "snippet": "Sign up for the Shopify Affiliate Program and get up to $2000 per customer.",
      "cached_page_link": "https://webcache.googleusercontent.com/search?q=cache:4IGPnQKt6DEJ:https://www.shopify.com/affiliates+&cd=18&hl=en&ct=clnk&gl=us",
      "related_pages_link": "https://www.google.com/search?q=related:https://www.shopify.com/affiliates+affiliate+australia&tbo=1&sa=X&ved=2ahUKEwir-dKz95TnAhWxPH0KHU74ABMQHzARegQIBxAJ"
    }
  ],
  "related_search_boxes": [
    {
      "position": 1,
      "query": "Affiliate network listView 2+ moreView 2+",
      "results": []
    }
  ],
  "related_searches": [
    {
      "query": "affiliate marketing",
      "link": "https://www.google.com/search?q=affiliate+marketing&sa=X&ved=2ahUKEwir-dKz95TnAhWxPH0KHU74ABMQ1QIoAHoECAsQAQ"
    },
    {
      "query": "cj affiliate",
      "link": "https://www.google.com/search?q=cj+affiliate&sa=X&ved=2ahUKEwir-dKz95TnAhWxPH0KHU74ABMQ1QIoAXoECAsQAg"
    },
    {
      "query": "affiliate marketing programs",
      "link": "https://www.google.com/search?q=affiliate+marketing+programs&sa=X&ved=2ahUKEwir-dKz95TnAhWxPH0KHU74ABMQ1QIoAnoECAsQAw"
    },
    {
      "query": "best affiliate programs",
      "link": "https://www.google.com/search?q=best+affiliate+programs&sa=X&ved=2ahUKEwir-dKz95TnAhWxPH0KHU74ABMQ1QIoA3oECAsQBA"
    },
    {
      "query": "affiliate products",
      "link": "https://www.google.com/search?q=affiliate+products&sa=X&ved=2ahUKEwir-dKz95TnAhWxPH0KHU74ABMQ1QIoBHoECAsQBQ"
    },
    {
      "query": "affiliate institute",
      "link": "https://www.google.com/search?q=affiliate+institute&sa=X&ved=2ahUKEwir-dKz95TnAhWxPH0KHU74ABMQ1QIoBXoECAsQBg"
    },
    {
      "query": "online affiliate marketing",
      "link": "https://www.google.com/search?q=online+affiliate+marketing&sa=X&ved=2ahUKEwir-dKz95TnAhWxPH0KHU74ABMQ1QIoBnoECAsQBw"
    },
    {
      "query": "shareasale",
      "link": "https://www.google.com/search?q=shareasale&sa=X&ved=2ahUKEwir-dKz95TnAhWxPH0KHU74ABMQ1QIoB3oECAsQCA"
    }
  ],
  "pagination": {
    "current": 1,
    "next": "https://www.google.com/search?q=affiliate+australia&ei=mA4nXqvNF7H59APO8IOYAQ&start=10&sa=N&ved=2ahUKEwir-dKz95TnAhWxPH0KHU74ABMQ8NMDegQIDhBA",
    "other_pages": {
      "2": "https://www.google.com/search?q=affiliate+australia&ei=mA4nXqvNF7H59APO8IOYAQ&start=10&sa=N&ved=2ahUKEwir-dKz95TnAhWxPH0KHU74ABMQ8tMDegQIDhAu",
      "3": "https://www.google.com/search?q=affiliate+australia&ei=mA4nXqvNF7H59APO8IOYAQ&start=20&sa=N&ved=2ahUKEwir-dKz95TnAhWxPH0KHU74ABMQ8tMDegQIDhAw",
      "4": "https://www.google.com/search?q=affiliate+australia&ei=mA4nXqvNF7H59APO8IOYAQ&start=30&sa=N&ved=2ahUKEwir-dKz95TnAhWxPH0KHU74ABMQ8tMDegQIDhAy",
      "5": "https://www.google.com/search?q=affiliate+australia&ei=mA4nXqvNF7H59APO8IOYAQ&start=40&sa=N&ved=2ahUKEwir-dKz95TnAhWxPH0KHU74ABMQ8tMDegQIDhA0",
      "6": "https://www.google.com/search?q=affiliate+australia&ei=mA4nXqvNF7H59APO8IOYAQ&start=50&sa=N&ved=2ahUKEwir-dKz95TnAhWxPH0KHU74ABMQ8tMDegQIDhA2",
      "7": "https://www.google.com/search?q=affiliate+australia&ei=mA4nXqvNF7H59APO8IOYAQ&start=60&sa=N&ved=2ahUKEwir-dKz95TnAhWxPH0KHU74ABMQ8tMDegQIDhA4",
      "8": "https://www.google.com/search?q=affiliate+australia&ei=mA4nXqvNF7H59APO8IOYAQ&start=70&sa=N&ved=2ahUKEwir-dKz95TnAhWxPH0KHU74ABMQ8tMDegQIDhA6",
      "9": "https://www.google.com/search?q=affiliate+australia&ei=mA4nXqvNF7H59APO8IOYAQ&start=80&sa=N&ved=2ahUKEwir-dKz95TnAhWxPH0KHU74ABMQ8tMDegQIDhA8",
      "10": "https://www.google.com/search?q=affiliate+australia&ei=mA4nXqvNF7H59APO8IOYAQ&start=90&sa=N&ved=2ahUKEwir-dKz95TnAhWxPH0KHU74ABMQ8tMDegQIDhA-"
    }
  },
  "serpapi_pagination": {
    "current": 1,
    "next_link": "https://serpapi.com/search.json?device=desktop&engine=google&google_domain=google.com&q=affiliate+australia&start=10&token=c7ce55363a4ac679",
    "next": "https://serpapi.com/search.json?device=desktop&engine=google&google_domain=google.com&q=affiliate+australia&start=10&token=c7ce55363a4ac679",
    "other_pages": {
      "2": "https://serpapi.com/search.json?device=desktop&engine=google&google_domain=google.com&q=affiliate+australia&start=10&token=c7ce55363a4ac679",
      "3": "https://serpapi.com/search.json?device=desktop&engine=google&google_domain=google.com&q=affiliate+australia&start=20&token=d551c103866d19f9",
      "4": "https://serpapi.com/search.json?device=desktop&engine=google&google_domain=google.com&q=affiliate+australia&start=30&token=1ecffa9c920f2c07",
      "5": "https://serpapi.com/search.json?device=desktop&engine=google&google_domain=google.com&q=affiliate+australia&start=40&token=ad8ea09a0b23f58c",
      "6": "https://serpapi.com/search.json?device=desktop&engine=google&google_domain=google.com&q=affiliate+australia&start=50&token=18bf8afa4b23e47f",
      "7": "https://serpapi.com/search.json?device=desktop&engine=google&google_domain=google.com&q=affiliate+australia&start=60&token=c6efcfb95a6745cf",
      "8": "https://serpapi.com/search.json?device=desktop&engine=google&google_domain=google.com&q=affiliate+australia&start=70&token=77b55b4d76a94a43",
      "9": "https://serpapi.com/search.json?device=desktop&engine=google&google_domain=google.com&q=affiliate+australia&start=80&token=ec99cd334d9cf1f5",
      "10": "https://serpapi.com/search.json?device=desktop&engine=google&google_domain=google.com&q=affiliate+australia&start=90&token=6cd42bb0f32514dd"
    }
  }
}