{
  "search_metadata": {
    "id": "",
    "status": "Success",
    "json_endpoint": "",
    "created_at": "2020-01-21 14:16:03 UTC",
    "processed_at": "2020-01-21 14:16:03 UTC",
    "google_url": "https://www.google.com/search?q=affiliate+programs+in+nigeria&oq=affiliate+programs+in+nigeria&sourceid=chrome&ie=UTF-8",
    "raw_html_file": "",
    "total_time_taken": 2.54
  },
  "search_parameters": {
    "engine": "google",
    "q": "affiliate programs in nigeria",
    "google_domain": "google.com",
    "device": "desktop"
  },
  "search_information": {
    "organic_results_state": "Results for exact spelling",
    "total_results": 6380000,
    "time_taken_displayed": 0.52,
    "query_displayed": "affiliate programs in nigeria"
  },
  "knowledge_graph": {
    "see_more_about": [
      {
        "title": null
      }
    ]
  },
  "related_questions": [
    {
      "question": "How do I start an affiliate program?",
      "snippet": "Here's How to Start Affiliate Marketing on Your Blog in 8 Steps:Step 1: Create a Website or A Blog.Step 2: Choose an Industry, and then Niche Down.Step 3: Research Products in Your Niche that You Can Review.Step 4: Sign Up for the Amazon Affiliate Program.More items...•Jan 25, 2019",
      "title": "How to Start Affiliate Marketing for Beginners (A Step by Step Guide)",
      "link": "https://www.locationrebel.com/how-to-start-affiliate-marketing/",
      "displayed_link": "www.locationrebel.com › how-to-start-affiliate-marketing"
    },
    {
      "question": "How do I become a Clickfunnels affiliate?",
      "snippet": "Suggested clip · 56 secondsHow To Become A Clickfunnels Affiliate - YouTubeYouTubeStart of suggested clipEnd of suggested clip",
      "title": "How To Become A Clickfunnels Affiliate - YouTube",
      "link": "https://www.youtube.com/watch?v=J9JwahNhKEM",
      "displayed_link": "www.youtube.com › watch"
    },
    {
      "question": "Does JVZoo accept Nigeria?",
      "snippet": "JVZoo affiliate program is very similar to ClickBank but too bad Nigeria is blacklisted. That is, you can register for ClickBank from Nigeria, you won't get accepted. JVZoo is known for one thing and that's digital products. ... However, being an affiliate on JVZoo means you can only get paid via PayPal.Feb 11, 2019",
      "title": "30+ Hot Paying Affiliate Programs In Nigeria –[Earn In Dollars From ...",
      "link": "https://torchbankz.com/affiliate-programs-nigeria",
      "displayed_link": "torchbankz.com › affiliate-programs-nigeria"
    },
    {
      "question": "How do I become a jumia affiliate?",
      "snippet": "To get started, go to : https://www.jumia.com/affiliate-program/ and click on the “become an affiliate” button. Complete the short application form to get started earning commissions from Jumia. If accepted, you will get a confirmation from Jumia with your account information.Jan 19, 2018",
      "title": "Jumia Affiliate Program: How To Apply and Start Making Money ...",
      "link": "https://www.ogbongeblog.com/jumia-affiliate-program-how-to-apply.html",
      "displayed_link": "www.ogbongeblog.com › jumia-affiliate-program-how-to-apply"
    }
  ],
  "answer_box": {
    "type": "organic_result",
    "title": "Top Affiliate Marketing Programs in Nigeria With High ...",
    "link": "https://digitalmarketingskill.com/affiliate-marketing-programs-nigeria/",
    "snippet": "Best Affiliate Marketing Programs in NigeriaJumia Affiliate Program.Konga Affiliate Program.Web4Africa Affiliate Program.Wakanow Affiliate Program.WhoGoHost Affiliate Program.Travelstart Affiliate Program.Grammarly Affiliate Program.Aliexpress Affiliate Program.More items..."
  },
  "organic_results": [
    {
      "position": 1,
      "title": "Top Affiliate Marketing Programs in Nigeria With High ...",
      "link": "https://digitalmarketingskill.com/affiliate-marketing-programs-nigeria/",
      "displayed_link": "digitalmarketingskill.com › affiliate-marketing-programs-nigeria",
      "snippet": "Best Affiliate Marketing Programs in Nigeria. Jumia Affiliate Program. Konga Affiliate Program. Web4Africa Affiliate Program. Wakanow Affiliate Program. WhoGoHost Affiliate Program. Travelstart Affiliate Program. Grammarly Affiliate Program. Aliexpress Affiliate Program.",
      "sitelinks": {
        "inline": [
          {
            "title": "5 Reasons why you need ...",
            "link": "https://digitalmarketingskill.com/affiliate-marketing-programs-nigeria/#5_Reasons_why_you_need_to_start_affiliate_marketing_in_Nigeria"
          },
          {
            "title": "2. Affiliate Marketing ...",
            "link": "https://digitalmarketingskill.com/affiliate-marketing-programs-nigeria/#2_Affiliate_Marketing_Programs_Earn_An_Income_Quickly"
          },
          {
            "title": "Best Affiliate Marketing ...",
            "link": "https://digitalmarketingskill.com/affiliate-marketing-programs-nigeria/#Best_Affiliate_Marketing_Programs_in_Nigeria"
          }
        ]
      },
      "cached_page_link": "https://webcache.googleusercontent.com/search?q=cache:EveQFNBIfn8J:https://digitalmarketingskill.com/affiliate-marketing-programs-nigeria/+&cd=3&hl=en&ct=clnk&gl=us"
    },
    {
      "position": 2,
      "title": "30+ Hot Paying Affiliate Programs In Nigeria –[Earn In Dollars ...",
      "link": "https://torchbankz.com/affiliate-programs-nigeria",
      "displayed_link": "torchbankz.com › affiliate-programs-nigeria",
      "date": "Nov 1, 2019",
      "snippet": "Choose from over 30 hot paying affiliate programs in Nigeria that can make you millions in few months and boost your affiliate marketing in ...",
      "cached_page_link": "https://webcache.googleusercontent.com/search?q=cache:3wnWOA29Rb0J:https://torchbankz.com/affiliate-programs-nigeria+&cd=4&hl=en&ct=clnk&gl=us"
    },
    {
      "position": 3,
      "title": "How To Make Money With Affiliate Marketing Programs In ...",
      "link": "https://invoice.ng/blog/affiliate-marketing-nigeria/",
      "displayed_link": "invoice.ng › blog › affiliate-marketing-nigeria",
      "snippet": "With Jumia Affiliate Program, you can earn up to 11% commission on every sale. Jumia Affiliate Program is the most reputable affiliate program in Nigeria ...",
      "cached_page_link": "https://webcache.googleusercontent.com/search?q=cache:utCGMwLlNIkJ:https://invoice.ng/blog/affiliate-marketing-nigeria/+&cd=5&hl=en&ct=clnk&gl=us"
    },
    {
      "position": 4,
      "title": "12 Best Affiliate Marketing Programs for Nigerians in 2019 |",
      "link": "https://webincomeplus.com/best-affiliate-marketing-programs-nigeria/",
      "displayed_link": "webincomeplus.com › Affiliate marketing",
      "date": "Aug 12, 2019",
      "snippet": "Many Nigerian companies now run affiliate programs. And with services like Payoneer to the rescue, Nigerians can now participate in foreign ...",
      "cached_page_link": "https://webcache.googleusercontent.com/search?q=cache:e2fy0pqFSQAJ:https://webincomeplus.com/best-affiliate-marketing-programs-nigeria/+&cd=14&hl=en&ct=clnk&gl=us"
    },
    {
      "position": 5,
      "title": "Affiliate Marketing in Nigeria (2020 Latest Secrets and Tips)",
      "link": "https://dapsdigital.com/affiliate-marketing-nigeria/",
      "displayed_link": "dapsdigital.com › affiliate-marketing-nigeria",
      "date": "Jump to Few Affiliate Programs that work In Nigeria.",
      "snippet": "Before now, Affiliate Marketing in Nigeria seems to ... Here are a little few you should consider:",
      "cached_page_link": "https://webcache.googleusercontent.com/search?q=cache:S_YFO_201GcJ:https://dapsdigital.com/affiliate-marketing-nigeria/+&cd=15&hl=en&ct=clnk&gl=us"
    },
    {
      "position": 6,
      "title": "Free Affiliate Program Nigeria - Best Associate Program. Make ...",
      "link": "http://www.nigeriaportablecabins.com/affiliate-program.html",
      "displayed_link": "www.nigeriaportablecabins.com › affiliate-program",
      "snippet": "Free affiliate program for residents of Nigeria and Africa. Business opportunity where any serious sales person or marketer can make money. Free to join.",
      "cached_page_link": "http://webcache.googleusercontent.com/search?q=cache:8uySPMctWawJ:www.nigeriaportablecabins.com/affiliate-program.html+&cd=16&hl=en&ct=clnk&gl=us",
      "related_pages_link": "https://www.google.com/search?q=related:www.nigeriaportablecabins.com/affiliate-program.html+affiliate+programs+in+nigeria&tbo=1&sa=X&ved=2ahUKEwjCxL_i8JTnAhW8KqYKHQlbDiwQHzAPegQIBxAJ"
    },
    {
      "position": 7,
      "title": "Best affiliate programs in Nigeria ▷ Legit.ng",
      "link": "https://www.legit.ng/1129444-best-affiliate-programs-nigeria.html",
      "displayed_link": "www.legit.ng › ✔ Ask Legit",
      "date": "Oct 10, 2017",
      "snippet": "Affiliate programs are one of the most secure and dependable ways of earning money online in Nigeria. Even more so, with the right approach, ...",
      "cached_page_link": "https://webcache.googleusercontent.com/search?q=cache:8YqfOeUyyRkJ:https://www.legit.ng/1129444-best-affiliate-programs-nigeria.html+&cd=17&hl=en&ct=clnk&gl=us"
    },
    {
      "position": 8,
      "title": "10 Best Affiliate Programs In Nigeria to Make Money Fast ...",
      "link": "https://www.gbolamedia.com/2019/04/best-affiliate-programs-in-nigeria.html",
      "displayed_link": "www.gbolamedia.com › 2019/04 › best-affiliate-programs-in-nigeria",
      "snippet": "Affiliate marketing is a sure-fire way of making money online in Nigeria, no matter who you are. This is why I've decided to share the best affiliate programs in ...",
      "cached_page_link": "https://webcache.googleusercontent.com/search?q=cache:7WdNIG-3cAEJ:https://www.gbolamedia.com/2019/04/best-affiliate-programs-in-nigeria.html+&cd=18&hl=en&ct=clnk&gl=us"
    },
    {
      "position": 9,
      "title": "Best affiliate programs in Nigeria (2020) - MakeMoney.ng",
      "link": "https://www.makemoney.ng/best-affiliate-programs-in-nigeria/",
      "displayed_link": "www.makemoney.ng › Affiliate Marketing",
      "snippet": "Find the best affiliate programs in Nigeria that you can start promoting to earn income. These affiliate program actually works!",
      "cached_page_link": "https://webcache.googleusercontent.com/search?q=cache:6nS0MGLVz9cJ:https://www.makemoney.ng/best-affiliate-programs-in-nigeria/+&cd=19&hl=en&ct=clnk&gl=us"
    },
    {
      "position": 10,
      "title": "Affiliate Program | become an Affiliate Garanntor Nigeria",
      "link": "https://www.garanntor.ng/affiliate-program/",
      "displayed_link": "www.garanntor.ng › affiliate-program",
      "snippet": "Garanntor - Earn extra money with selling domains, hosting and more through our affiliate marketing programs. Contact us today!",
      "cached_page_link": "https://webcache.googleusercontent.com/search?q=cache:PTBzBE238WgJ:https://www.garanntor.ng/affiliate-program/+&cd=20&hl=en&ct=clnk&gl=us"
    }
  ],
  "related_search_boxes": [
    {
      "position": 1,
      "query": "Best affiliate marketing sites",
      "results": []
    }
  ],
  "related_searches": [
    {
      "query": "pay per click affiliate programs in nigeria",
      "link": "https://www.google.com/search?q=pay+per+click+affiliate+programs+in+nigeria&sa=X&ved=2ahUKEwjCxL_i8JTnAhW8KqYKHQlbDiwQ1QIoAHoECAsQAQ"
    },
    {
      "query": "payporte affiliate program.",
      "link": "https://www.google.com/search?q=payporte+affiliate+program.&sa=X&ved=2ahUKEwjCxL_i8JTnAhW8KqYKHQlbDiwQ1QIoAXoECAsQAg"
    },
    {
      "query": "list of affiliate companies in nigeria",
      "link": "https://www.google.com/search?q=list+of+affiliate+companies+in+nigeria&sa=X&ved=2ahUKEwjCxL_i8JTnAhW8KqYKHQlbDiwQ1QIoAnoECAsQAw"
    },
    {
      "query": "amazon affiliate program in nigeria",
      "link": "https://www.google.com/search?q=amazon+affiliate+program+in+nigeria&sa=X&ved=2ahUKEwjCxL_i8JTnAhW8KqYKHQlbDiwQ1QIoA3oECAsQBA"
    },
    {
      "query": "affiliate marketing in nigeria pdf",
      "link": "https://www.google.com/search?q=affiliate+marketing+in+nigeria+pdf&sa=X&ved=2ahUKEwjCxL_i8JTnAhW8KqYKHQlbDiwQ1QIoBHoECAsQBQ"
    },
    {
      "query": "affiliate programs that pay daily",
      "link": "https://www.google.com/search?q=affiliate+programs+that+pay+daily&sa=X&ved=2ahUKEwjCxL_i8JTnAhW8KqYKHQlbDiwQ1QIoBXoECAsQBg"
    },
    {
      "query": "bet9ja affiliate program",
      "link": "https://www.google.com/search?q=bet9ja+affiliate+program&sa=X&ved=2ahUKEwjCxL_i8JTnAhW8KqYKHQlbDiwQ1QIoBnoECAsQBw"
    },
    {
      "query": "vconnect affiliate program",
      "link": "https://www.google.com/search?q=vconnect+affiliate+program&sa=X&ved=2ahUKEwjCxL_i8JTnAhW8KqYKHQlbDiwQ1QIoB3oECAsQCA"
    }
  ],
  "pagination": {
    "current": 1,
    "next": "https://www.google.com/search?q=affiliate+programs+in+nigeria&ei=owcnXoLnI7zVmAWJtrngAg&start=10&sa=N&ved=2ahUKEwjCxL_i8JTnAhW8KqYKHQlbDiwQ8NMDegQIDxBA",
    "other_pages": {
      "2": "https://www.google.com/search?q=affiliate+programs+in+nigeria&ei=owcnXoLnI7zVmAWJtrngAg&start=10&sa=N&ved=2ahUKEwjCxL_i8JTnAhW8KqYKHQlbDiwQ8tMDegQIDxAu",
      "3": "https://www.google.com/search?q=affiliate+programs+in+nigeria&ei=owcnXoLnI7zVmAWJtrngAg&start=20&sa=N&ved=2ahUKEwjCxL_i8JTnAhW8KqYKHQlbDiwQ8tMDegQIDxAw",
      "4": "https://www.google.com/search?q=affiliate+programs+in+nigeria&ei=owcnXoLnI7zVmAWJtrngAg&start=30&sa=N&ved=2ahUKEwjCxL_i8JTnAhW8KqYKHQlbDiwQ8tMDegQIDxAy",
      "5": "https://www.google.com/search?q=affiliate+programs+in+nigeria&ei=owcnXoLnI7zVmAWJtrngAg&start=40&sa=N&ved=2ahUKEwjCxL_i8JTnAhW8KqYKHQlbDiwQ8tMDegQIDxA0",
      "6": "https://www.google.com/search?q=affiliate+programs+in+nigeria&ei=owcnXoLnI7zVmAWJtrngAg&start=50&sa=N&ved=2ahUKEwjCxL_i8JTnAhW8KqYKHQlbDiwQ8tMDegQIDxA2",
      "7": "https://www.google.com/search?q=affiliate+programs+in+nigeria&ei=owcnXoLnI7zVmAWJtrngAg&start=60&sa=N&ved=2ahUKEwjCxL_i8JTnAhW8KqYKHQlbDiwQ8tMDegQIDxA4",
      "8": "https://www.google.com/search?q=affiliate+programs+in+nigeria&ei=owcnXoLnI7zVmAWJtrngAg&start=70&sa=N&ved=2ahUKEwjCxL_i8JTnAhW8KqYKHQlbDiwQ8tMDegQIDxA6",
      "9": "https://www.google.com/search?q=affiliate+programs+in+nigeria&ei=owcnXoLnI7zVmAWJtrngAg&start=80&sa=N&ved=2ahUKEwjCxL_i8JTnAhW8KqYKHQlbDiwQ8tMDegQIDxA8",
      "10": "https://www.google.com/search?q=affiliate+programs+in+nigeria&ei=owcnXoLnI7zVmAWJtrngAg&start=90&sa=N&ved=2ahUKEwjCxL_i8JTnAhW8KqYKHQlbDiwQ8tMDegQIDxA-"
    }
  },
  "serpapi_pagination": {
    "current": 1,
    "next_link": "https://serpapi.com/search.json?device=desktop&engine=google&google_domain=google.com&q=affiliate+programs+in+nigeria&start=10&token=c6b3eea9efd078b1",
    "next": "https://serpapi.com/search.json?device=desktop&engine=google&google_domain=google.com&q=affiliate+programs+in+nigeria&start=10&token=c6b3eea9efd078b1",
    "other_pages": {
      "2": "https://serpapi.com/search.json?device=desktop&engine=google&google_domain=google.com&q=affiliate+programs+in+nigeria&start=10&token=c6b3eea9efd078b1",
      "3": "https://serpapi.com/search.json?device=desktop&engine=google&google_domain=google.com&q=affiliate+programs+in+nigeria&start=20&token=2d8ceedfe4f4b51b",
      "4": "https://serpapi.com/search.json?device=desktop&engine=google&google_domain=google.com&q=affiliate+programs+in+nigeria&start=30&token=d1673384f80de272",
      "5": "https://serpapi.com/search.json?device=desktop&engine=google&google_domain=google.com&q=affiliate+programs+in+nigeria&start=40&token=e3c4c4d001d97fca",
      "6": "https://serpapi.com/search.json?device=desktop&engine=google&google_domain=google.com&q=affiliate+programs+in+nigeria&start=50&token=37d06f6639babf4b",
      "7": "https://serpapi.com/search.json?device=desktop&engine=google&google_domain=google.com&q=affiliate+programs+in+nigeria&start=60&token=fc49cd2f33c4c04e",
      "8": "https://serpapi.com/search.json?device=desktop&engine=google&google_domain=google.com&q=affiliate+programs+in+nigeria&start=70&token=bc147da72b1052eb",
      "9": "https://serpapi.com/search.json?device=desktop&engine=google&google_domain=google.com&q=affiliate+programs+in+nigeria&start=80&token=78473c9e472ee4bf",
      "10": "https://serpapi.com/search.json?device=desktop&engine=google&google_domain=google.com&q=affiliate+programs+in+nigeria&start=90&token=3ce68d1f3e3e6e9c"
    }
  }
}