{
  "search_metadata": {
    "id": "",
    "status": "Success",
    "json_endpoint": "",
    "created_at": "2020-01-21 13:56:32 UTC",
    "processed_at": "2020-01-21 13:56:32 UTC",
    "google_url": "https://www.google.com/search?q=affiliate+app&oq=affiliate+app&sourceid=chrome&ie=UTF-8",
    "raw_html_file": "",
    "total_time_taken": 1.53
  },
  "search_parameters": {
    "engine": "google",
    "q": "affiliate app",
    "google_domain": "google.com",
    "device": "desktop"
  },
  "search_information": {
    "organic_results_state": "Results for exact spelling",
    "total_results": 643000000,
    "time_taken_displayed": 0.41,
    "query_displayed": "affiliate app"
  },
  "knowledge_graph": {},
  "related_questions": [
    {
      "question": "What is an affiliate app?",
      "snippet": "Apple App Store Affiliate is an affiliate program from Apple Inc. for online publishers to earn commissions on advertising digital content hosted on the Apple App Store.19 sep. 2019",
      "title": "Top Mobile Affiliate Networks (2019) - Business of Apps",
      "link": "https://www.businessofapps.com/guide/mobile-affiliate-networks/",
      "displayed_link": "https://www.businessofapps.com › guide › mobile-affiliate-networks"
    },
    {
      "question": "What brands have affiliate programs?",
      "snippet": "These are some of the most commonly used affiliate networks, and ones that manage affiliate programs for well-known brands.Awin.CJ Affiliate.FlexOffers.Rakuten Marketing.RewardStyle.ShareASale.ShopStyle Collective.VigLink.7 ago. 2018",
      "title": "100+ Best Affiliate Programs For Ecommerce Entrepreneurs (+ ...",
      "link": "https://www.abetterlemonadestand.com/affiliate-programs/",
      "displayed_link": "https://www.abetterlemonadestand.com › affiliate-programs"
    },
    {
      "question": "Can I do affiliate marketing on Shopify?",
      "snippet": "What is affiliate marketing? Well, take it from Shopify's own encyclopedia entry: Affiliate marketing is an online sales tactic that lets a product owner increase sales by allowing others targeting the same audience — “affiliates” — to earn a commission by recommending the product to others.19 sep. 2018",
      "title": "Can you do affiliate marketing on Shopify? (Spoilers: yes!) - Refersion",
      "link": "https://blog.refersion.com/can-you-do-affiliate-marketing-on-shopify-spoilers-yes-12c4cca15228",
      "displayed_link": "https://blog.refersion.com › can-you-do-affiliate-marketing-on-shopify-spoil..."
    },
    {
      "question": "Does Netflix have an affiliate program?",
      "snippet": "That is because Netflix does not need an affiliate program and so it canceled its affiliate program a long time ago. Affiliate marketing programs like Walmart's Affiliate Program are a way of bringing in more customers via referrals, mainly online referrals.2 abr. 2019",
      "title": "Netflix Affiliate Program: How Do You Join? | MeiggsMedia",
      "link": "https://www.meiggsmedia.com/netflix-affiliate-program/",
      "displayed_link": "https://www.meiggsmedia.com › netflix-affiliate-program"
    }
  ],
  "organic_results": [
    {
      "position": 1,
      "title": "Affiliate programs apps on Shopify Ecommerce App Store.",
      "link": "https://apps.shopify.com/browse/marketing-affiliate-programs",
      "displayed_link": "https://apps.shopify.com › browse › marketing-affiliat...",
      "date": "Results 1 24 of 37",
      "snippet": "Affiliate programs apps for your Shopify ecommerce store. Affiliate programs plugins developed by Shopify geeks and our partners. Shopify ...",
      "cached_page_link": "https://webcache.googleusercontent.com/search?q=cache:IGS8hxGo464J:https://apps.shopify.com/browse/marketing-affiliate-programs+&cd=1&hl=es-419&ct=clnk&gl=ec"
    },
    {
      "position": 2,
      "title": "Top Affiliate Programs (2019) - Business of Apps",
      "link": "https://www.businessofapps.com/guide/affiliate-programs/",
      "displayed_link": "https://www.businessofapps.com › guide › affiliate-pro...",
      "date": "8 ene. 2020",
      "snippet": "In today's affiliate marketing the most popular types are game offers, casino offers, app offers, dating offers and nutra offers. The most ...",
      "sitelinks": {
        "inline": [
          {
            "title": "Twitch Affiliate & Partner ...",
            "link": "https://www.businessofapps.com/guide/affiliate-programs/#1"
          },
          {
            "title": "Amazon Associates",
            "link": "https://www.businessofapps.com/guide/affiliate-programs/#3"
          },
          {
            "title": "Skyscanner Affiliate Program",
            "link": "https://www.businessofapps.com/guide/affiliate-programs/#10"
          }
        ]
      },
      "cached_page_link": "https://webcache.googleusercontent.com/search?q=cache:NhEVc5Qra2cJ:https://www.businessofapps.com/guide/affiliate-programs/+&cd=10&hl=es-419&ct=clnk&gl=ec"
    },
    {
      "position": 3,
      "title": "Top Mobile Affiliate Networks (2019) - Business of Apps",
      "link": "https://www.businessofapps.com/guide/mobile-affiliate-networks/",
      "displayed_link": "https://www.businessofapps.com › guide › mobile-affil...",
      "date": "14 ene. 2020",
      "snippet": "A mobile affiliate network is a mobile platform that serves as a middleman solution between mobile advertisers, such as mobile app owners or ...",
      "sitelinks": {
        "inline": [
          {
            "title": "Amazon Mobile Associates",
            "link": "https://www.businessofapps.com/guide/mobile-affiliate-networks/#1"
          },
          {
            "title": "CrakRevenue",
            "link": "https://www.businessofapps.com/guide/mobile-affiliate-networks/#7"
          },
          {
            "title": "Clickbooth",
            "link": "https://www.businessofapps.com/guide/mobile-affiliate-networks/#8"
          },
          {
            "title": "Mobvista",
            "link": "https://www.businessofapps.com/guide/mobile-affiliate-networks/#13"
          }
        ]
      },
      "cached_page_link": "https://webcache.googleusercontent.com/search?q=cache:ldS4X51t-ToJ:https://www.businessofapps.com/guide/mobile-affiliate-networks/+&cd=11&hl=es-419&ct=clnk&gl=ec"
    },
    {
      "position": 4,
      "title": "App Affiliate Programs - High Paying Affiliate Programs",
      "link": "https://highpayingaffiliateprograms.com/app-affiliate-programs/",
      "displayed_link": "https://highpayingaffiliateprograms.com › app-affiliate...",
      "snippet": "Apps are red hot and have not even come close to their potential. A lot of money is being made in the app affiliate program space. Get in now.",
      "sitelinks": {
        "inline": [
          {
            "title": "App Affiliate Programs",
            "link": "https://highpayingaffiliateprograms.com/app-affiliate-programs/#App_Affiliate_Programs"
          },
          {
            "title": "Featured App Affiliate ...",
            "link": "https://highpayingaffiliateprograms.com/app-affiliate-programs/#Featured_App_Affiliate_Program"
          }
        ]
      },
      "cached_page_link": "https://webcache.googleusercontent.com/search?q=cache:1J_MFowN99IJ:https://highpayingaffiliateprograms.com/app-affiliate-programs/+&cd=12&hl=es-419&ct=clnk&gl=ec"
    },
    {
      "position": 5,
      "title": "Top 10 Mobile App Affiliate Programs To Cash In On The ...",
      "link": "https://onemorecupof-coffee.com/best-mobile-app-affiliate-programs/",
      "displayed_link": "https://onemorecupof-coffee.com › best-mobile-app-af...",
      "date": "20 nov. 2018",
      "snippet": "10 Impressive Mobile App Affiliate Programs To Earn Great Bonuses and Rewards For You And Your Friends.",
      "cached_page_link": "https://webcache.googleusercontent.com/search?q=cache:aNoeBuaoJNUJ:https://onemorecupof-coffee.com/best-mobile-app-affiliate-programs/+&cd=13&hl=es-419&ct=clnk&gl=ec"
    },
    {
      "position": 6,
      "title": "17 Apps That Can Make You a Better Affiliate Marketer - Advidi",
      "link": "https://advidi.com/17-apps-can-make-better-affiliate-marketer/",
      "displayed_link": "https://advidi.com › 17-apps-can-make-better-affiliate-...",
      "date": "22 feb. 2017",
      "snippet": "Shortcuts, delegation and opportunities are always on the mind of a busy affiliate marketer... these 17 apps will make you a better one!",
      "cached_page_link": "https://webcache.googleusercontent.com/search?q=cache:Z5ELYKhCUtoJ:https://advidi.com/17-apps-can-make-better-affiliate-marketer/+&cd=14&hl=es-419&ct=clnk&gl=ec"
    },
    {
      "position": 7,
      "title": "‎Affiliate Dashboard on the App Store",
      "link": "https://apps.apple.com/us/app/affiliate-dashboard/id1215438640",
      "displayed_link": "https://apps.apple.com › app › affiliate-dashboard",
      "date": "8 abr. 2017",
      "snippet": "Access all of your affiliate programs and their dashboards using this app from LeadDyno. You will be able to access all of your affiliate ...",
      "rich_snippet": {
        "top": {
          "detected_extensions": {
            "calificacion": 4.4,
            "opiniones": 8
          },
          "extensions": [
            "Calificación: 4.4",
            "8 opiniones",
            "Gratis",
            "iOS",
            "Negocios/Productividad"
          ]
        }
      },
      "cached_page_link": "https://webcache.googleusercontent.com/search?q=cache:fyfZqt2VEMoJ:https://apps.apple.com/us/app/affiliate-dashboard/id1215438640+&cd=15&hl=es-419&ct=clnk&gl=ec"
    },
    {
      "position": 8,
      "title": "iTunes - The Affiliate Program - Apple",
      "link": "https://www.apple.com/itunes/affiliates/",
      "displayed_link": "https://www.apple.com › itunes › affiliates",
      "snippet": "Link from your website or app to content on iTunes, the App Store, the iBooks, ... More than just a traditional affiliate program, the Apple Services Performance ...",
      "cached_page_link": "https://webcache.googleusercontent.com/search?q=cache:_RvVV7wB3loJ:https://www.apple.com/itunes/affiliates/+&cd=16&hl=es-419&ct=clnk&gl=ec"
    },
    {
      "position": 9,
      "title": "[6 Best] Shopify Affiliate Apps for Loyalty & Referral Programs",
      "link": "https://acquireconvert.com/shopify-affiliate-app/",
      "displayed_link": "https://acquireconvert.com › shopify-affiliate-app",
      "date": "27 dic. 2019",
      "snippet": "Want to learn which Shopify affiliate app you should you be using for loyalty and referral programs? Then keep reading to find the best Shopify ...",
      "cached_page_link": "https://webcache.googleusercontent.com/search?q=cache:-DJTXOiGAJAJ:https://acquireconvert.com/shopify-affiliate-app/+&cd=17&hl=es-419&ct=clnk&gl=ec"
    },
    {
      "position": 10,
      "title": "7 Best Shopify Affiliate Marketing Apps - Whole Design Studios",
      "link": "https://wholedesignstudios.com/shopify-affiliate-app/",
      "displayed_link": "https://wholedesignstudios.com › shopify-affiliate-app",
      "date": "15 may. 2019",
      "snippet": "Wanting to venture into Shopify affiliate marketing? Well, you inevitably have to make use of the most suitable Shopify affiliate marketing app.",
      "cached_page_link": "https://webcache.googleusercontent.com/search?q=cache:3alpdrIc8RsJ:https://wholedesignstudios.com/shopify-affiliate-app/+&cd=18&hl=es-419&ct=clnk&gl=ec"
    }
  ],
  "pagination": {
    "current": 1,
    "next": "https://www.google.com/search?q=affiliate+app&ei=EQMnXtmHEa-50PEPvOiOWA&start=10&sa=N&ved=2ahUKEwiZ1Lm07JTnAhWvHDQIHTy0AwsQ8NMDegQIDBBC",
    "other_pages": {
      "2": "https://www.google.com/search?q=affiliate+app&ei=EQMnXtmHEa-50PEPvOiOWA&start=10&sa=N&ved=2ahUKEwiZ1Lm07JTnAhWvHDQIHTy0AwsQ8tMDegQIDBAw",
      "3": "https://www.google.com/search?q=affiliate+app&ei=EQMnXtmHEa-50PEPvOiOWA&start=20&sa=N&ved=2ahUKEwiZ1Lm07JTnAhWvHDQIHTy0AwsQ8tMDegQIDBAy",
      "4": "https://www.google.com/search?q=affiliate+app&ei=EQMnXtmHEa-50PEPvOiOWA&start=30&sa=N&ved=2ahUKEwiZ1Lm07JTnAhWvHDQIHTy0AwsQ8tMDegQIDBA0",
      "5": "https://www.google.com/search?q=affiliate+app&ei=EQMnXtmHEa-50PEPvOiOWA&start=40&sa=N&ved=2ahUKEwiZ1Lm07JTnAhWvHDQIHTy0AwsQ8tMDegQIDBA2",
      "6": "https://www.google.com/search?q=affiliate+app&ei=EQMnXtmHEa-50PEPvOiOWA&start=50&sa=N&ved=2ahUKEwiZ1Lm07JTnAhWvHDQIHTy0AwsQ8tMDegQIDBA4",
      "7": "https://www.google.com/search?q=affiliate+app&ei=EQMnXtmHEa-50PEPvOiOWA&start=60&sa=N&ved=2ahUKEwiZ1Lm07JTnAhWvHDQIHTy0AwsQ8tMDegQIDBA6",
      "8": "https://www.google.com/search?q=affiliate+app&ei=EQMnXtmHEa-50PEPvOiOWA&start=70&sa=N&ved=2ahUKEwiZ1Lm07JTnAhWvHDQIHTy0AwsQ8tMDegQIDBA8",
      "9": "https://www.google.com/search?q=affiliate+app&ei=EQMnXtmHEa-50PEPvOiOWA&start=80&sa=N&ved=2ahUKEwiZ1Lm07JTnAhWvHDQIHTy0AwsQ8tMDegQIDBA-",
      "10": "https://www.google.com/search?q=affiliate+app&ei=EQMnXtmHEa-50PEPvOiOWA&start=90&sa=N&ved=2ahUKEwiZ1Lm07JTnAhWvHDQIHTy0AwsQ8tMDegQIDBBA"
    }
  },
  "serpapi_pagination": {
    "current": 1,
    "next_link": "https://serpapi.com/search.json?device=desktop&engine=google&google_domain=google.com&q=affiliate+app&start=10&token=348ac8fa86e21632",
    "next": "https://serpapi.com/search.json?device=desktop&engine=google&google_domain=google.com&q=affiliate+app&start=10&token=348ac8fa86e21632",
    "other_pages": {
      "2": "https://serpapi.com/search.json?device=desktop&engine=google&google_domain=google.com&q=affiliate+app&start=10&token=348ac8fa86e21632",
      "3": "https://serpapi.com/search.json?device=desktop&engine=google&google_domain=google.com&q=affiliate+app&start=20&token=8ef245fec3dbe580",
      "4": "https://serpapi.com/search.json?device=desktop&engine=google&google_domain=google.com&q=affiliate+app&start=30&token=e79d8b7c3b98c0a2",
      "5": "https://serpapi.com/search.json?device=desktop&engine=google&google_domain=google.com&q=affiliate+app&start=40&token=6b3ce87ec23ab27f",
      "6": "https://serpapi.com/search.json?device=desktop&engine=google&google_domain=google.com&q=affiliate+app&start=50&token=ba4177242ca783fb",
      "7": "https://serpapi.com/search.json?device=desktop&engine=google&google_domain=google.com&q=affiliate+app&start=60&token=ec7cbc03ded057ff",
      "8": "https://serpapi.com/search.json?device=desktop&engine=google&google_domain=google.com&q=affiliate+app&start=70&token=ecd0adae46b3a3af",
      "9": "https://serpapi.com/search.json?device=desktop&engine=google&google_domain=google.com&q=affiliate+app&start=80&token=828b3c34eedaeee3",
      "10": "https://serpapi.com/search.json?device=desktop&engine=google&google_domain=google.com&q=affiliate+app&start=90&token=13ff5e2b77695b05"
    }
  }
}