{
  "search_metadata": {
    "id": "",
    "status": "Success",
    "json_endpoint": "",
    "created_at": "2020-01-21 13:56:05 UTC",
    "processed_at": "2020-01-21 13:56:05 UTC",
    "google_url": "https://www.google.com/search?q=affiliate+paying&oq=affiliate+paying&sourceid=chrome&ie=UTF-8",
    "raw_html_file": "",
    "total_time_taken": 4.35
  },
  "search_parameters": {
    "engine": "google",
    "q": "affiliate paying",
    "google_domain": "google.com",
    "device": "desktop"
  },
  "search_information": {
    "organic_results_state": "Results for exact spelling",
    "total_results": 1590000000,
    "time_taken_displayed": 0.53,
    "query_displayed": "affiliate paying"
  },
  "ads": [
    {
      "position": 1,
      "block_position": "top",
      "title": "Pay Affiliates Instantly | Anytime. Anywhere. Instantly.‎",
      "link": "https://lp.payall.com/instant-payments/",
      "displayed_link": "lp.payall.com/Pay/Affiliates",
      "tracking_link": "https://www.google.com/aclk?sa=l&ai=DChcSEwi74suo7JTnAhVtGK0GHRGnBMMYABAAGgJwdg&sig=AOD64_3cwQ8w8435_nC-gFEAxK8u8XTWHA&q=&ved=2ahUKEwiS1Mao7JTnAhVaJTQIHToMB5wQ0Qx6BAgREAE&adurl=",
      "description": "Make payments instantly anytime, anywhere 24x7x365 on weekends & holidays. Pay anyone, anywhere by adding just their Name, Email and Phone number. Compelling Payees Choices. Efficient. Safe & Compliant. Instant – 24x7x365. Pay Suppliers. Pay Researches.",
      "sitelinks": [
        {
          "title": "Instant Payments",
          "link": "https://lp.payall.com/instant-payments/#scrolltosection"
        },
        {
          "title": "Get A Demo",
          "link": "https://lp.payall.com/instant-payments/#scrolltoform"
        }
      ]
    },
    {
      "position": 2,
      "block_position": "top",
      "title": "Affiliate Platform Ascend | Discover, Track, Pay, Protect‎",
      "link": "/aclk?sa=l&ai=DChcSEwi74suo7JTnAhVtGK0GHRGnBMMYABADGgJwdg&sig=AOD64_1fknEHWtS-o7Uw5arklaiQ5l_JWA&adurl=&q=",
      "displayed_link": "www.pepperjam.com/",
      "tracking_link": "https://www.google.com/aclk?sa=l&ai=DChcSEwi74suo7JTnAhVtGK0GHRGnBMMYABADGgJwdg&sig=AOD64_1fknEHWtS-o7Uw5arklaiQ5l_JWA&q=&ved=2ahUKEwiS1Mao7JTnAhVaJTQIHToMB5wQ0Qx6BAgSEAE&adurl=",
      "description": "Giving Marketers What They Need to Grow Their Business. Pepperjam's Ascend Platform Can Help Reach New Audiences That Deliver High CLTV. Pay-for-Performance. Service Flexibility. Reach, Engage & Convert. Types: Customer Centric, Transparent, Accountable."
    }
  ],
  "knowledge_graph": {},
  "related_questions": [
    {
      "question": "What is the highest paying affiliate program?",
      "snippet": "Here are my picks for the top 5 high paying affiliate programs.Bluehost. The Bluehost affiliate program is super popular in the web hosting space. ... Hostinger. ... HostGator. ... GreenGeeks. ... BigCommerce. ... Weebly. ... 3dcart. ... Shopify.More items...",
      "title": "97+ Best Affiliate Programs of 2019 (Highest Paying for Beginners)",
      "link": "https://www.adamenfroy.com/best-high-paying-affiliate-programs",
      "displayed_link": "www.adamenfroy.com › best-high-paying-affiliate-programs"
    },
    {
      "question": "What percentage do affiliate programs pay?",
      "snippet": "Taking into account a variety of factors, an average affiliate commission rate should be somewhere between 5% to 30%. Here's a rundown of the factors that will change the average affiliate commission rates you're coming across online.",
      "title": "The Ultimate Breakdown of Average Affiliate Commission Rates ...",
      "link": "https://cospot.com/affiliate/average-affiliate-commission-rates/",
      "displayed_link": "cospot.com › affiliate › average-affiliate-commission-rates"
    },
    {
      "question": "Do you have to pay to be an affiliate?",
      "snippet": "Affiliate marketing is free and easy to join: Most affiliate programs are free to join and no experience is required in most cases. You only need to fill a signup form and begin to promote the offers. Just join, promote and earn.Aug 28, 2018",
      "title": "9 Things You Must Know Before You Become an Affiliate Marketer",
      "link": "https://www.persuasion-nation.com/blog/9-things-must-know-become-affiliate-marketer",
      "displayed_link": "www.persuasion-nation.com › blog › 9-things-must-know-become-affili..."
    },
    {
      "question": "How do you get paid for affiliate marketing?",
      "snippet": "Affiliate marketing is a simple 3-step process:You recommend a product or service to your followers.Your followers purchase the product or service using your affiliate link.You get paid a commission for the sales made using your affiliate link.May 11, 2019",
      "title": "How to Make Money While You Sleep With Affiliate Marketing",
      "link": "https://optinmonster.com/get-started-with-affiliate-marketing/",
      "displayed_link": "optinmonster.com › get-started-with-affiliate-marketing"
    }
  ],
  "organic_results": [
    {
      "position": 1,
      "title": "Affpaying: Reviews of CPA Networks, Affiliate Programs and ...",
      "link": "https://www.affpaying.com/",
      "displayed_link": "www.affpaying.com",
      "snippet": "We have the highest paying offers of the entire world! ... TopOffers is a CPA affiliate network that provides access to more than 2000 offers, covering over 150 ...",
      "sitelinks": {
        "inline": [
          {
            "title": "CPAGrip",
            "link": "https://www.affpaying.com/cpagrip"
          },
          {
            "title": "AdWork Media",
            "link": "https://www.affpaying.com/adworkmedia"
          },
          {
            "title": "PeerFly",
            "link": "https://www.affpaying.com/peerfly"
          },
          {
            "title": "Paysale",
            "link": "https://www.affpaying.com/paysale"
          }
        ]
      },
      "cached_page_link": "https://webcache.googleusercontent.com/search?q=cache:xTIyG4NLjoEJ:https://www.affpaying.com/+&cd=1&hl=en&ct=clnk&gl=us"
    },
    {
      "position": 2,
      "title": "105 Best Affiliate Programs of 2020 (High Paying for Beginners)",
      "link": "https://www.adamenfroy.com/best-high-paying-affiliate-programs",
      "displayed_link": "www.adamenfroy.com › Blog › Make Money Online",
      "snippet": "Liquid Web runs their own affiliate program and pays its affiliates 150% of sales, which can be anywhere from $150 – $7,000 per sale. Most conversions will ...",
      "cached_page_link": "https://webcache.googleusercontent.com/search?q=cache:lbWWxpmw_CEJ:https://www.adamenfroy.com/best-high-paying-affiliate-programs+&cd=2&hl=en&ct=clnk&gl=us"
    },
    {
      "position": 3,
      "title": "The 67+ Best Affiliate Programs of 2020 (Highest Paying)",
      "link": "https://www.forexreferral.com/best-affiliate-programs",
      "displayed_link": "www.forexreferral.com › best-affiliate-programs",
      "snippet": "Our picks for the best affiliate programs to make money online, including the highest paying marketing programs and networks for bloggers and professionals.",
      "cached_page_link": "https://webcache.googleusercontent.com/search?q=cache:1JNnul2vnJAJ:https://www.forexreferral.com/best-affiliate-programs+&cd=11&hl=en&ct=clnk&gl=us",
      "related_pages_link": "https://www.google.com/search?q=related:https://www.forexreferral.com/best-affiliate-programs+affiliate+paying&tbo=1&sa=X&ved=2ahUKEwiS1Mao7JTnAhVaJTQIHToMB5wQHzAKegQIAhAJ"
    },
    {
      "position": 4,
      "title": "Affiliate Program Payment Arrangements - How Affiliate ...",
      "link": "https://money.howstuffworks.com/affiliate-program2.htm",
      "displayed_link": "money.howstuffworks.com › Money › Business › Marketing",
      "snippet": "Affiliate Program Payment Arrangements. ... In this arrangement, the merchant site pays an affiliate when the affiliate sends them a customer who purchases something. Some merchant Web sites, like Amazon.com, pay the affiliate a percentage of the sale and others pay a fixed amount per sale.",
      "cached_page_link": "https://webcache.googleusercontent.com/search?q=cache:eLoHCpRvbzoJ:https://money.howstuffworks.com/affiliate-program2.htm+&cd=12&hl=en&ct=clnk&gl=us"
    },
    {
      "position": 5,
      "title": "Types of Affiliate Payments - Tipalti",
      "link": "https://tipalti.com/types-affiliate-payments/",
      "displayed_link": "tipalti.com › types-affiliate-payments",
      "snippet": "Affiliate payments, though, are rather low and can be annoying to deal with each month. Instead, try mass payment options that can help take care of these ...",
      "cached_page_link": "https://webcache.googleusercontent.com/search?q=cache:oP8CFWHvgFYJ:https://tipalti.com/types-affiliate-payments/+&cd=13&hl=en&ct=clnk&gl=us"
    },
    {
      "position": 6,
      "title": "30 of the Best Affiliate Programs That Pay the Highest ...",
      "link": "https://blog.hubspot.com/marketing/best-affiliate-programs",
      "displayed_link": "blog.hubspot.com › marketing › best-affiliate-programs",
      "date": "May 1, 2019",
      "snippet": "Simply put, an affiliate program is an agreement in which a business pays another business or influencer (\"the affiliate\") a commission for ...",
      "cached_page_link": "https://webcache.googleusercontent.com/search?q=cache:cgoO3h_qjc4J:https://blog.hubspot.com/marketing/best-affiliate-programs+&cd=14&hl=en&ct=clnk&gl=us"
    },
    {
      "position": 7,
      "title": "High Paying Affiliate Programs | Best Affiliate Program Directory",
      "link": "https://highpayingaffiliateprograms.com/",
      "displayed_link": "highpayingaffiliateprograms.com",
      "snippet": "It takes the same amount of time & effort to promote a product that pays you $500 than it does to promote one that pays you only ... Money Affiliate Categories ...",
      "cached_page_link": "https://webcache.googleusercontent.com/search?q=cache:HgKQxgdvjhYJ:https://highpayingaffiliateprograms.com/+&cd=15&hl=en&ct=clnk&gl=us"
    },
    {
      "position": 8,
      "title": "How-To Guide to Affiliate Marketing Payment Terms, Methods ...",
      "link": "https://www.amnavigator.com/blog/2019/02/18/affiliate-marketing-program-payments/",
      "displayed_link": "www.amnavigator.com › blog › 2019/02/18 › affiliate-marketing-pro...",
      "date": "Feb 18, 2019",
      "snippet": "Discover how different affiliate marketing payment methods work and how to put together your own affiliate program's payment terms.",
      "cached_page_link": "https://webcache.googleusercontent.com/search?q=cache:adp_ZAee7_UJ:https://www.amnavigator.com/blog/2019/02/18/affiliate-marketing-program-payments/+&cd=16&hl=en&ct=clnk&gl=us"
    },
    {
      "position": 9,
      "title": "The Best High Paying Affiliate Programs Of 2020",
      "link": "https://www.authorityhacker.com/high-paying-affiliate-programs/",
      "displayed_link": "www.authorityhacker.com › high-paying-affiliate-programs",
      "date": "6 days ago",
      "snippet": "But in this one we're focused solely on high ticket affiliate programs i.e. they pay you a lot of money per sale. What was interesting was finding a ...",
      "cached_page_link": "https://webcache.googleusercontent.com/search?q=cache:71NbFOZ5gIwJ:https://www.authorityhacker.com/high-paying-affiliate-programs/+&cd=17&hl=en&ct=clnk&gl=us"
    },
    {
      "position": 10,
      "title": "17 Little-Known Affiliate Programs (Up To $8K Per Sale) - Bengu",
      "link": "http://benguonline.com/high-paying-affiliate-programs",
      "displayed_link": "benguonline.com › Affiliate Marketing",
      "date": "Jan 8, 2020",
      "snippet": "A Comprehensive List of The Top High Paying Affiliate Programs On The Internet - Discover How The Successful Affiliates Make Their Money...",
      "related_pages_link": "https://www.google.com/search?q=related:benguonline.com/high-paying-affiliate-programs+affiliate+paying&tbo=1&sa=X&ved=2ahUKEwiS1Mao7JTnAhVaJTQIHToMB5wQHzARegQIBRAK"
    }
  ],
  "related_search_boxes": [
    {
      "position": 1,
      "query": "Affiliate network listView 3+ moreView 3+",
      "results": []
    },
    {
      "position": 2,
      "query": "Best CPA networksView 3+ moreView 3+",
      "results": []
    }
  ],
  "related_searches": [
    {
      "query": "top paying affiliate programs",
      "link": "https://www.google.com/search?q=top+paying+affiliate+programs&sa=X&ved=2ahUKEwiS1Mao7JTnAhVaJTQIHToMB5wQ1QIoAHoECA8QAQ"
    },
    {
      "query": "highest paying affiliate programs list",
      "link": "https://www.google.com/search?q=highest+paying+affiliate+programs+list&sa=X&ved=2ahUKEwiS1Mao7JTnAhVaJTQIHToMB5wQ1QIoAXoECA8QAg"
    },
    {
      "query": "best affiliate programs for beginners",
      "link": "https://www.google.com/search?q=best+affiliate+programs+for+beginners&sa=X&ved=2ahUKEwiS1Mao7JTnAhVaJTQIHToMB5wQ1QIoAnoECA8QAw"
    },
    {
      "query": "affiliate marketing",
      "link": "https://www.google.com/search?q=affiliate+marketing&sa=X&ved=2ahUKEwiS1Mao7JTnAhVaJTQIHToMB5wQ1QIoA3oECA8QBA"
    },
    {
      "query": "free affiliate programs",
      "link": "https://www.google.com/search?q=free+affiliate+programs&sa=X&ved=2ahUKEwiS1Mao7JTnAhVaJTQIHToMB5wQ1QIoBHoECA8QBQ"
    },
    {
      "query": "highest paying affiliate programs 2019",
      "link": "https://www.google.com/search?q=highest+paying+affiliate+programs+2019&sa=X&ved=2ahUKEwiS1Mao7JTnAhVaJTQIHToMB5wQ1QIoBXoECA8QBg"
    },
    {
      "query": "highest paying affiliate niches",
      "link": "https://www.google.com/search?q=highest+paying+affiliate+niches&sa=X&ved=2ahUKEwiS1Mao7JTnAhVaJTQIHToMB5wQ1QIoBnoECA8QBw"
    },
    {
      "query": "top paying affiliate programs 2019",
      "link": "https://www.google.com/search?q=top+paying+affiliate+programs+2019&sa=X&ved=2ahUKEwiS1Mao7JTnAhVaJTQIHToMB5wQ1QIoB3oECA8QCA"
    }
  ],
  "pagination": {
    "current": 1,
    "next": "https://www.google.com/search?q=affiliate+paying&ei=-AInXpL4E9rK0PEPupic4Ak&start=10&sa=N&ved=2ahUKEwiS1Mao7JTnAhVaJTQIHToMB5wQ8NMDegQIEBBB",
    "other_pages": {
      "2": "https://www.google.com/search?q=affiliate+paying&ei=-AInXpL4E9rK0PEPupic4Ak&start=10&sa=N&ved=2ahUKEwiS1Mao7JTnAhVaJTQIHToMB5wQ8tMDegQIEBAv",
      "3": "https://www.google.com/search?q=affiliate+paying&ei=-AInXpL4E9rK0PEPupic4Ak&start=20&sa=N&ved=2ahUKEwiS1Mao7JTnAhVaJTQIHToMB5wQ8tMDegQIEBAx",
      "4": "https://www.google.com/search?q=affiliate+paying&ei=-AInXpL4E9rK0PEPupic4Ak&start=30&sa=N&ved=2ahUKEwiS1Mao7JTnAhVaJTQIHToMB5wQ8tMDegQIEBAz",
      "5": "https://www.google.com/search?q=affiliate+paying&ei=-AInXpL4E9rK0PEPupic4Ak&start=40&sa=N&ved=2ahUKEwiS1Mao7JTnAhVaJTQIHToMB5wQ8tMDegQIEBA1",
      "6": "https://www.google.com/search?q=affiliate+paying&ei=-AInXpL4E9rK0PEPupic4Ak&start=50&sa=N&ved=2ahUKEwiS1Mao7JTnAhVaJTQIHToMB5wQ8tMDegQIEBA3",
      "7": "https://www.google.com/search?q=affiliate+paying&ei=-AInXpL4E9rK0PEPupic4Ak&start=60&sa=N&ved=2ahUKEwiS1Mao7JTnAhVaJTQIHToMB5wQ8tMDegQIEBA5",
      "8": "https://www.google.com/search?q=affiliate+paying&ei=-AInXpL4E9rK0PEPupic4Ak&start=70&sa=N&ved=2ahUKEwiS1Mao7JTnAhVaJTQIHToMB5wQ8tMDegQIEBA7",
      "9": "https://www.google.com/search?q=affiliate+paying&ei=-AInXpL4E9rK0PEPupic4Ak&start=80&sa=N&ved=2ahUKEwiS1Mao7JTnAhVaJTQIHToMB5wQ8tMDegQIEBA9",
      "10": "https://www.google.com/search?q=affiliate+paying&ei=-AInXpL4E9rK0PEPupic4Ak&start=90&sa=N&ved=2ahUKEwiS1Mao7JTnAhVaJTQIHToMB5wQ8tMDegQIEBA_"
    }
  },
  "serpapi_pagination": {
    "current": 1,
    "next_link": "https://serpapi.com/search.json?device=desktop&engine=google&google_domain=google.com&q=affiliate+paying&start=10&token=0b1ff2ff19e287e6",
    "next": "https://serpapi.com/search.json?device=desktop&engine=google&google_domain=google.com&q=affiliate+paying&start=10&token=0b1ff2ff19e287e6",
    "other_pages": {
      "2": "https://serpapi.com/search.json?device=desktop&engine=google&google_domain=google.com&q=affiliate+paying&start=10&token=0b1ff2ff19e287e6",
      "3": "https://serpapi.com/search.json?device=desktop&engine=google&google_domain=google.com&q=affiliate+paying&start=20&token=63b28c93af151358",
      "4": "https://serpapi.com/search.json?device=desktop&engine=google&google_domain=google.com&q=affiliate+paying&start=30&token=68083180d4217b58",
      "5": "https://serpapi.com/search.json?device=desktop&engine=google&google_domain=google.com&q=affiliate+paying&start=40&token=2c09c5a4bed29f7b",
      "6": "https://serpapi.com/search.json?device=desktop&engine=google&google_domain=google.com&q=affiliate+paying&start=50&token=92ddcac8113f639b",
      "7": "https://serpapi.com/search.json?device=desktop&engine=google&google_domain=google.com&q=affiliate+paying&start=60&token=4d6794866e870587",
      "8": "https://serpapi.com/search.json?device=desktop&engine=google&google_domain=google.com&q=affiliate+paying&start=70&token=90e69f2264df793f",
      "9": "https://serpapi.com/search.json?device=desktop&engine=google&google_domain=google.com&q=affiliate+paying&start=80&token=1b7cbfd4c586c370",
      "10": "https://serpapi.com/search.json?device=desktop&engine=google&google_domain=google.com&q=affiliate+paying&start=90&token=cc82895ef040b668"
    }
  }
}