{
  "search_metadata": {
    "id": "",
    "status": "Success",
    "json_endpoint": "",
    "created_at": "2020-01-21 14:46:23 UTC",
    "processed_at": "2020-01-21 14:46:23 UTC",
    "google_url": "https://www.google.com/search?q=affiliate+referral&oq=affiliate+referral&sourceid=chrome&ie=UTF-8",
    "raw_html_file": "",
    "total_time_taken": 2.74
  },
  "search_parameters": {
    "engine": "google",
    "q": "affiliate referral",
    "google_domain": "google.com",
    "device": "desktop"
  },
  "search_information": {
    "organic_results_state": "Results for exact spelling",
    "total_results": 70800000,
    "time_taken_displayed": 0.4,
    "query_displayed": "affiliate referral"
  },
  "knowledge_graph": {},
  "related_questions": [
    {
      "question": "What is a referral company?",
      "snippet": "Joint venture referrals. This strategy involves each business offering discounts or other incentives to customers from the referring company, typically in exchange for a percentage of sales from referred business.",
      "title": "Referral Marketing | What is Referral Marketing?",
      "link": "https://www.marketing-schools.org/types-of-marketing/referral-marketing.html",
      "displayed_link": "www.marketing-schools.org › types-of-marketing › referral-marketing"
    },
    {
      "question": "Does Dropbox have an affiliate program?",
      "snippet": "Yes, Dropbox does have an affiliate program. Using their affiliate or referral program, you can earn commissions by referring new customers via the Dropbox website.",
      "title": "Dropbox affiliate program? — Knoji",
      "link": "https://dropbox.knoji.com/questions/dropbox-affiliate-programs/",
      "displayed_link": "dropbox.knoji.com › questions › dropbox-affiliate-programs"
    },
    {
      "question": "What is the best affiliate marketing program?",
      "snippet": "Let's get into the top 15 affiliate websites any level of blogger can benefit from.ShareASale Affiliates. ... Amazon Associates. ... eBay Partners. ... Shopify Affiliate Program. ... Clickbank. ... Rakuten Marketing Affiliates. ... Leadpages Partner Program. ... StudioPress Affiliate Website.More items...•Oct 27, 2018",
      "title": "Top 15 Affiliate Marketing Websites & Programs For 2019 | Solvid",
      "link": "https://solvid.co.uk/top-affiliate-marketing-websites-and-programs/",
      "displayed_link": "solvid.co.uk › top-affiliate-marketing-websites-and-programs"
    },
    {
      "question": "What is an affiliate marketing website?",
      "snippet": "Affiliate marketing is the process of earning a commission by promoting other people's (or company's) products. You find a product you like, promote it to others and earn a piece of the profit for each sale that you make.",
      "title": "Affiliate Marketing Made Simple: A Step-by-Step Guide - Neil Patel",
      "link": "https://neilpatel.com/what-is-affiliate-marketing/",
      "displayed_link": "neilpatel.com › what-is-affiliate-marketing"
    }
  ],
  "answer_box": {
    "type": "organic_result",
    "title": "Affiliate Marketing Vs. Referral Marketing - Blog - Seller's Choice",
    "date": "Sep 20, 2018",
    "link": "https://blog.sellerschoice.digital/affiliate-vs.-referral-marketing",
    "snippet": "Affiliate marketing and referral marketing often get confused for being the same marketing technique. ... However, affiliate marketing pays someone to talk about your brand, whereas referral marketing uses existing customers to refer your company to their network."
  },
  "organic_results": [
    {
      "position": 1,
      "title": "Affiliate Marketing vs. Referral Marketing: What's the Difference?",
      "link": "https://www.getambassador.com/blog/affiliate-vs-referral-marketing-whats-the-difference",
      "displayed_link": "www.getambassador.com › blog › affiliate-vs-referral-marketing-what...",
      "date": "Nov 24, 2015",
      "snippet": "Affiliate & referral marketing are very similar, but there are some subtle differences, do you know which is right for your business? Let us help!",
      "cached_page_link": "https://webcache.googleusercontent.com/search?q=cache:h-mbqcCgUhAJ:https://www.getambassador.com/blog/affiliate-vs-referral-marketing-whats-the-difference+&cd=1&hl=en&ct=clnk&gl=us",
      "related_pages_link": "https://www.google.com/search?q=related:https://www.getambassador.com/blog/affiliate-vs-referral-marketing-whats-the-difference+affiliate+referral&tbo=1&sa=X&ved=2ahUKEwi5wb_G95TnAhXNIqYKHQ7mANQQHzAAegQIAhAJ"
    },
    {
      "position": 2,
      "title": "Referral Program vs Affiliate Programs: Which is Right For You?",
      "link": "https://referralrock.com/blog/referral-program-vs-affiliate-programs/",
      "displayed_link": "referralrock.com › blog › referral-program-vs-affiliate-programs",
      "date": "May 3, 2018",
      "snippet": "So are referral programs and affiliate programs really that different? ... Digital marketing comes in many forms, but two often cause confusion – referral programs and affiliate programs. ... A big difference vs a referral program is that the participant of an affiliate program does not ...",
      "sitelinks": {
        "inline": [
          {
            "title": "Referral Programs Versus ...",
            "link": "https://referralrock.com/blog/referral-program-vs-affiliate-programs/#Referral-Programs-Versus-Affiliate-Programs"
          },
          {
            "title": "Examples of Referral ...",
            "link": "https://referralrock.com/blog/referral-program-vs-affiliate-programs/#Examples-of-Referral-Programs-vs-Affiliate-Programs"
          },
          {
            "title": "Target [Affiliate Program]",
            "link": "https://referralrock.com/blog/referral-program-vs-affiliate-programs/#Target-Affiliate-Program"
          }
        ]
      },
      "cached_page_link": "https://webcache.googleusercontent.com/search?q=cache:C-ES2Kj2HCAJ:https://referralrock.com/blog/referral-program-vs-affiliate-programs/+&cd=2&hl=en&ct=clnk&gl=us"
    },
    {
      "position": 3,
      "title": "Referral Marketing vs Affiliate Marketing - What's the ...",
      "link": "https://www.saasquatch.com/blog/rs-referral-marketing-vs-affiliate-marketing/",
      "displayed_link": "www.saasquatch.com › blog › rs-referral-marketing-vs-affiliate-marke...",
      "date": "Jul 11, 2016",
      "snippet": "The key difference is that affiliate marketing focuses on third-party brand advocates to send customers to your business for a flat fee. Where referral marketing is focused on rewarding current customers to invite their friends to try your product/service.",
      "cached_page_link": "https://webcache.googleusercontent.com/search?q=cache:m-0DrD5-D4AJ:https://www.saasquatch.com/blog/rs-referral-marketing-vs-affiliate-marketing/+&cd=3&hl=en&ct=clnk&gl=us"
    },
    {
      "position": 4,
      "title": "Affiliate Program vs Referral Program : Support",
      "link": "https://support.cratejoy.com/support/solutions/articles/43000495344-affiliate-program-vs-referral-program",
      "displayed_link": "support.cratejoy.com › support › solutions › articles › 43000495344-...",
      "snippet": "Modified on: Mon, 1 Apr, 2019 at 6:46 PM. One point of frequent confusion is the difference between an affiliate program and a referral program. This article ...",
      "cached_page_link": "https://webcache.googleusercontent.com/search?q=cache:kUBRkSv6pBoJ:https://support.cratejoy.com/support/solutions/articles/43000495344-affiliate-program-vs-referral-program+&cd=12&hl=en&ct=clnk&gl=us"
    },
    {
      "position": 5,
      "title": "4 Key Differences In Affiliate vs Referral Marketing",
      "link": "https://blog.commissionfactory.com/affiliate-marketing/4-key-differences-in-affiliate-vs-referral-marketing",
      "displayed_link": "blog.commissionfactory.com › affiliate-marketing › 4-key-differences...",
      "date": "Jun 28, 2018",
      "snippet": "Most people mistake referral marketing and affiliate marketing as being similiar. We take a look at the similarities and differences so you can ...",
      "cached_page_link": "https://webcache.googleusercontent.com/search?q=cache:Rk2Ak0pTRKEJ:https://blog.commissionfactory.com/affiliate-marketing/4-key-differences-in-affiliate-vs-referral-marketing+&cd=13&hl=en&ct=clnk&gl=us"
    },
    {
      "position": 6,
      "title": "Referral vs. Affiliate Marketing : 4 Key Diffrences | InviteReferrals",
      "link": "https://www.invitereferrals.com/blog/referral-vs-affiliate-marketing/",
      "displayed_link": "www.invitereferrals.com › blog › referral-vs-affiliate-marketing",
      "date": "Nov 23, 2019",
      "snippet": "Podcast on Referral vs Affiliate Marketing. What is referral vs. affiliate marketing? This is the question that often gets many marketers confused.",
      "cached_page_link": "https://webcache.googleusercontent.com/search?q=cache:G5bba7IIy-YJ:https://www.invitereferrals.com/blog/referral-vs-affiliate-marketing/+&cd=14&hl=en&ct=clnk&gl=us"
    },
    {
      "position": 7,
      "title": "Affiliate Referral Program | Doteasy",
      "link": "https://www.doteasy.com/affiliate/sign-up-first-step.cfm",
      "displayed_link": "www.doteasy.com › affiliate › sign-up-first-step",
      "snippet": "Make easy money with our free to join Affiliate Referral Program. Earn up to $70 for each referral that you make!",
      "cached_page_link": "https://webcache.googleusercontent.com/search?q=cache:0mj1rlbLgQEJ:https://www.doteasy.com/affiliate/sign-up-first-step.cfm+&cd=15&hl=en&ct=clnk&gl=us",
      "related_pages_link": "https://www.google.com/search?q=related:https://www.doteasy.com/affiliate/sign-up-first-step.cfm+affiliate+referral&tbo=1&sa=X&ved=2ahUKEwi5wb_G95TnAhXNIqYKHQ7mANQQHzAOegQIBRAJ"
    },
    {
      "position": 8,
      "title": "Join Our Affiliate Program & Earn Referral Commissions ...",
      "link": "https://www.bigcommerce.com/partners/become-a-partner/affiliate/",
      "displayed_link": "www.bigcommerce.com › BigCommerce Partners › Become a Partner",
      "snippet": "Refer visitors to BigCommerce and earn 200% of the customer's first monthly payment or $1500 per enterprise customer. Join today to grow your revenue!",
      "cached_page_link": "https://webcache.googleusercontent.com/search?q=cache:H5nHXmLtEmgJ:https://www.bigcommerce.com/partners/become-a-partner/affiliate/+&cd=16&hl=en&ct=clnk&gl=us"
    },
    {
      "position": 9,
      "title": "Should You Have a Referral Program, Affiliate Program, or ...",
      "link": "https://blog.smile.io/referral-or-affiliate-program",
      "displayed_link": "blog.smile.io › referral-or-affiliate-program",
      "date": "Apr 11, 2018",
      "snippet": "Wondering whether you should start a referral program of an affiliate program? We've compared the pros and cons of each to determine which ...",
      "cached_page_link": "https://webcache.googleusercontent.com/search?q=cache:pe_nju5HYe0J:https://blog.smile.io/referral-or-affiliate-program+&cd=17&hl=en&ct=clnk&gl=us"
    }
  ],
  "related_searches": [
    {
      "query": "referral vs affiliate google analytics",
      "link": "https://www.google.com/search?q=referral+vs+affiliate+google+analytics&sa=X&ved=2ahUKEwi5wb_G95TnAhXNIqYKHQ7mANQQ1QIoAHoECAoQAQ"
    },
    {
      "query": "affiliate marketing",
      "link": "https://www.google.com/search?q=affiliate+marketing&sa=X&ved=2ahUKEwi5wb_G95TnAhXNIqYKHQ7mANQQ1QIoAXoECAoQAg"
    },
    {
      "query": "referral marketing",
      "link": "https://www.google.com/search?q=referral+marketing&sa=X&ved=2ahUKEwi5wb_G95TnAhXNIqYKHQ7mANQQ1QIoAnoECAoQAw"
    },
    {
      "query": "affiliate referral fees",
      "link": "https://www.google.com/search?q=affiliate+referral+fees&sa=X&ved=2ahUKEwi5wb_G95TnAhXNIqYKHQ7mANQQ1QIoA3oECAoQBA"
    },
    {
      "query": "affiliate programs",
      "link": "https://www.google.com/search?q=affiliate+programs&sa=X&ved=2ahUKEwi5wb_G95TnAhXNIqYKHQ7mANQQ1QIoBHoECAoQBQ"
    },
    {
      "query": "affiliate products",
      "link": "https://www.google.com/search?q=affiliate+products&sa=X&ved=2ahUKEwi5wb_G95TnAhXNIqYKHQ7mANQQ1QIoBXoECAoQBg"
    },
    {
      "query": "offline referral program",
      "link": "https://www.google.com/search?q=offline+referral+program&sa=X&ved=2ahUKEwi5wb_G95TnAhXNIqYKHQ7mANQQ1QIoBnoECAoQBw"
    },
    {
      "query": "affiliate incentive programs",
      "link": "https://www.google.com/search?q=affiliate+incentive+programs&sa=X&ved=2ahUKEwi5wb_G95TnAhXNIqYKHQ7mANQQ1QIoB3oECAoQCA"
    }
  ],
  "pagination": {
    "current": 1,
    "next": "https://www.google.com/search?q=affiliate+referral&ei=vw4nXvnlN83FmAWOzIOgDQ&start=10&sa=N&ved=2ahUKEwi5wb_G95TnAhXNIqYKHQ7mANQQ8NMDegQIDRBA",
    "other_pages": {
      "2": "https://www.google.com/search?q=affiliate+referral&ei=vw4nXvnlN83FmAWOzIOgDQ&start=10&sa=N&ved=2ahUKEwi5wb_G95TnAhXNIqYKHQ7mANQQ8tMDegQIDRAu",
      "3": "https://www.google.com/search?q=affiliate+referral&ei=vw4nXvnlN83FmAWOzIOgDQ&start=20&sa=N&ved=2ahUKEwi5wb_G95TnAhXNIqYKHQ7mANQQ8tMDegQIDRAw",
      "4": "https://www.google.com/search?q=affiliate+referral&ei=vw4nXvnlN83FmAWOzIOgDQ&start=30&sa=N&ved=2ahUKEwi5wb_G95TnAhXNIqYKHQ7mANQQ8tMDegQIDRAy",
      "5": "https://www.google.com/search?q=affiliate+referral&ei=vw4nXvnlN83FmAWOzIOgDQ&start=40&sa=N&ved=2ahUKEwi5wb_G95TnAhXNIqYKHQ7mANQQ8tMDegQIDRA0",
      "6": "https://www.google.com/search?q=affiliate+referral&ei=vw4nXvnlN83FmAWOzIOgDQ&start=50&sa=N&ved=2ahUKEwi5wb_G95TnAhXNIqYKHQ7mANQQ8tMDegQIDRA2",
      "7": "https://www.google.com/search?q=affiliate+referral&ei=vw4nXvnlN83FmAWOzIOgDQ&start=60&sa=N&ved=2ahUKEwi5wb_G95TnAhXNIqYKHQ7mANQQ8tMDegQIDRA4",
      "8": "https://www.google.com/search?q=affiliate+referral&ei=vw4nXvnlN83FmAWOzIOgDQ&start=70&sa=N&ved=2ahUKEwi5wb_G95TnAhXNIqYKHQ7mANQQ8tMDegQIDRA6",
      "9": "https://www.google.com/search?q=affiliate+referral&ei=vw4nXvnlN83FmAWOzIOgDQ&start=80&sa=N&ved=2ahUKEwi5wb_G95TnAhXNIqYKHQ7mANQQ8tMDegQIDRA8",
      "10": "https://www.google.com/search?q=affiliate+referral&ei=vw4nXvnlN83FmAWOzIOgDQ&start=90&sa=N&ved=2ahUKEwi5wb_G95TnAhXNIqYKHQ7mANQQ8tMDegQIDRA-"
    }
  },
  "serpapi_pagination": {
    "current": 1,
    "next_link": "https://serpapi.com/search.json?device=desktop&engine=google&google_domain=google.com&q=affiliate+referral&start=10&token=0d1894f323ece5ee",
    "next": "https://serpapi.com/search.json?device=desktop&engine=google&google_domain=google.com&q=affiliate+referral&start=10&token=0d1894f323ece5ee",
    "other_pages": {
      "2": "https://serpapi.com/search.json?device=desktop&engine=google&google_domain=google.com&q=affiliate+referral&start=10&token=0d1894f323ece5ee",
      "3": "https://serpapi.com/search.json?device=desktop&engine=google&google_domain=google.com&q=affiliate+referral&start=20&token=a0992b18585ff397",
      "4": "https://serpapi.com/search.json?device=desktop&engine=google&google_domain=google.com&q=affiliate+referral&start=30&token=e7a4de3dc6081b1e",
      "5": "https://serpapi.com/search.json?device=desktop&engine=google&google_domain=google.com&q=affiliate+referral&start=40&token=a2aafe63a0b2c669",
      "6": "https://serpapi.com/search.json?device=desktop&engine=google&google_domain=google.com&q=affiliate+referral&start=50&token=d9256c6b1a547a5c",
      "7": "https://serpapi.com/search.json?device=desktop&engine=google&google_domain=google.com&q=affiliate+referral&start=60&token=a8eb6f895e3696f4",
      "8": "https://serpapi.com/search.json?device=desktop&engine=google&google_domain=google.com&q=affiliate+referral&start=70&token=74c35bafbbcad7c9",
      "9": "https://serpapi.com/search.json?device=desktop&engine=google&google_domain=google.com&q=affiliate+referral&start=80&token=4e837edcd5c310ca",
      "10": "https://serpapi.com/search.json?device=desktop&engine=google&google_domain=google.com&q=affiliate+referral&start=90&token=df6eb268e59ec4ac"
    }
  }
}