{
  "search_metadata": {
    "id": "",
    "status": "Success",
    "json_endpoint": "",
    "created_at": "2020-01-21 13:55:06 UTC",
    "processed_at": "2020-01-21 13:55:06 UTC",
    "google_url": "https://www.google.com/search?q=affiliate+tracker&oq=affiliate+tracker&sourceid=chrome&ie=UTF-8",
    "raw_html_file": "",
    "total_time_taken": 2.37
  },
  "search_parameters": {
    "engine": "google",
    "q": "affiliate tracker",
    "google_domain": "google.com",
    "device": "desktop"
  },
  "search_information": {
    "organic_results_state": "Results for exact spelling",
    "total_results": 52700000,
    "time_taken_displayed": 0.59,
    "query_displayed": "affiliate tracker"
  },
  "ads": [
    {
      "position": 1,
      "block_position": "top",
      "title": "Try Voluum® Affiliate Tracker | All Campaign Data in One Place‎",
      "link": "https://voluum.com/lp/ad-tracking/",
      "displayed_link": "www.voluum.com/",
      "tracking_link": "https://www.google.com/aclk?sa=l&ai=DChcSEwi87cCL7JTnAhVR_uMHHWNIAs4YABAAGgJ5bQ&sig=AOD64_0076Ovai6pCb1libu1vFl26djKhg&q=&ved=2ahUKEwiOlrmL7JTnAhVxhq0KHa0KAYsQ0Qx6BAgWEAE&adurl=",
      "description": "Track, Analize and Optimize All Your Traffic Sources and Affiliate Networks in One Place"
    },
    {
      "position": 2,
      "block_position": "top",
      "title": "Affiliate Tracker Software | Best Rated Affiliate Tracker‎",
      "link": "https://www.postaffiliatepro.com/affiliate-tracker-software/",
      "displayed_link": "www.postaffiliatepro.com/",
      "tracking_link": "https://www.google.com/aclk?sa=l&ai=DChcSEwi87cCL7JTnAhVR_uMHHWNIAs4YABAEGgJ5bQ&sig=AOD64_3b-B4liKYk5fx80Qsp_Mqh70mtiw&q=&ved=2ahUKEwiOlrmL7JTnAhVxhq0KHa0KAYsQ0Qx6BAgXEAE&adurl=",
      "description": "Professional solution for managing affiliates and payouts."
    },
    {
      "position": 3,
      "block_position": "top",
      "title": "Affiliate Tracking Software | Try TUNE Free for 30 Day‎",
      "link": "https://mkt.tune.com/sem-affiliate-marketing-software.html?utm_campaign=americas-demo&utm_source=google&utm_medium=cpc&utm_term=affiliate-marketing-software",
      "displayed_link": "mkt.tune.com/Software/Free-Trial",
      "tracking_link": "https://www.google.com/aclk?sa=l&ai=DChcSEwi87cCL7JTnAhVR_uMHHWNIAs4YABACGgJ5bQ&sig=AOD64_01kuNFTJWjs-8Y7bQjPJAIM5Y3ow&q=&ved=2ahUKEwiOlrmL7JTnAhVxhq0KHa0KAYsQ0Qx6BAgYEAE&adurl=",
      "description": "Premier Performance Marketing Software Trusted By Top Networks. Request A Demo!"
    },
    {
      "position": 4,
      "block_position": "top",
      "title": "Affiliate Tracking Software | Accurate Measurement‎",
      "link": "https://getcake.com/affiliate-tracking-demo/",
      "displayed_link": "www.getcake.com/",
      "tracking_link": "https://www.google.com/aclk?sa=l&ai=DChcSEwi87cCL7JTnAhVR_uMHHWNIAs4YABABGgJ5bQ&sig=AOD64_3LyiWsOTiYsggjyNxsQnmDqmc9wQ&q=&ved=2ahUKEwiOlrmL7JTnAhVxhq0KHa0KAYsQ0Qx6BAgZEAE&adurl=",
      "description": "Affiliate Tracking Software to Manage, Measure and Optimize for the Highest Performance"
    },
    {
      "position": 5,
      "block_position": "bottom",
      "title": "Affiliate Tracking? | Set up own Affiliate Marketing‎",
      "link": "https://tapfiliate.com/lp/affiliate-tracking-software/",
      "displayed_link": "www.tapfiliate.com/",
      "tracking_link": "https://www.google.com/aclk?sa=l&ai=DChcSEwi87cCL7JTnAhVR_uMHHWNIAs4YABADGgJ5bQ&sig=AOD64_34_iYL5mcAREO6zAhJTX62OV4jjw&q=&ved=2ahUKEwiOlrmL7JTnAhVxhq0KHa0KAYsQ0Qx6BAgREAE&adurl=",
      "description": "Sign up today and use our Affiliate System Software for your strategy. Modern & easy Affiliate Marketing software, start a free trial now! Increase social reach. Free 14-day Trial."
    },
    {
      "position": 6,
      "block_position": "bottom",
      "title": "Top Affiliate Ads Platform | Boost Your Affiliate Ad Sales‎",
      "link": "https://lp.outbrain.com/affiliate-increase-direct-revenue/",
      "displayed_link": "lp.outbrain.com/Affiliate/Tracking",
      "tracking_link": "https://www.google.com/aclk?sa=l&ai=DChcSEwi87cCL7JTnAhVR_uMHHWNIAs4YABAFGgJ5bQ&sig=AOD64_1d9KpPHbSssYaIKDprYVoDusDUfA&q=&ved=2ahUKEwiOlrmL7JTnAhVxhq0KHa0KAYsQ0Qx6BAgSEAE&adurl=",
      "description": "Get Better Results from Your Affiliate Campaigns with Outbrain Amplify Native Ads. Get Better ROI From Your Ads With Outbrain Amplify Native Campaigns. Get Started! Get Conversions. Global Reach. Easy Set-up. Services: Blog Promotion, Website Promotion.",
      "sitelinks": [
        {
          "title": "See How Native Ads Work",
          "link": "https://www.outbrain.com/try-outbrain-demo/"
        },
        {
          "title": "Case Studies",
          "link": "https://www.outbrain.com/case-studies"
        },
        {
          "title": "Native Advertising",
          "link": "https://www.outbrain.com/native-advertising/"
        },
        {
          "title": "Start Your First Campaign",
          "link": "https://my.outbrain.com/amplify/funnel/register"
        }
      ]
    },
    {
      "position": 7,
      "block_position": "bottom",
      "title": "Rise Above The Status Quo | Pepperjam Affiliate Platform‎",
      "link": "https://www.pepperjam.com/",
      "displayed_link": "www.pepperjam.com/",
      "tracking_link": "https://www.google.com/aclk?sa=l&ai=DChcSEwi87cCL7JTnAhVR_uMHHWNIAs4YABAGGgJ5bQ&sig=AOD64_2hGc4HDuYbhmow8rTfZcQuxXiN5Q&q=&ved=2ahUKEwiOlrmL7JTnAhVxhq0KHa0KAYsQ0Qx6BAgUEAE&adurl=",
      "description": "Pepperjam's Ascend platform can help you stay in front of your competition. Service Flexibility. Reach, Engage & Convert. Pay-for-Performance. Types: Customer Centric, Transparent, Accountable."
    }
  ],
  "knowledge_graph": {},
  "related_questions": [
    {
      "question": "What is Voluum?",
      "snippet": "Voluum is an innovative, real-time analytics platform for tracking online campaigns. The system designed by Codewise is for the use of performance marketers and individual advertisers who want to monitor their efforts' progress and profitability.May 9, 2019",
      "title": "Voluum Reviews: Overview, Pricing and Features",
      "link": "https://reviews.financesonline.com/p/voluum/",
      "displayed_link": "reviews.financesonline.com › voluum"
    },
    {
      "question": "What is the best affiliate platform?",
      "snippet": "Let's get into the top 15 affiliate websites any level of blogger can benefit from.ShareASale Affiliates. ... Amazon Associates. ... eBay Partners. ... Shopify Affiliate Program. ... Clickbank. ... Rakuten Marketing Affiliates. ... Leadpages Partner Program. ... StudioPress Affiliate Website.More items...•Oct 27, 2018",
      "title": "Top 15 Affiliate Marketing Websites & Programs For 2019 | Solvid",
      "link": "https://solvid.co.uk/top-affiliate-marketing-websites-and-programs/",
      "displayed_link": "solvid.co.uk › top-affiliate-marketing-websites-and-programs"
    },
    {
      "question": "What is affiliate management system?",
      "snippet": "Facebook Twitter LinkedIn Pinterest Share. Affiliate Management is the process of building and growing a channel of marketers to drive traffic to your store, business or offer. Affiliate programs, networks and managers are the three major components of affiliate management.Aug 7, 2017",
      "title": "What is Affiliate Management? - Adam Riemer Marketing",
      "link": "https://www.adamriemer.me/what-is-affiliate-management/",
      "displayed_link": "www.adamriemer.me › what-is-affiliate-management"
    },
    {
      "question": "What is Tapfiliate?",
      "snippet": "Tapfiliate is cloud based affiliate tracking software. It enables you to create, track and optimize your own affiliate programs.",
      "title": "Tapfiliate Reviews and Pricing - 2019 - Capterra",
      "link": "https://www.capterra.com/p/145773/Tapfiliate/",
      "displayed_link": "www.capterra.com › Tapfiliate"
    }
  ],
  "organic_results": [
    {
      "position": 1,
      "title": "Voluum - Affiliate Marketing Tracker",
      "link": "https://voluum.com/",
      "displayed_link": "voluum.com",
      "snippet": "Voluum Ad Tracker is the leading tracking software for affiliates. With advanced analytical features and built-in optimization tools, this sophisticated tracker will ...",
      "sitelinks": {
        "inline": [
          {
            "title": "Pricing",
            "link": "https://voluum.com/pricing/"
          },
          {
            "title": "Free Resources",
            "link": "https://voluum.com/blog/"
          },
          {
            "title": "Company",
            "link": "https://voluum.com/about/"
          },
          {
            "title": "Solutions",
            "link": "https://voluum.com/solutions/track/"
          }
        ]
      },
      "cached_page_link": "https://webcache.googleusercontent.com/search?q=cache:QVrarPinKHAJ:https://voluum.com/+&cd=1&hl=en&ct=clnk&gl=us",
      "related_pages_link": "https://www.google.com/search?q=related:https://voluum.com/+affiliate+tracker&tbo=1&sa=X&ved=2ahUKEwiOlrmL7JTnAhVxhq0KHa0KAYsQHzAAegQIBRAH"
    },
    {
      "position": 2,
      "title": "Affiliate Tracker || Affiliate Program, Comissions, Logs ...",
      "link": "https://www.joomlathat.com/affiliate-tracker",
      "displayed_link": "www.joomlathat.com › affiliate-tracker",
      "snippet": "Affiliate Tracker is a complete affiliate tracking tool for Joomla site owners to create a full Affiliate Program. Track referrals, commission sales provided by your affiliates and increase profits and traffic!",
      "cached_page_link": "https://webcache.googleusercontent.com/search?q=cache:YMPJ81NgGvQJ:https://www.joomlathat.com/affiliate-tracker+&cd=2&hl=en&ct=clnk&gl=us",
      "related_pages_link": "https://www.google.com/search?q=related:https://www.joomlathat.com/affiliate-tracker+affiliate+tracker&tbo=1&sa=X&ved=2ahUKEwiOlrmL7JTnAhVxhq0KHa0KAYsQHzABegQICBAJ"
    },
    {
      "position": 3,
      "title": "The 8 Best Affiliate Marketing Trackers Compared [2018 Edition]",
      "link": "https://charlesngo.com/affiliate-trackers/",
      "displayed_link": "charlesngo.com › affiliate-trackers",
      "date": "Jul 2, 2018",
      "snippet": "Table of Contents. List of Affiliate Trackers. Cloud-Based vs. Self-Hosted Trackers. Data Retention Considerations; Tracker Software Updates.",
      "sitelinks": {
        "inline": [
          {
            "title": "List of Affiliate Trackers",
            "link": "https://charlesngo.com/affiliate-trackers/#List_of_Affiliate_Trackers"
          },
          {
            "title": "Choosing Between Two ...",
            "link": "https://charlesngo.com/affiliate-trackers/#Choosing_Between_Two_Types_of_Trackers"
          },
          {
            "title": "List of Self-Hosted Affiliate ...",
            "link": "https://charlesngo.com/affiliate-trackers/#List_of_Self-Hosted_Affiliate_Trackers"
          }
        ]
      },
      "cached_page_link": "https://webcache.googleusercontent.com/search?q=cache:5EwT1edwzVAJ:https://charlesngo.com/affiliate-trackers/+&cd=3&hl=en&ct=clnk&gl=us"
    },
    {
      "position": 4,
      "title": "Best Affiliate Tracking Softwares and Platforms in 2019 + Bonus",
      "link": "https://www.mobidea.com/academy/affiliate-tracking-platforms/",
      "displayed_link": "www.mobidea.com › academy › affiliate-tracking-platforms",
      "date": "Apr 21, 2019",
      "snippet": "Affiliate tracking softwares allow you to keep track of your campaigns and optimize to increase affiliate marketing profits!",
      "sitelinks": {
        "inline": [
          {
            "title": "Affiliate Tracking Softwares ...",
            "link": "https://www.mobidea.com/academy/affiliate-tracking-platforms/#Affiliate-Tracking-Softwares-in-Review"
          },
          {
            "title": "List of the Best Affiliate ...",
            "link": "https://www.mobidea.com/academy/affiliate-tracking-platforms/#List-of-the-Best-Affiliate-Tracking-Softwares-and-Platforms"
          },
          {
            "title": "Binom",
            "link": "https://www.mobidea.com/academy/affiliate-tracking-platforms/#3-Binom"
          },
          {
            "title": "RedTrack",
            "link": "https://www.mobidea.com/academy/affiliate-tracking-platforms/#4-RedTrack"
          }
        ]
      },
      "cached_page_link": "https://webcache.googleusercontent.com/search?q=cache:4IJHWh_Y9kAJ:https://www.mobidea.com/academy/affiliate-tracking-platforms/+&cd=4&hl=en&ct=clnk&gl=us"
    },
    {
      "position": 5,
      "title": "Top 10 Affiliate Marketing Tracking Software Platforms",
      "link": "https://www.entrepreneur.com/article/291042",
      "displayed_link": "www.entrepreneur.com › article",
      "date": "Mar 24, 2017",
      "snippet": "Affiliate marketing is one of the most popular means of making some extra income online and letting people know about your ...",
      "cached_page_link": "https://webcache.googleusercontent.com/search?q=cache:-Vrm5nwxwrsJ:https://www.entrepreneur.com/article/291042+&cd=5&hl=en&ct=clnk&gl=us",
      "related_pages_link": "https://www.google.com/search?q=related:https://www.entrepreneur.com/article/291042+affiliate+tracker&tbo=1&sa=X&ved=2ahUKEwiOlrmL7JTnAhVxhq0KHa0KAYsQHzAEegQIBBAJ"
    },
    {
      "position": 6,
      "title": "The 7 Most Trusted Affiliate Tracking Software Solutions for 2019",
      "link": "https://www.namogoo.com/blog/the-7-most-trusted-affiliate-tracking-solutions-for-2019/",
      "displayed_link": "www.namogoo.com › eCommerce Hub › Consumer Data Insights",
      "date": "Jan 14, 2019",
      "snippet": "Not all is upward trending revenue graphs. Issues like click attribution, ad fraud, and conversion tracking have become commonplace. See the ...",
      "cached_page_link": "https://webcache.googleusercontent.com/search?q=cache:T2VEXiDVjccJ:https://www.namogoo.com/blog/the-7-most-trusted-affiliate-tracking-solutions-for-2019/+&cd=6&hl=en&ct=clnk&gl=us"
    },
    {
      "position": 7,
      "title": "Affiliate Tracker, by JoomlaThat! - Joomla Extension Directory",
      "link": "https://extensions.joomla.org/extension/affiliate-tracker/",
      "displayed_link": "extensions.joomla.org › extension › affiliate-tracker",
      "date": "Nov 18, 2014",
      "snippet": "Affiliate Tracker is a complete affiliate tracking tool for Joomla site owners to create a full Affiliate Program. Track referrals, comission sales ...",
      "rich_snippet": {
        "top": {
          "detected_extensions": {
            "rating": 4,
            "reviews": 10
          },
          "extensions": [
            "Rating: 4",
            "10 reviews"
          ]
        }
      },
      "cached_page_link": "https://webcache.googleusercontent.com/search?q=cache:puQ95XuZhakJ:https://extensions.joomla.org/extension/affiliate-tracker/+&cd=15&hl=en&ct=clnk&gl=us",
      "related_pages_link": "https://www.google.com/search?q=related:https://extensions.joomla.org/extension/affiliate-tracker/+affiliate+tracker&tbo=1&sa=X&ved=2ahUKEwiOlrmL7JTnAhVxhq0KHa0KAYsQHzAOegQIARAJ"
    },
    {
      "position": 8,
      "title": "The Best Affiliate Tracking Software Tools - Digital.com",
      "link": "https://digital.com/blog/affiliate-tracking/",
      "displayed_link": "digital.com › blog › affiliate-tracking",
      "date": "Dec 3, 2019",
      "snippet": "To succeed in affiliate marketing you need quality affiliate tracking software and a good affiliate network. Discover 21 of the best affiliate ...",
      "rich_snippet": {
        "bottom": {
          "questions": [
            "Where can I find affiliate products to promote?",
            "What percentage does Amazon pay affiliates?"
          ]
        }
      }
    },
    {
      "position": 9,
      "title": "Tapfiliate: Affiliate Tracking Software",
      "link": "https://tapfiliate.com/",
      "displayed_link": "tapfiliate.com",
      "snippet": "Create, track and grow your affiliate program. Tapfiliate helps businesses and influencers grow together, through affiliate marketing.",
      "cached_page_link": "https://webcache.googleusercontent.com/search?q=cache:6unKbBc7vocJ:https://tapfiliate.com/+&cd=18&hl=en&ct=clnk&gl=us",
      "related_pages_link": "https://www.google.com/search?q=related:https://tapfiliate.com/+affiliate+tracker&tbo=1&sa=X&ved=2ahUKEwiOlrmL7JTnAhVxhq0KHa0KAYsQHzARegQIAhAH"
    }
  ],
  "related_search_boxes": [
    {
      "position": 1,
      "query": "Top affiliate marketing platforms",
      "results": []
    }
  ],
  "related_searches": [
    {
      "query": "what is voluum",
      "link": "https://www.google.com/search?q=what+is+voluum&sa=X&ved=2ahUKEwiOlrmL7JTnAhVxhq0KHa0KAYsQ1QIoAHoECBUQAQ"
    },
    {
      "query": "ad tracking software",
      "link": "https://www.google.com/search?q=ad+tracking+software&sa=X&ved=2ahUKEwiOlrmL7JTnAhVxhq0KHa0KAYsQ1QIoAXoECBUQAg"
    },
    {
      "query": "everflow affiliate",
      "link": "https://www.google.com/search?q=everflow+affiliate&sa=X&ved=2ahUKEwiOlrmL7JTnAhVxhq0KHa0KAYsQ1QIoAnoECBUQAw"
    },
    {
      "query": "post affiliate pro",
      "link": "https://www.google.com/search?q=post+affiliate+pro&sa=X&ved=2ahUKEwiOlrmL7JTnAhVxhq0KHa0KAYsQ1QIoA3oECBUQBA"
    },
    {
      "query": "bemob",
      "link": "https://www.google.com/search?q=bemob&sa=X&ved=2ahUKEwiOlrmL7JTnAhVxhq0KHa0KAYsQ1QIoBHoECBUQBQ"
    },
    {
      "query": "voluum alternative",
      "link": "https://www.google.com/search?q=voluum+alternative&sa=X&ved=2ahUKEwiOlrmL7JTnAhVxhq0KHa0KAYsQ1QIoBXoECBUQBg"
    },
    {
      "query": "affiliate platform",
      "link": "https://www.google.com/search?q=affiliate+platform&sa=X&ved=2ahUKEwiOlrmL7JTnAhVxhq0KHa0KAYsQ1QIoBnoECBUQBw"
    },
    {
      "query": "redtrack",
      "link": "https://www.google.com/search?q=redtrack&sa=X&ved=2ahUKEwiOlrmL7JTnAhVxhq0KHa0KAYsQ1QIoB3oECBUQCA"
    }
  ],
  "pagination": {
    "current": 1,
    "next": "https://www.google.com/search?q=affiliate+tracker&ei=uwInXs7MEfGMtgWtlYTYCA&start=10&sa=N&ved=2ahUKEwiOlrmL7JTnAhVxhq0KHa0KAYsQ8NMDegQIDBBD",
    "other_pages": {
      "2": "https://www.google.com/search?q=affiliate+tracker&ei=uwInXs7MEfGMtgWtlYTYCA&start=10&sa=N&ved=2ahUKEwiOlrmL7JTnAhVxhq0KHa0KAYsQ8tMDegQIDBAx",
      "3": "https://www.google.com/search?q=affiliate+tracker&ei=uwInXs7MEfGMtgWtlYTYCA&start=20&sa=N&ved=2ahUKEwiOlrmL7JTnAhVxhq0KHa0KAYsQ8tMDegQIDBAz",
      "4": "https://www.google.com/search?q=affiliate+tracker&ei=uwInXs7MEfGMtgWtlYTYCA&start=30&sa=N&ved=2ahUKEwiOlrmL7JTnAhVxhq0KHa0KAYsQ8tMDegQIDBA1",
      "5": "https://www.google.com/search?q=affiliate+tracker&ei=uwInXs7MEfGMtgWtlYTYCA&start=40&sa=N&ved=2ahUKEwiOlrmL7JTnAhVxhq0KHa0KAYsQ8tMDegQIDBA3",
      "6": "https://www.google.com/search?q=affiliate+tracker&ei=uwInXs7MEfGMtgWtlYTYCA&start=50&sa=N&ved=2ahUKEwiOlrmL7JTnAhVxhq0KHa0KAYsQ8tMDegQIDBA5",
      "7": "https://www.google.com/search?q=affiliate+tracker&ei=uwInXs7MEfGMtgWtlYTYCA&start=60&sa=N&ved=2ahUKEwiOlrmL7JTnAhVxhq0KHa0KAYsQ8tMDegQIDBA7",
      "8": "https://www.google.com/search?q=affiliate+tracker&ei=uwInXs7MEfGMtgWtlYTYCA&start=70&sa=N&ved=2ahUKEwiOlrmL7JTnAhVxhq0KHa0KAYsQ8tMDegQIDBA9",
      "9": "https://www.google.com/search?q=affiliate+tracker&ei=uwInXs7MEfGMtgWtlYTYCA&start=80&sa=N&ved=2ahUKEwiOlrmL7JTnAhVxhq0KHa0KAYsQ8tMDegQIDBA_",
      "10": "https://www.google.com/search?q=affiliate+tracker&ei=uwInXs7MEfGMtgWtlYTYCA&start=90&sa=N&ved=2ahUKEwiOlrmL7JTnAhVxhq0KHa0KAYsQ8tMDegQIDBBB"
    }
  },
  "serpapi_pagination": {
    "current": 1,
    "next_link": "https://serpapi.com/search.json?device=desktop&engine=google&google_domain=google.com&q=affiliate+tracker&start=10&token=ee0e19033eb5e013",
    "next": "https://serpapi.com/search.json?device=desktop&engine=google&google_domain=google.com&q=affiliate+tracker&start=10&token=ee0e19033eb5e013",
    "other_pages": {
      "2": "https://serpapi.com/search.json?device=desktop&engine=google&google_domain=google.com&q=affiliate+tracker&start=10&token=ee0e19033eb5e013",
      "3": "https://serpapi.com/search.json?device=desktop&engine=google&google_domain=google.com&q=affiliate+tracker&start=20&token=10123237cc9ada7a",
      "4": "https://serpapi.com/search.json?device=desktop&engine=google&google_domain=google.com&q=affiliate+tracker&start=30&token=2a1d7983019f76a1",
      "5": "https://serpapi.com/search.json?device=desktop&engine=google&google_domain=google.com&q=affiliate+tracker&start=40&token=0e084e98992d90b6",
      "6": "https://serpapi.com/search.json?device=desktop&engine=google&google_domain=google.com&q=affiliate+tracker&start=50&token=c14bbd88429e55be",
      "7": "https://serpapi.com/search.json?device=desktop&engine=google&google_domain=google.com&q=affiliate+tracker&start=60&token=b8897aa35fc1c7fe",
      "8": "https://serpapi.com/search.json?device=desktop&engine=google&google_domain=google.com&q=affiliate+tracker&start=70&token=a19594142c2340ad",
      "9": "https://serpapi.com/search.json?device=desktop&engine=google&google_domain=google.com&q=affiliate+tracker&start=80&token=77856a2330946585",
      "10": "https://serpapi.com/search.json?device=desktop&engine=google&google_domain=google.com&q=affiliate+tracker&start=90&token=071ff026d5ed704e"
    }
  }
}