{
  "search_metadata": {
    "id": "",
    "status": "Success",
    "json_endpoint": "",
    "created_at": "2020-01-21 14:46:16 UTC",
    "processed_at": "2020-01-21 14:46:16 UTC",
    "google_url": "https://www.google.com/search?q=affiliate+nutra&oq=affiliate+nutra&sourceid=chrome&ie=UTF-8",
    "raw_html_file": "",
    "total_time_taken": 1.2
  },
  "search_parameters": {
    "engine": "google",
    "q": "affiliate nutra",
    "google_domain": "google.com",
    "device": "desktop"
  },
  "search_information": {
    "organic_results_state": "Results for exact spelling",
    "total_results": 266000,
    "time_taken_displayed": 0.4,
    "query_displayed": "affiliate nutra"
  },
  "ads": [
    {
      "position": 1,
      "block_position": "top",
      "title": "Nutra Affiliate Network | Run Nutra Offers in Any GEO‎",
      "link": "https://gurumedia.com/",
      "displayed_link": "www.gurumedia.com/",
      "tracking_link": "https://www.google.com/aclk?sa=l&ai=DChcSEwjM46PD95TnAhUN1WQKHcAPAkcYABAAGgJwag&sig=AOD64_2vDurDBRdbQ-cDSN6Zurdb4l-gNA&q=&ved=2ahUKEwinwZ3D95TnAhVnIDQIHZ74BpMQ0Qx6BAgMEAE&adurl=",
      "description": "1000+ offers. 35+ verticals. Weekly payments. VIP support. Now accepting new affiliates. Modern Campaigns. Sign Up Online. Wide Array Of Solutions. Dedicated Professionals. Highlights: Team Of Marketing Professionals Available, Offering Wide Array Of Solutions.",
      "sitelinks": [
        {
          "title": "Solutions For Publishers",
          "link": "https://gurumedia.com/solutions/publishers/"
        },
        {
          "title": "Account Login",
          "link": "https://gurumedia.com/login/"
        },
        {
          "title": "Log In",
          "link": "https://gurumedia.com/login/"
        },
        {
          "title": "Contact Us",
          "link": "https://gurumedia.com/contact/"
        },
        {
          "title": "Advertiser Solutions",
          "link": "https://gurumedia.com/solutions/advertisers/"
        }
      ]
    }
  ],
  "knowledge_graph": {},
  "organic_results": [
    {
      "position": 1,
      "title": "Affiliate Nutra | Private Label Supplement Supplier",
      "link": "http://www.affiliatenutra.com/",
      "displayed_link": "www.affiliatenutra.com",
      "snippet": "Affiliate Nutra is your one stop shop for private label supplements. Our services range from contract manufacturing, custom in-house formulation, private labeling, ...",
      "sitelinks": {
        "inline": [
          {
            "title": "Private Label",
            "link": "http://www.affiliatenutra.com/private-label/"
          },
          {
            "title": "Custom Formula",
            "link": "http://www.affiliatenutra.com/custom-formula/"
          },
          {
            "title": "About Us",
            "link": "http://www.affiliatenutra.com/about-us/"
          },
          {
            "title": "Contact",
            "link": "http://www.affiliatenutra.com/contact/"
          }
        ]
      },
      "cached_page_link": "http://webcache.googleusercontent.com/search?q=cache:0viKGRYz2Y4J:www.affiliatenutra.com/+&cd=1&hl=en&ct=clnk&gl=us",
      "related_pages_link": "https://www.google.com/search?q=related:www.affiliatenutra.com/+affiliate+nutra&tbo=1&sa=X&ved=2ahUKEwinwZ3D95TnAhVnIDQIHZ74BpMQHzAAegQIAhAH"
    },
    {
      "position": 2,
      "title": "Affiliate Nutra - Home | Facebook",
      "link": "https://www.facebook.com/affiliatenutra",
      "displayed_link": "www.facebook.com › ... › Alternative & Holistic Health Service",
      "snippet": "Affiliate Nutra. 83 likes · 4 were here. Nutrition, Diet & Skin! Developing the highest quality finished products, in a wide variety of all dosage forms,...",
      "rich_snippet": {
        "top": {
          "detected_extensions": {
            "rating": 5,
            "votes": 2
          },
          "extensions": [
            "Rating: 5",
            "2 votes",
            "Price range: $"
          ]
        }
      },
      "cached_page_link": "https://webcache.googleusercontent.com/search?q=cache:sxaTiaUyegsJ:https://www.facebook.com/affiliatenutra+&cd=2&hl=en&ct=clnk&gl=us"
    },
    {
      "position": 3,
      "title": "Affiliate Nutra - 12 Photos - Health/Beauty - 4467 Park Dr ...",
      "link": "https://www.facebook.com/affiliatenutra16/",
      "displayed_link": "www.facebook.com › Places › Norcross Mobile Home City, Georgia",
      "snippet": "Affiliate Nutra, Norcross Mobile Home City, Georgia. 260 likes · 1 was here. Complete FDA registered and Current Good Manufacturing Practice (cGMP)...",
      "cached_page_link": "https://webcache.googleusercontent.com/search?q=cache:IEsFufmHb1wJ:https://www.facebook.com/affiliatenutra16/+&cd=3&hl=en&ct=clnk&gl=us"
    },
    {
      "position": 4,
      "title": "Affiliate Nutra - Affiliate Summit - Affiliate Summit is the ...",
      "link": "https://www.affiliatesummit.com/exhibitors/affiliate-nutra",
      "displayed_link": "www.affiliatesummit.com › exhibitors › affiliate-nutra",
      "snippet": "Affiliate Nutra allows you to focus on what you do best, developing world-class dietary supplements. Then we focus on what we do better than anyone else in the ...",
      "cached_page_link": "https://webcache.googleusercontent.com/search?q=cache:ytzm0tb44F4J:https://www.affiliatesummit.com/exhibitors/affiliate-nutra+&cd=4&hl=en&ct=clnk&gl=us"
    },
    {
      "position": 5,
      "title": "Affiliate Nutra | LinkedIn",
      "link": "https://www.linkedin.com/company/affiliate-nutra",
      "displayed_link": "www.linkedin.com › company › affiliate-nutra",
      "snippet": "Learn about working at Affiliate Nutra. Join LinkedIn today for free. See who you know at Affiliate Nutra, leverage your professional network, and get hired."
    },
    {
      "position": 6,
      "title": "Kevin Harden - Senior Vice President - Affiliate Nutra | LinkedIn",
      "link": "https://www.linkedin.com/in/kevin-harden-4b832a15",
      "displayed_link": "www.linkedin.com › ...",
      "snippet": "View Kevin Harden's profile on LinkedIn, the world's largest professional community. Kevin has 3 jobs listed on their profile. See the complete profile on LinkedIn ...",
      "related_pages_link": "https://www.google.com/search?q=related:https://www.linkedin.com/in/kevin-harden-4b832a15+affiliate+nutra&tbo=1&sa=X&ved=2ahUKEwinwZ3D95TnAhVnIDQIHZ74BpMQHzAFegQICRAI"
    },
    {
      "position": 7,
      "title": "Affiliate Nutra | Better Business Bureau® Profile",
      "link": "https://www.bbb.org/us/ga/norcross/profile/nutrition/affiliate-nutra-0443-28122527",
      "displayed_link": "www.bbb.org › profile › nutrition › affiliate-nutra-0443-28122527",
      "snippet": "This organization is not BBB accredited. Nutrition in Norcross, GA. See BBB rating, reviews, complaints, & more.",
      "cached_page_link": "https://webcache.googleusercontent.com/search?q=cache:SeTCSAikkVcJ:https://www.bbb.org/us/ga/norcross/profile/nutrition/affiliate-nutra-0443-28122527+&cd=7&hl=en&ct=clnk&gl=us"
    },
    {
      "position": 8,
      "title": "Nutra Affiliate Networks, Programs and Offers - Business of Apps",
      "link": "https://www.businessofapps.com/affiliate/nutra/",
      "displayed_link": "www.businessofapps.com › affiliate › nutra",
      "snippet": "Nutra affiliate networks connect publishers with affiliate programs that advertise health and beauty related products or co-called Nutra. Given the nature of these ...",
      "cached_page_link": "https://webcache.googleusercontent.com/search?q=cache:vUMKc9fXi1wJ:https://www.businessofapps.com/affiliate/nutra/+&cd=8&hl=en&ct=clnk&gl=us"
    },
    {
      "position": 9,
      "title": "Affiliate Nutra | Apollo - Apollo.io",
      "link": "https://www.apollo.io/companies/Affiliate-Nutra/5d51bc654ffdc700ea80f22a",
      "displayed_link": "www.apollo.io › companies › Affiliate-Nutra",
      "snippet": "Access Contacts, Notable Alumni, Similar Companies, Technologies Used, Job Postings and more for free.",
      "cached_page_link": "https://webcache.googleusercontent.com/search?q=cache:aH6yc9YA9gIJ:https://www.apollo.io/companies/Affiliate-Nutra/5d51bc654ffdc700ea80f22a+&cd=9&hl=en&ct=clnk&gl=us"
    },
    {
      "position": 10,
      "title": "Kevin Harden - Business Profile | Affiliate Nutra | ZoomInfo.com",
      "link": "https://www.zoominfo.com/p/Kevin-Harden/-1033785757",
      "displayed_link": "www.zoominfo.com › Kevin-Harden",
      "snippet": "View Kevin Harden's business profile as Vice President, Sales at Affiliate Nutra. Find contact's direct phone number, email address, work history, and more.",
      "cached_page_link": "https://webcache.googleusercontent.com/search?q=cache:1xeckGQPkGMJ:https://www.zoominfo.com/p/Kevin-Harden/-1033785757+&cd=10&hl=en&ct=clnk&gl=us"
    }
  ],
  "pagination": {
    "current": 1,
    "next": "https://www.google.com/search?q=affiliate+nutra&ei=uQ4nXueABOfA0PEPnvGbmAk&start=10&sa=N&ved=2ahUKEwinwZ3D95TnAhVnIDQIHZ74BpMQ8NMDegQICxBA",
    "other_pages": {
      "2": "https://www.google.com/search?q=affiliate+nutra&ei=uQ4nXueABOfA0PEPnvGbmAk&start=10&sa=N&ved=2ahUKEwinwZ3D95TnAhVnIDQIHZ74BpMQ8tMDegQICxAu",
      "3": "https://www.google.com/search?q=affiliate+nutra&ei=uQ4nXueABOfA0PEPnvGbmAk&start=20&sa=N&ved=2ahUKEwinwZ3D95TnAhVnIDQIHZ74BpMQ8tMDegQICxAw",
      "4": "https://www.google.com/search?q=affiliate+nutra&ei=uQ4nXueABOfA0PEPnvGbmAk&start=30&sa=N&ved=2ahUKEwinwZ3D95TnAhVnIDQIHZ74BpMQ8tMDegQICxAy",
      "5": "https://www.google.com/search?q=affiliate+nutra&ei=uQ4nXueABOfA0PEPnvGbmAk&start=40&sa=N&ved=2ahUKEwinwZ3D95TnAhVnIDQIHZ74BpMQ8tMDegQICxA0",
      "6": "https://www.google.com/search?q=affiliate+nutra&ei=uQ4nXueABOfA0PEPnvGbmAk&start=50&sa=N&ved=2ahUKEwinwZ3D95TnAhVnIDQIHZ74BpMQ8tMDegQICxA2",
      "7": "https://www.google.com/search?q=affiliate+nutra&ei=uQ4nXueABOfA0PEPnvGbmAk&start=60&sa=N&ved=2ahUKEwinwZ3D95TnAhVnIDQIHZ74BpMQ8tMDegQICxA4",
      "8": "https://www.google.com/search?q=affiliate+nutra&ei=uQ4nXueABOfA0PEPnvGbmAk&start=70&sa=N&ved=2ahUKEwinwZ3D95TnAhVnIDQIHZ74BpMQ8tMDegQICxA6",
      "9": "https://www.google.com/search?q=affiliate+nutra&ei=uQ4nXueABOfA0PEPnvGbmAk&start=80&sa=N&ved=2ahUKEwinwZ3D95TnAhVnIDQIHZ74BpMQ8tMDegQICxA8",
      "10": "https://www.google.com/search?q=affiliate+nutra&ei=uQ4nXueABOfA0PEPnvGbmAk&start=90&sa=N&ved=2ahUKEwinwZ3D95TnAhVnIDQIHZ74BpMQ8tMDegQICxA-"
    }
  },
  "serpapi_pagination": {
    "current": 1,
    "next_link": "https://serpapi.com/search.json?device=desktop&engine=google&google_domain=google.com&q=affiliate+nutra&start=10&token=19920d07427cf348",
    "next": "https://serpapi.com/search.json?device=desktop&engine=google&google_domain=google.com&q=affiliate+nutra&start=10&token=19920d07427cf348",
    "other_pages": {
      "2": "https://serpapi.com/search.json?device=desktop&engine=google&google_domain=google.com&q=affiliate+nutra&start=10&token=19920d07427cf348",
      "3": "https://serpapi.com/search.json?device=desktop&engine=google&google_domain=google.com&q=affiliate+nutra&start=20&token=37a31e4517da73c3",
      "4": "https://serpapi.com/search.json?device=desktop&engine=google&google_domain=google.com&q=affiliate+nutra&start=30&token=45829b6135006194",
      "5": "https://serpapi.com/search.json?device=desktop&engine=google&google_domain=google.com&q=affiliate+nutra&start=40&token=365156b28794f6d1",
      "6": "https://serpapi.com/search.json?device=desktop&engine=google&google_domain=google.com&q=affiliate+nutra&start=50&token=4287067168dfe709",
      "7": "https://serpapi.com/search.json?device=desktop&engine=google&google_domain=google.com&q=affiliate+nutra&start=60&token=80c831ab411d2355",
      "8": "https://serpapi.com/search.json?device=desktop&engine=google&google_domain=google.com&q=affiliate+nutra&start=70&token=97579d8dd79bb42c",
      "9": "https://serpapi.com/search.json?device=desktop&engine=google&google_domain=google.com&q=affiliate+nutra&start=80&token=2596f506507f78ed",
      "10": "https://serpapi.com/search.json?device=desktop&engine=google&google_domain=google.com&q=affiliate+nutra&start=90&token=d94e8a4620b5d393"
    }
  }
}